Date/Time Start,2019-02-22 09:24:08.271769
Episode,Score,Mem Lenght,Epsilon,Global Step,Average_q,Average_Loss,Frames
0,6.0,631,1.0,631,0.030114784108758234,0.0,631
1,8.0,1429,0.9996139000000127,1429,0.03668489152032247,0.002623015018089565,1429
2,9.0,2210,0.9989110000000359,2210,0.05457746992591249,0.004848203938988953,2210
3,7.0,2846,0.9983386000000547,2846,0.05642210018569194,0.0046171035764985295,2846
4,12.0,3696,0.9975736000000799,3696,0.056261433213949205,0.00509277693596446,3696
5,4.0,4063,0.9972433000000908,4063,0.06484511193162089,0.005101727432013383,4063
6,10.0,4880,0.996508000000115,4880,0.05625136073044931,0.005078701606899538,4880
7,6.0,5489,0.995959900000133,5489,0.05943031798687279,0.0056721445627133295,5489
8,7.0,6134,0.9953794000001521,6134,0.056208963253239326,0.005736883335079919,6134
9,6.0,6764,0.9948124000001708,6764,0.05692088535380742,0.0055644016092541975,6764
10,11.0,7565,0.9940915000001945,7565,0.05649243469132615,0.005131627145905969,7565
11,9.0,8324,0.993408400000217,8324,0.05805752974626889,0.005339609154693748,8324
12,10.0,9113,0.9926983000002404,9113,0.05577656250395098,0.005575775999037635,9113
13,3.0,9501,0.9923491000002519,9501,0.0703328704154215,0.006002255522241857,9501
14,10.0,10284,0.9916444000002751,10284,0.064852611110623,0.0053177560899482276,10284
15,6.0,10683,0.9912853000002869,10683,0.09141180206809127,0.006234602497963971,10683
16,4.0,11082,0.9909262000002987,11082,0.09226284798860251,0.005179596913698798,11082
17,8.0,11869,0.9902179000003221,11869,0.08409355130647765,0.005401161216007505,11869
18,11.0,12655,0.9895105000003453,12655,0.08681131643894822,0.0059946814975306555,12655
19,9.0,13440,0.9888040000003686,13440,0.08979571268531927,0.005842326467440228,13440
20,6.0,14076,0.9882316000003875,14076,0.0890792472545737,0.00598494376929423,14076
21,9.0,14893,0.9874963000004117,14893,0.08272095313671898,0.005328114115752015,14893
22,6.0,15508,0.9869428000004299,15508,0.08156217754614062,0.0058638697147712,15508
23,8.0,16267,0.9862597000004524,16267,0.08458291646952057,0.005731075603429171,16267
24,6.0,16912,0.9856792000004715,16912,0.08794863593670749,0.0052458656601411064,16912
25,10.0,17719,0.9849529000004954,17719,0.08754789580901463,0.005788249157260331,17719
26,4.0,18104,0.9846064000005068,18104,0.09588673415702659,0.00564288885412774,18104
27,3.0,18488,0.9842608000005182,18488,0.09394797496497631,0.005128152513321993,18488
28,5.0,18883,0.9839053000005299,18883,0.09008666623053671,0.0056046080583068425,18883
29,9.0,19654,0.9832114000005527,19654,0.08222010015629609,0.005194207574769149,19654
30,11.0,20483,0.9824653000005773,20483,0.09843309238031776,0.005785402411619071,20483
31,12.0,21319,0.9817129000006021,21319,0.11524127352465853,0.005494489919237387,21319
32,4.0,21704,0.9813664000006135,21704,0.12246786732371752,0.005130626502295264,21704
33,8.0,22461,0.9806851000006359,22461,0.10959911033944221,0.005837961655513653,22461
34,6.0,22843,0.9803413000006472,22843,0.12299797256813623,0.005951049016979148,22843
35,9.0,23632,0.9796312000006706,23632,0.10716796422280438,0.005454338180862222,23632
36,6.0,24274,0.9790534000006896,24274,0.10712134542169972,0.005892289218598795,24274
37,6.0,24913,0.9784783000007086,24913,0.10718630689177341,0.005212039008839954,24913
38,10.0,25713,0.9777583000007323,25713,0.1173944346792996,0.005580497077476139,25713
39,6.0,26341,0.9771931000007509,26341,0.1052623273104809,0.0059064407745678576,26341
40,9.0,27113,0.9764983000007738,27113,0.1082459348857094,0.005332633857576839,27113
41,3.0,27512,0.9761392000007856,27512,0.12610013002441042,0.0054948418825521384,27512
42,6.0,28146,0.9755686000008044,28146,0.10432326987573777,0.0055328004474587125,28146
43,6.0,28780,0.9749980000008232,28780,0.1060350007650792,0.005500072439527378,28780
44,6.0,29431,0.9744121000008424,29431,0.10027799274652235,0.005422797228585923,29431
45,5.0,29833,0.9740503000008544,29833,0.11387766104432481,0.0055141806621229,29833
46,9.0,30613,0.9733483000008775,30613,0.12516910036404927,0.006022892223681527,30613
47,5.0,31007,0.9729937000008891,31007,0.14060814497131988,0.005934309556249701,31007
48,7.0,31658,0.9724078000009084,31658,0.13643787299982413,0.005435694891546521,31658
49,5.0,32052,0.9720532000009201,32052,0.14062066368645218,0.0057274071766699715,32052
50,10.0,32861,0.9713251000009441,32861,0.1300246716466616,0.005730489246670869,32861
51,13.0,33690,0.9705790000009686,33690,0.12964080699210576,0.005288230410037992,33690
52,11.0,34463,0.9698833000009915,34463,0.13034256442629505,0.005538183810272348,34463
53,4.0,34847,0.9695377000010029,34847,0.14492093139172843,0.004756743281224847,34847
54,10.0,35711,0.9687601000010285,35711,0.12553926595245246,0.005725740433726295,35711
55,6.0,36361,0.9681751000010478,36361,0.14334326167519276,0.005333929873063775,36361
56,10.0,37150,0.9674650000010712,37150,0.13049558231888012,0.004994487615430719,37150
57,6.0,37805,0.9668755000010906,37805,0.13580406477660623,0.005568944533769431,37805
58,5.0,38431,0.9663121000011091,38431,0.15129645573445402,0.005982820057908885,38431
59,9.0,39230,0.9655930000011328,39230,0.132062322328401,0.005605503796828265,39230
60,4.0,39617,0.9652447000011443,39617,0.1440190454940155,0.005743297824646405,39617
61,7.0,40276,0.9646516000011638,40276,0.1357410301501002,0.005454487093628343,40276
62,8.0,41046,0.9639586000011866,41046,0.1520327636367315,0.005582275490035369,41046
63,10.0,41834,0.96324940000121,41834,0.14720695026143252,0.004986254869307111,41834
64,4.0,42230,0.9628930000012217,42230,0.16365331016255147,0.005538153094326991,42230
65,6.0,42874,0.9623134000012408,42874,0.15223882733757452,0.005553028929583357,42874
66,11.0,43666,0.9616006000012642,43666,0.1410938086308012,0.005595204192187256,43666
67,9.0,44451,0.9608941000012875,44451,0.14949456800700753,0.005888818358884943,44451
68,8.0,45215,0.9602065000013101,45215,0.13757419650545294,0.004920515641194103,45215
69,4.0,45596,0.9598636000013214,45596,0.17171467527786266,0.005920118149851581,45596
70,11.0,46437,0.9591067000013463,46437,0.14997870341279987,0.005656432103243223,46437
71,4.0,46822,0.9587602000013578,46822,0.16772261788318685,0.005809876081146687,46822
72,5.0,47214,0.9584074000013694,47214,0.17203338527861906,0.005998395785503149,47214
73,6.0,47856,0.9578296000013884,47856,0.1336629626999763,0.005264860929835953,47856
74,12.0,48656,0.9571096000014121,48656,0.13947537494823337,0.005489424153156505,48656
75,6.0,49283,0.9565453000014307,49283,0.13214487117823612,0.005518941551282039,49283
76,9.0,50060,0.9558460000014537,50060,0.14084513238037874,0.00536054275587424,50060
77,6.0,50678,0.955289800001472,50678,0.19510649846306125,0.005682922944868133,50678
78,6.0,51334,0.9546994000014914,51334,0.14822400667954508,0.005156447221596442,51334
79,6.0,51990,0.9541090000015109,51990,0.15583587281133343,0.005134100465810905,51990
80,11.0,52794,0.9533854000015347,52794,0.159395811773503,0.00562907211400245,52794
81,9.0,53575,0.9526825000015579,53575,0.16561880190683845,0.005998498207656816,53575
82,6.0,54191,0.9521281000015761,54191,0.1545196593098052,0.004876911264912085,54191
83,9.0,54989,0.9514099000015998,54989,0.16247199507509558,0.005319529166547255,54989
84,9.0,55792,0.9506872000016235,55792,0.16523149576163382,0.005471191345791957,55792
85,11.0,56604,0.9499564000016476,56604,0.16954877189007297,0.0061123509899807865,56604
86,10.0,57406,0.9492346000016714,57406,0.1698924107778994,0.0058826773011626705,57406
87,9.0,58177,0.9485407000016942,58177,0.1554071984982212,0.00543265278874981,58177
88,10.0,58976,0.9478216000017179,58976,0.16931433470287968,0.0055942525620283345,58976
89,6.0,59619,0.9472429000017369,59619,0.14743350230701974,0.005306944010048633,59619
90,9.0,60396,0.94654360000176,60396,0.18071890017317374,0.005415619877338972,60396
91,10.0,61185,0.9458335000017833,61185,0.18468711756556963,0.0056254964108774065,61185
92,9.0,61941,0.9451531000018057,61941,0.18981738295898867,0.00543059187909647,61941
93,10.0,62713,0.9444583000018286,62713,0.19597916260670503,0.006431934088899831,62713
94,9.0,63491,0.9437581000018517,63491,0.19208052137670295,0.005558966396775714,63491
95,7.0,64134,0.9431794000018707,64134,0.20323038557732642,0.006022964264492053,64134
96,9.0,64915,0.9424765000018939,64915,0.1940891004898484,0.005983049931081707,64915
97,4.0,65303,0.9421273000019054,65303,0.22301328573952017,0.00691764073263519,65303
98,9.0,66063,0.9414433000019279,66063,0.20054952541464252,0.005215422623749825,66063
99,5.0,66697,0.9408727000019467,66697,0.22212401967883486,0.005254077956244593,66697
100,10.0,67487,0.9401617000019701,67487,0.17985767620273782,0.0053262692702089765,67487
101,6.0,68139,0.9395749000019894,68139,0.19521130356320573,0.005389545685327769,68139
102,10.0,68918,0.9388738000020125,68918,0.1929644277948164,0.0053609943828590795,68918
103,6.0,69581,0.9382771000020321,69581,0.19868579419220195,0.006080243193030982,69581
104,11.0,70411,0.9375301000020567,70411,0.20403474784759154,0.005543814631756142,70411
105,3.0,70816,0.9371656000020687,70816,0.26313962079124686,0.005958054894883254,70816
106,6.0,71463,0.9365833000020879,71463,0.19325373834214954,0.005048374750502886,71463
107,6.0,72073,0.936034300002106,72073,0.1851865599389936,0.004912695779940342,72073
108,10.0,72899,0.9352909000021304,72899,0.24841441383662005,0.005548625454207523,72899
109,6.0,73537,0.9347167000021493,73537,0.19149637605329292,0.005514731901638238,73537
110,15.0,74618,0.9337438000021814,74618,0.2115917781317929,0.005637642216322053,74618
111,9.0,75384,0.9330544000022041,75384,0.23397045648673806,0.005407811567672804,75384
112,11.0,76194,0.9323254000022281,76194,0.22143078321292076,0.006030701214852197,76194
113,11.0,77002,0.931598200002252,77002,0.19951742813728823,0.005561384326974443,77002
114,10.0,77793,0.9308863000022755,77793,0.19735916640830853,0.005648387350758039,77793
115,6.0,78461,0.9302851000022953,78461,0.23833407936785037,0.0058909247541205165,78461
116,2.0,78849,0.9299359000023067,78849,0.28841797419890913,0.005013155326036888,78849
117,6.0,79482,0.9293662000023255,79482,0.22780469947422474,0.005942550266836421,79482
118,5.0,80118,0.9287938000023443,80118,0.2816825868479861,0.005973533019607443,80118
119,4.0,80502,0.9284482000023557,80502,0.30995073573042947,0.00651190599067301,80502
120,6.0,81135,0.9278785000023745,81135,0.2187749088799219,0.005467414473825576,81135
121,12.0,82028,0.927074800002401,82028,0.22838616529677777,0.005885781258310299,82028
122,4.0,82432,0.9267112000024129,82432,0.30206992469801763,0.005354704528613048,82432
123,6.0,83034,0.9261694000024308,83034,0.2724547459932657,0.005568640697620321,83034
124,10.0,83812,0.9254692000024538,83812,0.24504230079506847,0.005971113102693723,83812
125,10.0,84581,0.9247771000024766,84581,0.25375981516506335,0.005959559871069724,84581
126,7.0,85228,0.9241948000024958,85228,0.21663896318012632,0.005294543757835073,85228
127,15.0,86160,0.9233560000025234,86160,0.2847963581621135,0.005960455053784338,86160
128,11.0,86958,0.922637800002547,86958,0.26231676474549714,0.006103880930052476,86958
129,5.0,87587,0.9220717000025657,87587,0.32106664255616774,0.0055796355977278745,87587
130,6.0,88234,0.9214894000025848,88234,0.2739793502796194,0.006119457636603588,88234
131,4.0,88631,0.9211321000025966,88631,0.30295097854185465,0.005505190343839135,88631
132,10.0,89425,0.9204175000026201,89425,0.2556665444591784,0.005447857274657165,89425
133,9.0,90292,0.9196372000026458,90292,0.28211788860640585,0.006017540671101732,90292
134,6.0,90958,0.9190378000026656,90958,0.30209646414260605,0.005765969549885541,90958
135,5.0,91363,0.9186733000026776,91363,0.3375066642408018,0.005918805658447924,91363
136,5.0,91985,0.918113500002696,91985,0.3904351070044125,0.0062119749489231366,91985
137,10.0,92778,0.9173998000027195,92778,0.30969329473349966,0.005821632828209214,92778
138,4.0,93193,0.9170263000027318,93193,0.3499571583357202,0.006197835431582889,93193
139,9.0,94003,0.9162973000027558,94003,0.3437181734376483,0.005442456170720016,94003
140,8.0,94766,0.9156106000027784,94766,0.3146761827082965,0.0056538059405779875,94766
141,4.0,95139,0.9152749000027894,95139,0.37292114723144204,0.00594914358912283,95139
142,5.0,95532,0.9149212000028011,95532,0.3786658975686736,0.005446688721668711,95532
143,4.0,95894,0.9145954000028118,95894,0.44222554659151897,0.00579503259214911,95894
144,4.0,96291,0.9142381000028236,96291,0.3604175077202338,0.006373576116493037,96291
145,11.0,97098,0.9135118000028475,97098,0.2922889096327726,0.005481725118799271,97098
146,6.0,97749,0.9129259000028668,97749,0.2638008334715429,0.0049247457067948105,97749
147,6.0,98400,0.9123400000028861,98400,0.3255231966666545,0.006480785426150377,98400
148,6.0,99048,0.9117568000029053,99048,0.2755927772571643,0.005890276189168134,99048
149,5.0,99450,0.9113950000029172,99450,0.3651818144158344,0.0059010787866358065,99450
150,9.0,100256,0.9106696000029411,100256,0.29131318338529644,0.005587073507458468,100256
151,8.0,101017,0.9099847000029636,101017,0.31524058052494086,0.0060382508541118205,101017
152,10.0,101794,0.9092854000029866,101794,0.33231431376212966,0.005434590880202829,101794
153,2.0,102152,0.9089632000029972,102152,0.5432549849485552,0.005360836901855798,102152
154,6.0,102799,0.9083809000030164,102799,0.2890808091742178,0.005984736243456763,102799
155,5.0,103167,0.9080497000030273,103167,0.3884443217969459,0.005578658723962966,103167
156,5.0,103552,0.9077032000030387,103552,0.4007094964578554,0.006201963381979361,103552
157,8.0,104314,0.9070174000030613,104314,0.34028727590568425,0.006302590174312881,104314
158,5.0,104937,0.9064567000030798,104937,0.3722960011821306,0.005700369669818865,104937
159,10.0,105727,0.9057457000031032,105727,0.3320092251972307,0.005932523081654939,105727
160,9.0,106506,0.9050446000031263,106506,0.3429999354562037,0.006392659570536333,106506
161,10.0,107287,0.9043417000031494,107287,0.3314214817960192,0.005753558082556368,107287
162,5.0,107686,0.9039826000031612,107686,0.3625061998241826,0.006183379987786631,107686
163,8.0,108444,0.9033004000031837,108444,0.3198700455019845,0.0050692591000242974,108444
164,6.0,109056,0.9027496000032018,109056,0.3349873262877558,0.006000309099725831,109056
165,10.0,109852,0.9020332000032254,109852,0.36384524609051155,0.005780071059659655,109852
166,6.0,110509,0.9014419000032449,110509,0.32581662771092157,0.006195000963021283,110509
167,6.0,111158,0.9008578000032641,111158,0.4231143290713682,0.006227552007505482,111158
168,8.0,111919,0.9001729000032866,111919,0.39533263182514755,0.0060498529069389385,111919
169,6.0,112531,0.8996221000033048,112531,0.42516466493115707,0.005890315172924079,112531
170,9.0,113327,0.8989057000033284,113327,0.3838676592924787,0.005202402070503397,113327
171,11.0,114137,0.8981767000033524,114137,0.34694011329132834,0.005822661475897882,114137
172,7.0,114917,0.8974747000033755,114917,0.39316156067145175,0.006093592788592781,114917
173,11.0,115694,0.8967754000033985,115694,0.3722318826840191,0.005781775491669183,115694
174,6.0,116309,0.8962219000034167,116309,0.3319343662358881,0.005739594205368757,116309
175,4.0,116706,0.8958646000034285,116706,0.44579855575969896,0.005289676586503687,116706
176,15.0,118587,0.8941717000034842,118587,0.28583360597657625,0.006069079509981515,118587
177,7.0,119221,0.893601100003503,119221,0.36723598424192483,0.0061003373894527035,119221
178,11.0,120075,0.8928325000035283,120075,0.3579073130246906,0.0060199840284395414,120075
179,3.0,120459,0.8924869000035397,120459,0.494117368129082,0.005808844648678739,120459
180,10.0,121237,0.8917867000035627,121237,0.39364790881967177,0.005878394508598478,121237
181,3.0,121634,0.8914294000035745,121634,0.5088536071236848,0.00575038997651581,121634
182,11.0,122448,0.8906968000035986,122448,0.39461696442646826,0.006081045215951705,122448
183,6.0,123098,0.8901118000036179,123098,0.3961064580999888,0.005901372679352509,123098
184,9.0,123875,0.8894125000036409,123875,0.3917260676852525,0.005886799632210181,123875
185,5.0,124287,0.8890417000036531,124287,0.4143070096095789,0.004906835537872874,124287
186,6.0,124921,0.8884711000036719,124921,0.3884681483219475,0.005419804048215844,124921
187,10.0,125745,0.8877295000036963,125745,0.39646486818645765,0.005740637450357611,125745
188,2.0,126113,0.8873983000037072,126113,0.5521746183057195,0.005505688827843583,126113
189,9.0,126914,0.886677400003731,126914,0.4489764715736725,0.005764049481554088,126914
190,3.0,127296,0.8863336000037423,127296,0.49183520534275715,0.006680981377130545,127296
191,11.0,128104,0.8856064000037662,128104,0.43387059030113834,0.005946285869147615,128104
192,6.0,128727,0.8850457000037847,128727,0.35668155998230744,0.0066263033594496255,128727
193,7.0,129365,0.8844715000038036,129365,0.4156365908191869,0.005707669356140106,129365
194,6.0,129747,0.8841277000038149,129747,0.43392589399639847,0.005798312578279756,129747
195,17.0,130737,0.8832367000038442,130737,0.386577015347553,0.005705779207713968,130737
196,6.0,131356,0.8826796000038626,131356,0.33966685345273023,0.006179051128228689,131356
197,3.0,131751,0.8823241000038743,131751,0.5208936427590213,0.0055548441024567885,131751
198,10.0,132543,0.8816113000038978,132543,0.4193184122330312,0.006096495761084952,132543
199,4.0,132944,0.8812504000039096,132944,0.4703275924757532,0.005945122569860099,132944
200,6.0,133572,0.8806852000039282,133572,0.35419276190601334,0.005614980554157089,133572
201,10.0,134335,0.8799985000039509,134335,0.3806223293197577,0.005678945329297531,134335
202,3.0,134714,0.8796574000039621,134714,0.5336810117267996,0.005778945035161082,134714
203,7.0,135335,0.8790985000039805,135335,0.35263151863826836,0.0054703625005290465,135335
204,7.0,135996,0.8785036000040001,135996,0.34531398636039556,0.006488582767467275,135996
205,3.0,136366,0.878170600004011,136366,0.6203525816669335,0.005974108072680522,136366
206,2.0,136754,0.8778214000040225,136754,0.5511183115010408,0.00527099513967243,136754
207,6.0,137383,0.8772553000040412,137383,0.3656077273841503,0.005989928722752862,137383
208,6.0,138022,0.8766802000040601,138022,0.36946808956038785,0.00604404071494405,138022
209,5.0,138654,0.8761114000040788,138654,0.5234915564378982,0.006253327777064638,138654
210,7.0,139449,0.8753959000041024,139449,0.4457111424807483,0.005752358578731974,139449
211,9.0,140246,0.874678600004126,140246,0.4507952890962998,0.006161049329771408,140246
212,11.0,141066,0.8739406000041503,141066,0.4914091751161145,0.006385894019526526,141066
213,8.0,141822,0.8732602000041727,141822,0.4517256379639976,0.006502799671194879,141822
214,4.0,142224,0.8728984000041846,142224,0.5261122607324847,0.005731699197772898,142224
215,10.0,143028,0.8721748000042084,143028,0.4631335473624035,0.006559536984517293,143028
216,8.0,143789,0.871489900004231,143789,0.49456820583139866,0.005417419098802253,143789
217,5.0,144193,0.871126300004243,144193,0.44803726676814626,0.0060832930541779425,144193
218,16.0,145226,0.8701966000042736,145226,0.4300277980634111,0.005636348381003145,145226
219,11.0,146037,0.8694667000042976,146037,0.45221213588511755,0.006214818576509857,146037
220,11.0,146851,0.8687341000043217,146851,0.4552123956656866,0.006156488342548312,146851
221,3.0,147224,0.8683984000043328,147224,0.5850468217207982,0.006505896880432786,147224
222,5.0,147619,0.8680429000043445,147619,0.44074613565131077,0.005517211383506302,147619
223,10.0,148401,0.8673391000043676,148401,0.46117655635642274,0.006081950137182675,148401
224,6.0,149015,0.8667865000043858,149015,0.48937023945565333,0.00522947600576837,149015
225,13.0,149854,0.8660314000044107,149854,0.4656951632594892,0.0060451305229060025,149854
226,11.0,150676,0.8652916000044351,150676,0.5559399509734481,0.007149402019360308,150676
227,9.0,151447,0.8645977000044579,151447,0.48417137913048347,0.00680839987026649,151447
228,6.0,152100,0.8640100000044773,152100,0.4506801232627121,0.006378307719160496,152100
229,10.0,152865,0.8633215000044999,152865,0.49741475480833863,0.00620007911806217,152865
230,5.0,153234,0.8629894000045109,153234,0.6894929253150454,0.006881899535113335,153234
231,12.0,154079,0.8622289000045359,154079,0.4696973047136555,0.00640044073138893,154079
232,9.0,154871,0.8615161000045594,154871,0.48137440413913946,0.005918821051572461,154871
233,6.0,155498,0.8609518000045779,155498,0.42718970438129783,0.0063364638427444745,155498
234,11.0,156283,0.8602453000046012,156283,0.6427680132305547,0.006558914323356655,156283
235,10.0,157102,0.8595082000046255,157102,0.5964344503569515,0.006661586598691804,157102
236,9.0,157883,0.8588053000046486,157883,0.47608767230440496,0.005894919898821262,157883
237,6.0,158534,0.8582194000046679,158534,0.44885263741931974,0.006215804563854934,158534
238,2.0,158911,0.8578801000046791,158911,0.8202597160554375,0.00540899099600384,158911
239,2.0,159275,0.8575525000046899,159275,0.8518284946106948,0.006847720145822598,159275
240,4.0,159665,0.8572015000047014,159665,0.6467003110891734,0.006065927815768354,159665
241,11.0,160510,0.8564410000047264,160510,0.5478882928924448,0.0061768718724264406,160510
242,5.0,160905,0.8560855000047382,160905,0.5839437861985798,0.006636348132433111,160905
243,11.0,161707,0.8553637000047619,161707,0.5142808245713276,0.006763391926065389,161707
244,3.0,162105,0.8550055000047737,162105,0.6975792397431393,0.006072012314104344,162105
245,9.0,162892,0.854297200004797,162892,0.5205778654716824,0.006179735596807084,162892
246,2.0,163265,0.8539615000048081,163265,0.8736749972958348,0.006224529680920185,163265
247,10.0,164100,0.8532100000048328,164100,0.5737269902300692,0.00590231143750953,164100
248,3.0,164486,0.8528626000048443,164486,0.8252432240568912,0.006461904383441819,164486
249,6.0,165123,0.8522893000048631,165123,0.5092793416986285,0.006716014644790081,165123
250,6.0,165752,0.8517232000048818,165752,0.5841913255485328,0.006096784874554598,165752
251,6.0,166400,0.851140000004901,166400,0.4982318126676995,0.0062872773355761805,166400
252,10.0,167225,0.8503975000049254,167225,0.6047147397742126,0.00679180584541014,167225
253,6.0,167840,0.8498440000049436,167840,0.5583945768393153,0.00614071755686101,167840
254,6.0,168471,0.8492761000049623,168471,0.4986949586877732,0.005662984807200533,168471
255,6.0,169107,0.8487037000049812,169107,0.495760330473477,0.006409678402690491,169107
256,10.0,169896,0.8479936000050046,169896,0.5315751549333372,0.006292474399934138,169896
257,9.0,170674,0.8472934000050276,170674,0.6258763951706703,0.006829418471628611,170674
258,10.0,171485,0.8465635000050517,171485,0.590884199639284,0.006892044582906892,171485
259,6.0,172115,0.8459965000050703,172115,0.5543620034815773,0.0072303053589643064,172115
260,2.0,172500,0.8456500000050817,172500,0.8025499065201004,0.005939943871805566,172500
261,4.0,172889,0.8452999000050933,172889,0.7663787882248356,0.006341124343931804,172889
262,11.0,173709,0.8445619000051175,173709,0.5650269900516766,0.006590471306773862,173709
263,4.0,174086,0.8442226000051287,174086,0.8331211120759777,0.0065176772286890654,174086
264,6.0,174721,0.8436511000051475,174721,0.532495730270551,0.006389360578582204,174721
265,9.0,175508,0.8429428000051709,175508,0.60147429978075,0.006131558256576446,175508
266,9.0,176278,0.8422498000051937,176278,0.5809140707958829,0.006351686460034039,176278
267,5.0,176659,0.841906900005205,176659,0.7417086536490073,0.007046345815449352,176659
268,10.0,177439,0.8412049000052281,177439,0.611156653593748,0.006607376175554983,177439
269,6.0,178088,0.8406208000052473,178088,0.5567482432525588,0.006286358061604071,178088
270,6.0,178728,0.8400448000052663,178728,0.535829029744491,0.00641333800481334,178728
271,10.0,179531,0.8393221000052901,179531,0.6650676300487067,0.00656949758232572,179531
272,6.0,180138,0.838775800005308,180138,0.5307154771818164,0.00637257815266463,180138
273,6.0,180758,0.8382178000053264,180758,0.5588807863573875,0.007239177557916733,180758
274,11.0,181548,0.8375068000053498,181548,0.5854515217150313,0.006729517857042359,181548
275,6.0,181953,0.8371423000053618,181953,0.653239714069131,0.007014023836876012,181953
276,4.0,182347,0.8367877000053735,182347,0.7247954986724757,0.006862981904448461,182347
277,7.0,182985,0.8362135000053924,182985,0.5989064617683895,0.006656083122346854,182985
278,4.0,183378,0.835859800005404,183378,0.738723665362096,0.006427304898354618,183378
279,9.0,184146,0.8351686000054268,184146,0.6415863316506147,0.006419697455631497,184146
280,10.0,184927,0.83446570000545,184927,0.6220787693764275,0.0069681420176721945,184927
281,6.0,185570,0.833887000005469,185570,0.6965713343853899,0.006175024170930205,185570
282,6.0,185939,0.8335549000054799,185939,0.9237183938989149,0.00668012677478291,185939
283,3.0,186318,0.8332138000054912,186318,0.8295751372868279,0.006986164251036173,186318
284,6.0,186938,0.8326558000055095,186938,0.6672183279548922,0.006723528250891363,186938
285,6.0,187596,0.832063600005529,187596,0.6358123948871184,0.006470321168772569,187596
286,10.0,188401,0.8313391000055529,188401,0.7196167953636335,0.006671105652640108,188401
287,11.0,189196,0.8306236000055764,189196,0.5960515746905369,0.006467107265496498,189196
288,11.0,189990,0.8299090000056,189990,0.5633403495592194,0.006732770693089616,189990
289,9.0,190792,0.8291872000056237,190792,0.6857823219679835,0.0064481687231796115,190792
290,4.0,191160,0.8288560000056346,191160,0.7579349702143151,0.006785121873848687,191160
291,11.0,191964,0.8281324000056585,191964,0.638247121700007,0.006808868976858959,191964
292,6.0,192610,0.8275510000056776,192610,0.6601187231555443,0.0067478693637315,192610
293,10.0,193401,0.826839100005701,193401,0.611347599329448,0.00684163798833064,193401
294,7.0,194176,0.826141600005724,194176,0.6841029080267875,0.006456573830744732,194176
295,9.0,195031,0.8253721000057493,195031,0.7086939309075562,0.006245736428519455,195031
296,23.0,197109,0.8235019000058109,197109,0.550872008985803,0.006838297765768732,197109
297,11.0,197945,0.8227495000058357,197945,0.6906592770341481,0.006334057545341477,197945
298,11.0,198756,0.8220196000058597,198756,0.7429704858695241,0.00640472502340867,198756
299,10.0,199554,0.8213014000058834,199554,0.6715242204660162,0.006475010084536541,199554
300,10.0,200337,0.8205967000059066,200337,0.7337184192500961,0.006563715402449934,200337
301,10.0,201133,0.8198803000059302,201133,0.7139498961331258,0.006974809346438313,201133
302,8.0,201905,0.819185500005953,201905,0.6983619621843872,0.006603094520393537,201905
303,4.0,202527,0.8186257000059715,202527,0.9296528941373733,0.006386164302580767,202527
304,5.0,203165,0.8180515000059904,203165,0.8782118689677558,0.00714868302948789,203165
305,6.0,203815,0.8174665000060096,203815,0.6983096081018448,0.006923166678327386,203815
306,11.0,204641,0.8167231000060341,204641,0.8014834073640532,0.006546054518439545,204641
307,9.0,205459,0.8159869000060583,205459,0.7050397650755413,0.00665529704718406,205459
308,9.0,206256,0.815269600006082,206256,0.7413816466235755,0.007288555076430228,206256
309,3.0,206645,0.8149195000060935,206645,0.84670516151389,0.006230364564104738,206645
310,5.0,207049,0.8145559000061054,207049,0.7619027395059567,0.0064381192097415,207049
311,4.0,207450,0.8141950000061173,207450,0.8461558667947526,0.006545610988068167,207450
312,11.0,208274,0.8134534000061417,208274,0.7459836631145292,0.006785137206817541,208274
313,16.0,209349,0.8124859000061736,209349,0.7101863955065262,0.006497237422939411,209349
314,5.0,209730,0.8121430000061849,209730,0.7764855072567156,0.006393106538787719,209730
315,11.0,210516,0.8114356000062082,210516,0.7321041910020449,0.007154561524056064,210516
316,10.0,211316,0.8107156000062319,211316,0.7807311555370688,0.007366686856767046,211316
317,11.0,212118,0.8099938000062556,212118,0.7520098646828659,0.006788384731294456,212118
318,11.0,212967,0.8092297000062808,212967,0.7272455366536782,0.007027743920931775,212967
319,6.0,213597,0.8086627000062995,213597,0.7016857667101755,0.006843882665940789,213597
320,10.0,214378,0.8079598000063226,214378,0.719374538803528,0.00680760991241319,214378
321,10.0,215202,0.807218200006347,215202,0.8717142748601229,0.0067824092373272825,215202
322,10.0,215997,0.8065027000063706,215997,0.7441803380753259,0.007061199851388276,215997
323,10.0,216787,0.805791700006394,216787,0.7973751109989383,0.007379386579371765,216787
324,5.0,217194,0.8054254000064061,217194,0.7327127636064769,0.0071402198388481495,217194
325,5.0,217596,0.805063600006418,217596,0.7101950013074115,0.006782912197127528,217596
326,6.0,218241,0.8044831000064371,218241,0.7077182151088419,0.0067592723077603495,218241
327,9.0,219020,0.8037820000064602,219020,0.7495629602280447,0.006800777240321865,219020
328,8.0,219808,0.8030728000064835,219808,0.7774171550866916,0.006849301273953453,219808
329,12.0,220635,0.802328500006508,220635,0.7857631395200432,0.006424340818531585,220635
330,6.0,221263,0.8017633000065266,221263,0.7158998960901977,0.006426680897982423,221263
331,10.0,222084,0.801024400006551,222084,0.7880464204191145,0.006995763803695257,222084
332,11.0,222874,0.8003134000065744,222874,0.7299726078781901,0.006424555931862184,222874
333,6.0,223528,0.7997248000065937,223528,0.6777694603992165,0.00653902337250381,223528
334,4.0,223919,0.7993729000066053,223919,0.9025949187900709,0.006996624428904532,223919
335,6.0,224583,0.798775300006625,224583,0.7767019897968654,0.006866131985501501,224583
336,11.0,225405,0.7980355000066494,225405,0.7888710250819686,0.006654706826186263,225405
337,18.0,226885,0.7967035000066932,226885,0.7411134703739269,0.006817918579887388,226885
338,4.0,227284,0.796344400006705,227284,0.8146165597408935,0.007348249030266223,227284
339,6.0,227921,0.7957711000067239,227921,0.7060773917232616,0.006537551909949765,227921
340,5.0,228331,0.7954021000067361,228331,0.7328061435280777,0.006246396124209618,228331
341,11.0,229140,0.79467400000676,229140,0.7578802162548814,0.006870925262652692,229140
342,9.0,229932,0.7939612000067835,229932,0.7436440477166513,0.006922282046515547,229932
343,5.0,230302,0.7936282000067945,230302,1.083622734047271,0.007023129981118129,230302
344,13.0,231166,0.7928506000068201,231166,0.7551766684347833,0.007658019667057185,231166
345,9.0,231950,0.7921450000068433,231950,0.8821383375598459,0.006770444033909185,231950
346,6.0,232584,0.7915744000068621,232584,0.7523365022162157,0.006805394425037411,232584
347,7.0,233339,0.7908949000068844,233339,0.829020060095566,0.006762039839075755,233339
348,8.0,234115,0.7901965000069074,234115,0.8223319179618481,0.00696508836793412,234115
349,11.0,234914,0.7894774000069311,234914,0.7864908263814614,0.007148089368111665,234914
350,4.0,235279,0.7891489000069419,235279,0.9293297049933917,0.006042642328546906,235279
351,8.0,236056,0.788449600006965,236056,0.8926370572706294,0.006437922259119964,236056
352,3.0,236443,0.7881013000069764,236443,0.9591343106379496,0.007331867228597234,236443
353,6.0,237086,0.7875226000069955,237086,0.7539732984584375,0.007405851864207806,237086
354,6.0,237745,0.786929500007015,237745,0.8173735043619037,0.006785270462739345,237745
355,11.0,238543,0.7862113000070386,238543,0.8293400355299613,0.0067442818510157635,238543
356,9.0,239348,0.7854868000070625,239348,0.8375980479006442,0.006580670415431041,239348
357,11.0,240136,0.7847776000070859,240136,0.7785121246718513,0.006927571196319136,240136
358,13.0,240935,0.7840585000071095,240935,0.7773924171924591,0.007204632374320473,240935
359,6.0,241584,0.7834744000071288,241584,0.7766712707437242,0.006643940196367187,241584
360,6.0,242221,0.7829011000071476,242221,0.8293594063919043,0.007114400941600037,242221
361,16.0,243203,0.7820173000071767,243203,0.8652138723375356,0.006807297634183953,243203
362,7.0,243836,0.7814476000071955,243836,0.8128747783283486,0.0071061700599975765,243836
363,5.0,244236,0.7810876000072073,244236,0.9156134537607431,0.007082258807276958,244236
364,4.0,244601,0.7807591000072182,244601,1.0804187327215116,0.006778736559718796,244601
365,7.0,245246,0.7801786000072373,245246,0.8558303035968958,0.007355518404542389,245246
366,6.0,245865,0.7796215000072556,245865,0.751934416941179,0.007646447683878992,245865
367,6.0,246514,0.7790374000072748,246514,0.7763004453138137,0.007017279591743916,246514
368,6.0,247154,0.7784614000072938,247154,0.7497783367987723,0.0069592354187079765,247154
369,5.0,247550,0.7781050000073055,247550,1.0751633327266183,0.006918915407643935,247550
370,4.0,247936,0.777757600007317,247936,0.9337867159454316,0.006319551717054456,247936
371,5.0,248638,0.7771258000073378,248638,0.8648964722356905,0.006808489825751664,248638
372,3.0,249034,0.7767694000073495,249034,1.0165103403004734,0.007643949190984278,249034
373,6.0,249656,0.7762096000073679,249656,0.8626986182387619,0.006900108586448407,249656
374,9.0,250461,0.7754851000073918,250461,1.0257537764792117,0.007117158627992218,250461
375,6.0,251103,0.7749073000074108,251103,0.9022517911741667,0.00720011693970108,251103
376,11.0,251873,0.7742143000074336,251873,0.7821986595531563,0.006634131399158679,251873
377,3.0,252258,0.773867800007445,252258,0.9700963113215062,0.006726390817096795,252258
378,9.0,253040,0.7731640000074682,253040,0.8840530693073712,0.006883255278491719,253040
379,9.0,253816,0.7724656000074912,253816,0.8041561835051811,0.00669729965791459,253816
380,11.0,254621,0.7717411000075151,254621,0.8457728745404237,0.00643235078925319,254621
381,9.0,255412,0.7710292000075385,255412,0.8405161251310452,0.006684597969283591,255412
382,6.0,256063,0.7704433000075578,256063,0.8350597784358053,0.0070835030534856895,256063
383,3.0,256445,0.7700995000075691,256445,0.9825480367344711,0.006838382954763478,256445
384,8.0,257215,0.7694065000075919,257215,0.8387599266968764,0.007144467942242801,257215
385,9.0,257997,0.7687027000076151,257997,0.8735904638724559,0.006678576922126631,257997
386,7.0,258618,0.7681438000076335,258618,0.8490062528282356,0.006746119393615784,258618
387,13.0,259467,0.7673797000076586,259467,0.8352266757872978,0.00686985722043523,259467
388,8.0,260236,0.7666876000076814,260236,0.8872746699653149,0.006714782877797951,260236
389,6.0,260864,0.7661224000077,260864,0.8290262994872537,0.006713381797291419,260864
390,3.0,261262,0.7657642000077118,261262,1.0567573755979538,0.007002052140609951,261262
391,9.0,262034,0.7650694000077347,262034,0.8711555909384717,0.006748063183846368,262034
392,11.0,262845,0.7643395000077587,262845,0.8825045784730946,0.006851831189769868,262845
393,9.0,263628,0.7636348000077819,263628,0.8067603024866998,0.007339802769833158,263628
394,10.0,264452,0.7628932000078064,264452,0.9805203095006133,0.007101421677821103,264452
395,4.0,264838,0.7625458000078178,264838,1.1260084278997362,0.007016153689374341,264838
396,12.0,265660,0.7618060000078422,265660,0.9521458819689832,0.007037613471527244,265660
397,3.0,266053,0.7614523000078538,266053,1.0615234682881498,0.006541629873438912,266053
398,4.0,266421,0.7611211000078647,266421,1.2647377235571975,0.006706365871966978,266421
399,6.0,267063,0.7605433000078837,267063,0.817190493471526,0.006963030713716612,267063
400,5.0,267450,0.7601950000078952,267450,1.0443554206411967,0.006737908745742252,267450
401,10.0,268286,0.75944260000792,268286,0.9137003137663221,0.006536963119984239,268286
402,3.0,268655,0.7591105000079309,268655,1.091476619405152,0.00677984357449645,268655
403,6.0,269280,0.7585480000079494,269280,0.952026771736145,0.006883453295240179,269280
404,9.0,270070,0.7578370000079728,270070,0.8781577784803849,0.006877821640706845,270070
405,8.0,270856,0.7571296000079961,270856,0.918854936161114,0.006703726886619065,270856
406,3.0,271258,0.756767800008008,271258,1.0504906197537238,0.007004155444655456,271258
407,6.0,271916,0.7561756000080275,271916,0.8760697846173515,0.0068044028340274116,271916
408,3.0,272294,0.7558354000080387,272294,1.0319044374757342,0.007022969820321089,272294
409,9.0,273094,0.7551154000080624,273094,0.856137613914907,0.0064623907349232465,273094
410,3.0,273471,0.7547761000080736,273471,1.1999940515671232,0.0071142522373609735,273471
411,10.0,274287,0.7540417000080978,274287,0.9216985603538799,0.006366644154196347,274287
412,7.0,274927,0.7534657000081167,274927,0.8345360364299268,0.006282216469435298,274927
413,12.0,275740,0.7527340000081408,275740,0.8129441658215916,0.006782121605384147,275740
414,6.0,276385,0.75215350000816,276385,0.7946694216524908,0.0063806431028223054,276385
415,9.0,277149,0.7514659000081826,277149,0.8525780783039737,0.006642599533419753,277149
416,6.0,277777,0.7509007000082012,277777,0.833677770273321,0.006969856148808868,277777
417,12.0,279144,0.7496704000082417,279144,0.9071385158878569,0.006489923116273261,279144
418,10.0,279966,0.7489306000082661,279966,1.0132756827086429,0.006557555925942291,279966
419,10.0,280790,0.7481890000082905,280790,0.8598101656992458,0.0070361067590462515,280790
420,10.0,281587,0.7474717000083141,281587,0.8907934286289263,0.006483160509112077,281587
421,5.0,281999,0.7471009000083263,281999,0.8781252316768887,0.007218159029152339,281999
422,3.0,282376,0.7467616000083375,282376,1.105887091997764,0.006102319793999244,282376
423,8.0,283151,0.7460641000083604,283151,0.8927855479332708,0.006645442540682251,283151
424,6.0,283819,0.7454629000083802,283819,0.9264247394696681,0.006222403234051761,283819
425,11.0,284612,0.7447492000084037,284612,0.9566434988984545,0.006394198758788654,284612
426,6.0,285248,0.7441768000084226,285248,0.7910317710173205,0.006559859332930569,285248
427,7.0,285892,0.7435972000084416,285892,0.8677827733921708,0.007034748694083945,285892
428,6.0,286526,0.7430266000084604,286526,0.7862826142965431,0.006453093418079188,286526
429,11.0,287334,0.7422994000084844,287334,0.8989829373094115,0.0069239209492164685,287334
430,9.0,288147,0.7415677000085085,288147,0.8759877992218857,0.006295635037737449,288147
431,11.0,288989,0.7408099000085334,288989,0.885775480481338,0.006591947969851679,288989
432,9.0,289739,0.7401349000085556,289739,0.8986702220042546,0.0059206251712748785,289739
433,3.0,290123,0.739789300008567,290123,1.1258201500556122,0.006616327684241696,290123
434,5.0,290515,0.7394365000085786,290515,0.895850944807943,0.0069530073987505376,290515
435,11.0,291354,0.7386814000086035,291354,0.930318541691613,0.006568550115807262,291354
436,6.0,291998,0.7381018000086226,291998,0.8919063541829956,0.006502351629566213,291998
437,2.0,292375,0.7377625000086337,292375,1.1847873448693151,0.007235572635012726,292375
438,9.0,293138,0.7370758000086564,293138,0.8708565956174468,0.006666075558643324,293138
439,9.0,293912,0.7363792000086793,293912,0.8883912812061704,0.006875800570693873,293912
440,5.0,294298,0.7360318000086907,294298,0.9344877640818067,0.006469466358045034,294298
441,11.0,295069,0.7353379000087136,295069,0.9343640036233514,0.006124676323520568,295069
442,6.0,295716,0.7347556000087327,295716,0.8563728830453233,0.006068097174954291,295716
443,10.0,296524,0.7340284000087567,296524,1.0231304675488189,0.006416292577197586,296524
444,11.0,297387,0.7332517000087823,297387,0.860580991759361,0.00633653407729056,297387
445,4.0,297772,0.7329052000087937,297772,0.9888296529844209,0.007188909363255582,297772
446,11.0,298571,0.7321861000088173,298571,0.9645837404402684,0.006070086203174006,298571
447,6.0,299215,0.7316065000088364,299215,0.8427914489777932,0.006254332473742709,299215
448,13.0,300061,0.7308451000088615,300061,0.8884266638868525,0.006710656635734598,300061
449,6.0,300700,0.7302700000088804,300700,0.8924076368271465,0.006882663262284365,300700
450,6.0,301332,0.7297012000088992,301332,0.8286464955610565,0.007019126043792024,301332
451,9.0,302116,0.7289956000089224,302116,1.025171041146529,0.006805220629164013,302116
452,4.0,302516,0.7286356000089342,302516,1.0057422441989183,0.006640443143332959,302516
453,4.0,303137,0.7280767000089526,303137,1.2627239597304432,0.006702146855454394,303137
454,5.0,303523,0.7277293000089641,303523,1.013992429551683,0.007582731464596639,303523
455,6.0,304148,0.7271668000089826,304148,0.8706939960479736,0.007134579508006573,304148
456,4.0,304554,0.7268014000089946,304554,1.011352714059388,0.007343926286715395,304554
457,7.0,305331,0.7261021000090176,305331,0.9816321421467352,0.006621911736942967,305331
458,9.0,306127,0.7253857000090412,306127,0.9458071344611633,0.006611656388732951,306127
459,11.0,306929,0.724663900009065,306929,0.9545455103428881,0.00672394853079328,306929
460,6.0,307570,0.724087000009084,307570,0.8695200710512361,0.006589957877325967,307570
461,6.0,308218,0.7235038000091032,308218,0.8478038655938925,0.006200054171108885,308218
462,7.0,308990,0.7228090000091261,308990,1.0367284302498392,0.006979890500748448,308990
463,3.0,309385,0.7224535000091378,309385,1.0043947902661337,0.006614809984317686,309385
464,8.0,310144,0.7217704000091603,310144,0.9558511522840292,0.006585489657018224,310144
465,9.0,310929,0.7210639000091835,310929,1.033424024483201,0.007103194815817046,310929
466,8.0,311705,0.7203655000092065,311705,0.9942132938538015,0.00657508247634714,311705
467,12.0,312566,0.719590600009232,312566,1.0000011258770503,0.0065851056591756905,312566
468,10.0,313369,0.7188679000092558,313369,0.9223944871392968,0.007076211377545138,313369
469,11.0,314210,0.7181110000092807,314210,0.938015419400688,0.006477194520125473,314210
470,11.0,315074,0.7173334000093063,315074,0.9641455308430724,0.006020802336630974,315074
471,11.0,315856,0.7166296000093295,315856,1.0090518051477344,0.0062624039004861715,315856
472,6.0,316508,0.7160428000093488,316508,0.9031079489669186,0.0069522588828755715,316508
473,6.0,317166,0.7154506000093683,317166,0.8520548884901232,0.006637583679891486,317166
474,5.0,317551,0.7151041000093797,317551,1.003280884878976,0.006361122453561077,317551
475,8.0,318338,0.7143958000094031,318338,0.9827973370024937,0.006698500597368739,318338
476,7.0,318958,0.7138378000094214,318958,1.0133487989344905,0.006371872101707625,318958
477,10.0,319739,0.7131349000094446,319739,1.0022560299282344,0.006384875843818353,319739
478,11.0,320555,0.7124005000094688,320555,0.9402980969159627,0.006696876263780652,320555
479,11.0,321353,0.7116823000094924,321353,0.9844966329876941,0.006780429866538677,321353
480,6.0,321981,0.711117100009511,321981,0.8975722027147651,0.006804190212417658,321981
481,4.0,322363,0.7107733000095223,322363,1.176666249155374,0.005664044852625744,322363
482,11.0,323181,0.7100371000095466,323181,0.9071087526808741,0.006415343623022574,323181
483,3.0,323556,0.7096996000095577,323556,1.362290334224701,0.0064642379404976965,323556
484,10.0,324361,0.7089751000095815,324361,0.9860967352893782,0.006218797883820743,324361
485,6.0,324998,0.7084018000096004,324998,0.8977225255367333,0.006546752821775431,324998
486,6.0,325639,0.7078249000096194,325639,0.910006918047966,0.006558364203458364,325639
487,9.0,326420,0.7071220000096425,326420,0.9455613188645904,0.006575031096378649,326420
488,4.0,326808,0.706772800009654,326808,1.0684738045500726,0.006413178684936414,326808
489,9.0,327577,0.7060807000096768,327577,0.9733439917604697,0.006214194535709232,327577
490,6.0,328233,0.7054903000096963,328233,1.0130223727716905,0.006371127966725375,328233
491,6.0,328883,0.7049053000097155,328883,1.0222404135190524,0.005868626377106501,328883
492,3.0,329267,0.7045597000097269,329267,1.1931778436216216,0.005538548959293621,329267
493,4.0,329668,0.7041988000097388,329668,1.0417760047978,0.006256524719178277,329668
494,9.0,330477,0.7034707000097628,330477,1.050348158414638,0.006958187133790718,330477
495,9.0,331381,0.7026571000097895,331381,1.080808234491707,0.005975834986194196,331381
496,6.0,332015,0.7020865000098083,332015,0.8981774283414383,0.006619732395899321,332015
497,4.0,332401,0.7017391000098198,332401,1.1149627026653042,0.006745537437155958,332401
498,5.0,333020,0.7011820000098381,333020,1.2942873671386084,0.006577995062056441,333020
499,9.0,333814,0.7004674000098616,333814,1.0294060460491203,0.006766147668711238,333814
500,6.0,334447,0.6998977000098804,334447,0.9041871831032902,0.0066723502318317435,334447
501,6.0,335102,0.6993082000098998,335102,1.0208047937345868,0.006432777163590382,335102
502,5.0,335502,0.6989482000099116,335502,1.0030822326242923,0.006462104763850221,335502
503,7.0,336159,0.6983569000099311,336159,1.001444837818407,0.006882410631582419,336159
504,13.0,336964,0.697632400009955,336964,0.9054578995482522,0.006744153439233611,336964
505,4.0,337339,0.6972949000099661,337339,1.1526917435328166,0.006630209908199807,337339
506,10.0,338154,0.6965614000099902,338154,0.963694721131237,0.006210977829381412,338154
507,5.0,338555,0.6962005000100021,338555,1.0747533052639473,0.0064076255376832765,338555
508,6.0,339198,0.6956218000100212,339198,0.9104231062517567,0.006029481493495332,339198
509,6.0,339851,0.6950341000100405,339851,0.8821954953542712,0.006776128553644188,339851
510,3.0,340241,0.6946831000100521,340241,1.2713239782131636,0.007010829351015556,340241
511,6.0,340879,0.694108900010071,340879,1.0423429306117717,0.006739149831586115,340879
512,11.0,341691,0.693378100010095,341691,0.9310795390620608,0.006590746249695334,341691
513,3.0,342078,0.6930298000101065,342078,1.2687040038349093,0.006423789357768915,342078
514,3.0,342446,0.6926986000101174,342446,1.2907689473713222,0.007032156972696691,342446
515,10.0,343237,0.6919867000101408,343237,1.010995668270796,0.006713688767994324,343237
516,12.0,344061,0.6912451000101653,344061,0.888846474690634,0.006336027263687444,344061
517,9.0,344848,0.6905368000101886,344848,1.1229250096305352,0.006268355030478588,344848
518,8.0,345636,0.6898276000102119,345636,1.068091196873164,0.006131934966900277,345636
519,6.0,346288,0.6892408000102312,346288,0.9145271886437217,0.006481310736344758,346288
520,10.0,347103,0.6885073000102554,347103,1.1556665985862171,0.006040804729828371,347103
521,8.0,347853,0.6878323000102776,347853,1.0456901638110478,0.006150276811793446,347853
522,11.0,348665,0.6871015000103017,348665,1.080358138445563,0.006435107201692795,348665
523,8.0,349439,0.6864049000103246,349439,0.9856192295942504,0.00579157170736729,349439
524,9.0,350233,0.6856903000103481,350233,1.0692148903004768,0.00622085017686996,350233
525,5.0,350626,0.6853366000103598,350626,1.1310493135421937,0.0066419627719485315,350626
526,6.0,351270,0.6847570000103789,351270,1.0121784952023756,0.0070866538229418675,351270
527,3.0,351654,0.6844114000103902,351654,1.1281786111649126,0.00689862696557005,351654
528,8.0,352451,0.6836941000104139,352451,1.11318409674739,0.006371563959361662,352451
529,8.0,353229,0.6829939000104369,353229,0.9680737175028244,0.006239301483458085,353229
530,5.0,353621,0.6826411000104485,353621,1.1157791075505772,0.006749280926038521,353621
531,12.0,354424,0.6819184000104723,354424,1.006094485447089,0.006834802437491905,354424
532,5.0,354816,0.6815656000104839,354816,1.1663910358840106,0.00595902747754364,354816
533,4.0,355214,0.6812074000104957,355214,1.0518754562690629,0.005727924104813889,355214
534,10.0,356018,0.6804838000105196,356018,1.0758885451736142,0.006999444119115036,356018
535,10.0,356850,0.6797350000105442,356850,1.1129065653882348,0.007002502414357318,356850
536,6.0,357510,0.6791410000105638,357510,0.9832726735057253,0.006761737134277637,357510
537,10.0,358280,0.6784480000105866,358280,0.9909025297149435,0.006303844311540681,358280
538,6.0,358902,0.677888200010605,358902,0.9456345748479726,0.00637853416686105,358902
539,9.0,359685,0.6771835000106282,359685,1.0540586298529064,0.0065109588172807716,359685
540,6.0,360305,0.6766255000106466,360305,0.9464738202191169,0.006538372002861222,360305
541,9.0,361084,0.6759244000106697,361084,1.0851642767562792,0.006894830222752971,361084
542,10.0,361913,0.6751783000106942,361913,1.105612940789707,0.0066393048935586675,361913
543,6.0,362541,0.6746131000107128,362541,1.0856203049136575,0.006691799135111231,362541
544,10.0,363330,0.6739030000107362,363330,1.0532305097474193,0.006680073015302117,363330
545,6.0,363948,0.6733468000107545,363948,0.9850650879653912,0.00617799241336712,363948
546,6.0,364582,0.6727762000107733,364582,0.9445314422860883,0.006308335270504952,364582
547,3.0,364946,0.6724486000107841,364946,1.4379399720129076,0.007101500819911822,364946
548,9.0,365748,0.6717268000108079,365748,0.9794547350477993,0.006442997719536006,365748
549,6.0,366370,0.6711670000108263,366370,0.9816330483009578,0.006407020691504487,366370
550,9.0,367153,0.6704623000108495,367153,1.0741103061999397,0.006651473265958386,367153
551,11.0,367944,0.6697504000108729,367944,1.012160115575067,0.006324941559674692,367944
552,10.0,368722,0.669050200010896,368722,1.0221879596039078,0.007048906714472606,368722
553,10.0,369502,0.6683482000109191,369502,1.0198801992795405,0.006073394683279241,369502
554,9.0,370318,0.6676138000109433,370318,1.0256918329818576,0.006244707563240024,370318
555,10.0,371131,0.6668821000109674,371131,1.162197473121012,0.00643696971246251,371131
556,12.0,371938,0.6661558000109913,371938,1.0838556459180484,0.006997059832417661,371938
557,9.0,372759,0.6654169000110156,372759,1.0600966399900806,0.006636425760926579,372759
558,4.0,373154,0.6650614000110273,373154,1.2915441008308266,0.0065930349534212415,373154
559,4.0,373559,0.6646969000110393,373559,1.168021253891933,0.006500603267376851,373559
560,4.0,373940,0.6643540000110506,373940,1.2329651389535017,0.006767641747152809,373940
561,11.0,374740,0.6636340000110743,374740,1.1040202564373613,0.006368281304930861,374740
562,4.0,375117,0.6632947000110855,375117,1.522502743913261,0.006494753872228426,375117
563,16.0,377007,0.6615937000111415,377007,1.1027542319405015,0.006070954289512768,377007
564,11.0,377843,0.6608413000111663,377843,1.0778106077079568,0.0061907397793259464,377843
565,12.0,378679,0.660088900011191,378679,1.0856713632647501,0.0068838592332469755,378679
566,4.0,379062,0.6597442000112024,379062,1.1675961417566703,0.005660541764887259,379062
567,6.0,379716,0.6591556000112218,379716,0.9062765999853793,0.005907990295745771,379716
568,8.0,380513,0.6584383000112454,380513,1.1242371695478408,0.006552563451313492,380513
569,8.0,381277,0.657750700011268,381277,1.0770975703578345,0.00666924087516293,381277
570,6.0,381909,0.6571819000112867,381909,1.075027246028185,0.006583046407366608,381909
571,10.0,382713,0.6564583000113106,382713,1.0220294348636076,0.006397961469819487,382713
572,9.0,383511,0.6557401000113342,383511,1.1894571234782536,0.006370044294734518,383511
573,9.0,384307,0.6550237000113578,384307,1.071145411899042,0.00638912662006119,384307
574,6.0,384954,0.654441400011377,384954,1.0649827280221436,0.006446704717743077,384954
575,11.0,385784,0.6536944000114016,385784,1.1163615134825189,0.006394980094432045,385784
576,3.0,386166,0.6533506000114129,386166,1.4950402054487097,0.006078703879654232,386166
577,11.0,386967,0.6526297000114366,386967,1.0276936763681277,0.006281218445277337,386967
578,3.0,387360,0.6522760000114483,387360,1.2483324915853165,0.0063963285365921585,387360
579,6.0,387977,0.6517207000114665,387977,1.1301890510697419,0.006185989704275899,387977
580,6.0,388617,0.6511447000114855,388617,1.1002685486804693,0.0066124867267262745,388617
581,9.0,389384,0.6504544000115082,389384,1.1862166898890922,0.006389181521682328,389384
582,10.0,390170,0.6497470000115315,390170,1.2096032223097848,0.006007420953212699,390170
583,9.0,390951,0.6490441000115547,390951,1.2125403913889896,0.006979330474819043,390951
584,11.0,391788,0.6482908000115795,391788,1.1514104061727741,0.006718056031996262,391788
585,4.0,392176,0.647941600011591,392176,1.2583137492543643,0.006688158347819855,392176
586,9.0,392970,0.6472270000116145,392970,1.175945357689329,0.006577202205731526,392970
587,10.0,393768,0.6465088000116381,393768,1.1837567190702696,0.006062389524299931,393768
588,10.0,394577,0.6457807000116621,394577,1.1060048902801,0.006327987507956128,394577
589,10.0,395365,0.6450715000116855,395365,1.145432375333636,0.006214984238716812,395365
590,9.0,396172,0.6443452000117094,396172,1.160260327612748,0.006276246171520822,396172
591,7.0,396944,0.6436504000117322,396944,1.154818851867488,0.006892076262836574,396944
592,5.0,397354,0.6432814000117444,397354,1.0894758018051707,0.0061158902623702025,397354
593,10.0,398147,0.6425677000117679,398147,1.1557900179154035,0.005688874139350664,398147
594,12.0,398958,0.6418378000117919,398958,1.175871073574967,0.006258938452642315,398958
595,6.0,399604,0.6412564000118111,399604,1.05388955707336,0.0061698285459134234,399604
596,11.0,400000,0.6404869000118364,400459,1.2109391660718192,0.006214275515409546,400459
597,10.0,400000,0.6397822000118596,401242,1.0714284733489707,0.006459101274375248,401242
598,8.0,400000,0.6390775000118828,402025,1.1433169717685168,0.006302028566588187,402025
599,8.0,400000,0.6383782000119058,402802,1.2453642533936249,0.0065855249400553866,402802
600,9.0,400000,0.6376663000119293,403593,1.1007234570576176,0.006184399791203755,403593
601,10.0,400000,0.6369580000119526,404380,1.175979703399702,0.006204243732886709,404380
602,6.0,400000,0.6363928000119712,405008,1.0497243895082717,0.0058662655800310335,405008
603,8.0,400000,0.6356809000119946,405799,1.1355005828604836,0.00655917442521768,405799
604,6.0,400000,0.6351130000120133,406430,1.0569573890671677,0.0061256511803095045,406430
605,6.0,400000,0.6345316000120325,407076,1.0489180386527772,0.006130868431606731,407076
606,8.0,400000,0.6338368000120553,407848,1.0908050027535987,0.006505399552926993,407848
607,5.0,400000,0.6334750000120672,408250,1.176850105918462,0.0053048005911251715,408250
608,12.0,400000,0.6327298000120918,409078,1.1053253915790775,0.006425082944232323,409078
609,6.0,400000,0.63217540001211,409694,1.3364593970601435,0.006178155254444875,409694
610,11.0,400000,0.6314554000121337,410494,1.108771644346416,0.006784654285365832,410494
611,10.0,400000,0.630748000012157,411280,1.1791505229685446,0.006864123342398189,411280
612,6.0,400000,0.6301738000121759,411918,1.0818208234624056,0.006248380319539422,411918
613,12.0,400000,0.629412400012201,412764,1.109724294949085,0.006357076615580891,412764
614,10.0,400000,0.6287032000122244,413552,1.1355100850087738,0.006159715731905982,413552
615,8.0,400000,0.6279940000122477,414340,1.1773512468195808,0.006542917271964618,414340
616,10.0,400000,0.6272524000122721,415164,1.1981641034622794,0.006304059145919577,415164
617,8.0,400000,0.6265504000122952,415944,1.2549615398813516,0.006326342236589438,415944
618,10.0,400000,0.625860100012318,416711,1.1918341104800885,0.006400953512183467,416711
619,10.0,400000,0.6251383000123417,417513,1.1782585841759186,0.006863970726094397,417513
620,11.0,400000,0.6244408000123647,418288,1.1758905202342618,0.006530947182102189,418288
621,6.0,400000,0.6238666000123836,418926,1.151297732954115,0.006225223319008683,418926
622,11.0,400000,0.6231457000124073,419727,1.2883018116081848,0.0064610180207897334,419727
623,11.0,400000,0.6224374000124306,420514,1.1989316994459231,0.005779153102139967,420514
624,6.0,400000,0.6218461000124501,421171,1.1587042666552092,0.006166430240793967,421171
625,12.0,400000,0.6211090000124744,421990,1.1368141724513128,0.006549226407776729,421990
626,5.0,400000,0.6207607000124858,422377,1.298759091732114,0.006626256964186289,422377
627,11.0,400000,0.620056900012509,423159,1.132630027659104,0.006218181958015951,423159
628,10.0,400000,0.6193477000125324,423947,1.1292533000108553,0.006183600785071267,423947
629,10.0,400000,0.6186277000125561,424747,1.149438943080604,0.006124173893695115,424747
630,12.0,400000,0.6178681000125811,425591,1.109559087991997,0.0063689485487751045,425591
631,9.0,400000,0.6171688000126041,426368,1.1339245453150884,0.0064033274898399025,426368
632,10.0,400000,0.6164677000126272,427147,1.1584248384018458,0.006304391516705518,427147
633,3.0,400000,0.6161149000126388,427539,1.360172028596304,0.006358950257649388,427539
634,12.0,400000,0.615380500012663,428355,1.0810512465004827,0.006085291115168194,428355
635,9.0,400000,0.614682100012686,429131,1.1141664070490094,0.006407977858337468,429131
636,12.0,400000,0.613923400012711,429974,1.100992210783851,0.006343343920112518,429974
637,10.0,400000,0.6132124000127344,430764,1.1547389435994475,0.006540023073512778,430764
638,3.0,400000,0.6128740000127455,431140,1.5483857810180237,0.005621739076462851,431140
639,6.0,400000,0.6122998000127644,431778,1.0185283622397898,0.006500570313091942,431778
640,11.0,400000,0.611553700012789,432607,1.2647705528215563,0.006106467751855765,432607
641,5.0,400000,0.6112027000128005,432997,1.16626119300341,0.006155553196246426,432997
642,9.0,400000,0.6105025000128236,433775,1.171744921443395,0.006344088972926231,433775
643,11.0,400000,0.609790600012847,434566,1.096120445300294,0.006570785962278907,434566
644,12.0,400000,0.6090652000128709,435372,1.121897091270972,0.006213538970543469,435372
645,9.0,400000,0.6083542000128943,436162,1.256720107869257,0.006231281571561777,436162
646,10.0,400000,0.607634200012918,436962,1.149462432861328,0.0058235805627919034,436962
647,8.0,400000,0.6069340000129411,437740,1.2138597844958612,0.005970129062458131,437740
648,10.0,400000,0.6062275000129643,438525,1.2389657350482455,0.005871251945689345,438525
649,13.0,400000,0.6054805000129889,439355,1.1607371980526362,0.006261535425507744,439355
650,9.0,400000,0.6047623000130126,440153,1.1650849180786234,0.00609267896008742,440153
651,6.0,400000,0.604201600013031,440776,1.035058998324898,0.00642404459814136,440776
652,10.0,400000,0.6034834000130547,441574,1.1114082436140318,0.0062086458558935605,441574
653,5.0,400000,0.603108100013067,441991,1.0849157441720116,0.006228331324440031,441991
654,4.0,400000,0.6027589000130785,442379,1.3015044854627442,0.005789745911672597,442379
655,8.0,400000,0.6020488000131019,443168,1.2550360784029024,0.006366169040521586,443168
656,11.0,400000,0.6012829000131271,444019,1.2247771603940656,0.006302919706313834,444019
657,3.0,400000,0.6009445000131383,444395,1.310226940173418,0.005898249448751387,444395
658,9.0,400000,0.6002209000131621,445199,1.1386816583166075,0.005886643352828264,445199
659,10.0,400000,0.5994919000131861,446009,1.1444198836882908,0.0059590509747741395,446009
660,11.0,400000,0.5987602000132102,446822,1.143644944548167,0.006428097336791309,446822
661,10.0,400000,0.5980384000132339,447624,1.1331926644814578,0.005592217666641031,447624
662,6.0,400000,0.5974750000132525,448250,1.0895449218277733,0.006504655885863484,448250
663,4.0,400000,0.5971276000132639,448636,1.2325971060929521,0.005998738567131316,448636
664,6.0,400000,0.5965426000132832,449286,1.145249696969986,0.006037135276352414,449286
665,5.0,400000,0.5961862000132949,449682,1.2129000837002137,0.0061373342266024065,449682
666,4.0,400000,0.5958424000133062,450064,1.4521222689544968,0.006004605530206534,450064
667,10.0,400000,0.5951134000133302,450874,1.2646691975034314,0.0060855596337070755,450874
668,10.0,400000,0.5943772000133545,451692,1.2113704106116936,0.006399842990450743,451692
669,9.0,400000,0.5936653000133779,452483,1.1531920951476742,0.005726587285161696,452483
670,11.0,400000,0.592933600013402,453296,1.227761516418551,0.00628063225944562,453296
671,6.0,400000,0.5923675000134206,453925,1.273275931518294,0.006184717368953439,453925
672,10.0,400000,0.5916475000134443,454725,1.2419033620133997,0.006090779862934142,454725
673,10.0,400000,0.590959900013467,455489,1.1300636703899394,0.005950751161587995,455489
674,6.0,400000,0.5903749000134862,456139,1.217416356756137,0.00607612084561529,456139
675,6.0,400000,0.5898007000135052,456777,1.078207755443818,0.005861160389533074,456777
676,9.0,400000,0.5890969000135283,457559,1.211014836035726,0.006445077708740706,457559
677,10.0,400000,0.5884021000135512,458331,1.2300377422123376,0.0057188630090644005,458331
678,4.0,400000,0.588074500013562,458695,1.440936752646179,0.006069533014861908,458695
679,8.0,400000,0.5873608000135855,459488,1.159841162334625,0.006297221881323371,459488
680,9.0,400000,0.5866507000136089,460277,1.1734274500374255,0.0059241121095922125,460277
681,6.0,400000,0.5860747000136278,460917,1.1864835888147354,0.0060562272593870144,460917
682,6.0,400000,0.5855041000136466,461551,1.1002202090404762,0.006030957113359453,461551
683,10.0,400000,0.5847715000136707,462365,1.1467949897050858,0.005850431960961651,462365
684,11.0,400000,0.5840137000136957,463207,1.2120659268171374,0.005944981570386011,463207
685,10.0,400000,0.5833225000137184,463975,1.2305258609509717,0.005907164969282046,463975
686,8.0,400000,0.5826097000137419,464767,1.2028530399606685,0.0056691742993096325,464767
687,7.0,400000,0.5820148000137615,465428,1.175814166597447,0.005893263177531975,465428
688,10.0,400000,0.5813056000137848,466216,1.2632088130954557,0.006092899509479273,466216
689,3.0,400000,0.580965400013796,466594,1.3591998878610196,0.005777334382174852,466594
690,19.0,400000,0.5791681000138552,468591,1.2237883554916114,0.006015317993112418,468591
691,6.0,400000,0.5785993000138739,469223,1.2487397795613808,0.0058128550319244965,469223
692,16.0,400000,0.5777542000139018,470162,1.237300346041132,0.0060435900141629344,470162
693,10.0,400000,0.5770108000139262,470988,1.273153151604223,0.005779169410624717,470988
694,10.0,400000,0.5763214000139489,471754,1.148301409017635,0.005531869994205308,471754
695,8.0,400000,0.5756068000139725,472548,1.1751412610037801,0.006373724170281055,472548
696,5.0,400000,0.5752423000139845,472953,1.2386956830819449,0.0054387649716694415,472953
697,13.0,400000,0.5744782000140096,473802,1.2119217607312265,0.005894332554493564,473802
698,11.0,400000,0.5737600000140333,474600,1.2342727734406191,0.00604851494729548,474600
699,10.0,400000,0.5730463000140568,475393,1.1518555406438749,0.00587364571225685,475393
700,10.0,400000,0.57234160001408,476176,1.1514508932410223,0.005888599429779423,476176
701,7.0,400000,0.5716315000141033,476965,1.2662012062976267,0.005875933652778224,476965
702,8.0,400000,0.5709376000141262,477736,1.2101546679025494,0.005737637986038569,477736
703,10.0,400000,0.5702122000141501,478542,1.318198934715084,0.006136159048728857,478542
704,10.0,400000,0.5695075000141733,479325,1.1930535226337144,0.005933996070444579,479325
705,2.0,400000,0.5691682000141844,479702,1.3860330874154676,0.0056539651112067725,479702
706,6.0,400000,0.5685724000142041,480364,1.3202619178057438,0.005992168350302786,480364
707,12.0,400000,0.5678227000142287,481197,1.1528402807331886,0.006416322002877757,481197
708,10.0,400000,0.567117100014252,481981,1.2520764351499325,0.005694003909875577,481981
709,10.0,400000,0.5663764000142764,482804,1.1955660807912578,0.005930959002693656,482804
710,10.0,400000,0.5656663000142997,483593,1.1803824806016963,0.005898422024142545,483593
711,9.0,400000,0.5649472000143234,484392,1.2151836633533053,0.005505794937509952,484392
712,6.0,400000,0.5643730000143423,485030,1.113578367336043,0.006180123813675868,485030
713,12.0,400000,0.5636440000143663,485840,1.1284240122194644,0.005408401490134521,485840
714,9.0,400000,0.562954600014389,486606,1.2815927518021033,0.006044555800512807,486606
715,13.0,400000,0.5621986000144139,487446,1.1737328025911535,0.005674303377219032,487446
716,8.0,400000,0.5614993000144369,488223,1.2342885074084637,0.006052634206002979,488223
717,11.0,400000,0.5607919000144602,489009,1.343968051307984,0.006174349211283447,489009
718,10.0,400000,0.5600953000144832,489783,1.2108967061652693,0.005922614332668733,489783
719,4.0,400000,0.5597425000144948,490175,1.2145022836570838,0.006175067760430428,490175
720,6.0,400000,0.5591737000145135,490807,1.2677466943388498,0.006533095598570071,490807
721,8.0,400000,0.5584645000145368,491595,1.264525164164565,0.0063902049483557065,491595
722,9.0,400000,0.5577571000145601,492381,1.2987829600354188,0.006368249521618022,492381
723,10.0,400000,0.5570416000145837,493176,1.2105000522151683,0.005889330020411608,493176
724,12.0,400000,0.5563297000146071,493967,1.1641172608443067,0.006177924001867873,493967
725,9.0,400000,0.5556394000146299,494734,1.2002227588458354,0.00624815921237385,494734
726,9.0,400000,0.5549266000146533,495526,1.2048775422377418,0.005961951649541416,495526
727,9.0,400000,0.554208400014677,496324,1.2972430657399328,0.005986134378332295,496324
728,6.0,400000,0.5536135000146966,496985,1.2518781633221976,0.0061804135657604585,496985
729,11.0,400000,0.5528350000147222,497850,1.2848620323431974,0.005973480113935415,497850
730,8.0,400000,0.5521321000147453,498631,1.2399226324048451,0.005613813432760503,498631
731,9.0,400000,0.5514229000147687,499419,1.2911224783904056,0.0060444365106765326,499419
732,9.0,400000,0.5506930000147927,500230,1.3207463793704601,0.005718803171754003,500230
733,9.0,400000,0.5499919000148158,501009,1.220058578620061,0.0059493455084803516,501009
734,6.0,400000,0.5494060000148351,501660,1.1513890314578277,0.0056915586161929346,501660
735,2.0,400000,0.5490640000148463,502040,1.4725197434425354,0.0057718050396560056,502040
736,9.0,400000,0.5483728000148691,502808,1.2532345451569806,0.006097476049944817,502808
737,10.0,400000,0.5476618000148925,503598,1.247764986112148,0.006204577322085565,503598
738,10.0,400000,0.5469445000149161,504395,1.2121179789641272,0.006037430381510463,504395
739,4.0,400000,0.5465953000149276,504783,1.426723631002854,0.005898433640394024,504783
740,6.0,400000,0.5460256000149464,505416,1.1807145556849892,0.0055992996240495215,505416
741,6.0,400000,0.5454577000149651,506047,1.1676876917127195,0.006093579943547551,506047
742,9.0,400000,0.5447530000149883,506830,1.227773048221532,0.005991677381410495,506830
743,10.0,400000,0.5440573000150112,507603,1.192415551102948,0.0061027338668595,507603
744,15.0,400000,0.5432023000150393,508553,1.3415873217268994,0.005750743241545646,508553
