Date/Time Start,2019-03-15 19:27:44.439068
EPISODES,BATCH_SIZE,GAMMA,NO_OP_STEPS,LEARNING_RATE,MIN_GRAD
1001,32,0.99,30,0.00025,0.01
Episode,Score,Mem Lenght,Epsilon,Global Step,Average_q,Average_Loss,Frames
0,3.0,205,1.0,205,0.046825580117179126,0.0,205
1,2.0,408,1.0,408,0.04483280653877211,0.0,408
2,2.0,577,1.0,577,0.0446110487469202,0.0,577
3,2.0,746,1.0,746,0.04551333651916515,0.0,746
4,3.0,962,1.0,962,0.04703628999629506,0.0,962
5,2.0,1140,0.9998740000000041,1140,0.0355120086414593,0.004317730380095649,1140
6,3.0,1368,0.9996688000000109,1368,0.03258486408250112,0.005776101488966863,1368
7,4.0,1625,0.9994375000000185,1625,0.03290121010885164,0.00560050643719333,1625
8,2.0,1805,0.9992755000000239,1805,0.033725554154564935,0.005675372481164231,1805
9,1.0,1936,0.9991576000000277,1936,0.03868703128954836,0.006731654535750756,1936
10,0.0,2043,0.9990613000000309,2043,0.040518698447914885,0.006484726667979452,2043
11,3.0,2255,0.9988705000000372,2255,0.034047665100825845,0.005409885621299148,2255
12,3.0,2465,0.9986815000000434,2465,0.03778434734614122,0.006103987154771554,2465
13,7.0,2879,0.9983089000000557,2879,0.03950703276798201,0.00640057346134085,2879
14,5.0,3194,0.998025400000065,3194,0.03927846296675622,0.006544231117836067,3194
15,4.0,3448,0.9977968000000725,3448,0.039848824757642634,0.006260428278738535,3448
16,2.0,3648,0.9976168000000785,3648,0.03976570598781109,0.0070809891841599895,3648
17,1.0,3795,0.9974845000000828,3795,0.03743944916443354,0.005887784902679538,3795
18,4.0,4079,0.9972289000000912,4079,0.04255447443574667,0.007095277925760507,4079
19,0.0,4189,0.9971299000000945,4189,0.04493686092848127,0.007710699089313328,4189
20,4.0,4458,0.9968878000001025,4458,0.03354796312998662,0.005116039048459063,4458
21,4.0,4705,0.9966655000001098,4705,0.03690638839595231,0.0061798641093884525,4705
22,3.0,4938,0.9964558000001167,4938,0.03793540778429979,0.006288772323067013,4938
23,2.0,5146,0.9962686000001229,5146,0.03741450698222392,0.006134166597584785,5146
24,1.0,5277,0.9961507000001267,5277,0.03871141891670591,0.006575034521737861,5277
25,1.0,5427,0.9960157000001312,5427,0.036026360367735225,0.006467686624237103,5427
26,2.0,5607,0.9958537000001365,5607,0.03825611865354909,0.007342189358658087,5607
27,3.0,5842,0.9956422000001435,5842,0.036446799504313065,0.0061080482454928375,5842
28,3.0,6085,0.9954235000001507,6085,0.0355526101258066,0.0062209234749516255,6085
29,4.0,6353,0.9951823000001586,6353,0.036723183808542455,0.006220404440058185,6353
30,1.0,6485,0.9950635000001625,6485,0.03486694068168149,0.006171092693779373,6485
31,5.0,6790,0.9947890000001716,6790,0.041052696524096315,0.0067384903845553795,6790
32,1.0,6917,0.9946747000001753,6917,0.03597956221169374,0.005238803665275827,6917
33,3.0,7128,0.9944848000001816,7128,0.037197757529986414,0.007789815574961243,7128
34,3.0,7379,0.994258900000189,7379,0.033913592789396346,0.0068660832262665,7379
35,1.0,7525,0.9941275000001933,7525,0.03904283879809592,0.006524350159776226,7525
36,0.0,7635,0.9940285000001966,7635,0.03497685028070753,0.005468148864813636,7635
37,3.0,7837,0.9938467000002026,7837,0.035219264769981995,0.005851599026016737,7837
38,2.0,8036,0.9936676000002085,8036,0.0330199746031258,0.0057493230076614225,8036
39,4.0,8314,0.9934174000002167,8314,0.03169749285221743,0.005852192406315788,8314
40,6.0,8672,0.9930952000002273,8672,0.038046846088209296,0.0067036117234161976,8672
41,3.0,8911,0.9928801000002344,8911,0.032120732107359495,0.006180501774841896,8911
42,4.0,9150,0.9926650000002415,9150,0.03459918434306917,0.005610885502970617,9150
43,2.0,9331,0.9925021000002469,9331,0.03470573292335094,0.006880856325114416,9331
44,3.0,9542,0.9923122000002531,9542,0.03709243493975621,0.005679376306357381,9542
45,1.0,9700,0.9921700000002578,9700,0.035611618227690836,0.006787710813033657,9700
46,4.0,9963,0.9919333000002656,9963,0.035260200436747574,0.006020146178924536,9963
47,3.0,10170,0.9917470000002717,10170,0.043826892810023346,0.005245166331348808,10170
48,2.0,10338,0.9915958000002767,10338,0.0498495610386488,0.0070830276216015805,10338
49,1.0,10486,0.9914626000002811,10486,0.049483365530299174,0.006877634811939356,10486
50,5.0,10789,0.9911899000002901,10789,0.05073895166465158,0.006509973260846783,10789
51,1.0,10923,0.991069300000294,10923,0.04865226649971151,0.006453908784120602,10923
52,1.0,11053,0.9909523000002979,11053,0.045386578171299055,0.00605792202975583,11053
53,8.0,11454,0.9905914000003098,11454,0.05258274175914148,0.0069482160616823425,11454
54,2.0,11646,0.9904186000003155,11646,0.05143631263248002,0.006870256251185462,11646
55,1.0,11800,0.99028000000032,11800,0.04532628317738508,0.005713657272517357,11800
56,0.0,11912,0.9901792000003233,11912,0.04841190869254725,0.006211463955099005,11912
57,2.0,12093,0.9900163000003287,12093,0.05157530435376404,0.006891412929247792,12093
58,3.0,12294,0.9898354000003347,12294,0.04748924860536163,0.005916134443748942,12294
59,3.0,12501,0.9896491000003408,12501,0.04858629930998392,0.006169797109679267,12501
60,0.0,12634,0.9895294000003447,12634,0.04692653734657101,0.004789247705759367,12634
61,3.0,12867,0.9893197000003516,12867,0.04798097683060834,0.006136426973616172,12867
62,4.0,13126,0.9890866000003593,13126,0.04780071322234441,0.006372173163209099,13126
63,1.0,13270,0.9889570000003636,13270,0.05050820865047475,0.006399638739089318,13270
64,1.0,13397,0.9888427000003673,13397,0.049563118322627754,0.007248879418633677,13397
65,0.0,13529,0.9887239000003712,13529,0.04790956848724322,0.005630370610781414,13529
66,3.0,13770,0.9885070000003784,13770,0.047313585614638706,0.006148506988403477,13770
67,2.0,13946,0.9883486000003836,13946,0.04786937597038394,0.006460887834092236,13946
68,4.0,14196,0.988123600000391,14196,0.04877814424037934,0.006394123868973111,14196
69,2.0,14393,0.9879463000003968,14393,0.04796332899991631,0.006165361648499623,14393
70,3.0,14611,0.9877501000004033,14611,0.05065203123136398,0.006088667740670744,14611
71,2.0,14799,0.9875809000004089,14799,0.05080028270628858,0.0057472887364712465,14799
72,3.0,15042,0.9873622000004161,15042,0.04553857182033758,0.006200296723240351,15042
73,3.0,15241,0.987183100000422,15241,0.0436411400199236,0.0053436240235732015,15241
74,1.0,15388,0.9870508000004263,15388,0.043827912054297063,0.005546438175714479,15388
75,2.0,15565,0.9868915000004316,15565,0.046652323718966736,0.0054866272517232325,15565
76,1.0,15705,0.9867655000004357,15705,0.046395002358726095,0.005397320101773013,15705
77,4.0,15954,0.9865414000004431,15954,0.04644812570219059,0.0068999086089246865,15954
78,3.0,16176,0.9863416000004497,16176,0.04778348141022631,0.006098256927617587,16176
79,3.0,16392,0.9861472000004561,16392,0.04658299110208949,0.0069542522150927485,16392
80,5.0,16729,0.9858439000004661,16729,0.05230335552986015,0.006618800273425098,16729
81,2.0,16923,0.9856693000004718,16923,0.04455144346221206,0.00563065683899808,16923
82,3.0,17183,0.9854353000004795,17183,0.05117428812843103,0.005793751734549565,17183
83,5.0,17480,0.9851680000004883,17480,0.04395750789630293,0.005956539297441624,17480
84,1.0,17618,0.9850438000004924,17618,0.04670696953932444,0.006135048143166216,17618
85,3.0,17824,0.9848584000004985,17824,0.04560504199087041,0.005908377721134103,17824
86,3.0,18024,0.9846784000005044,18024,0.047076593413949014,0.005841398921729706,18024
87,1.0,18167,0.9845497000005087,18167,0.04572298974319772,0.006258066532138871,18167
88,4.0,18422,0.9843202000005162,18422,0.04173427564548511,0.0051437175505556045,18422
89,3.0,18667,0.9840997000005235,18667,0.04521736478318973,0.006020648738981714,18667
90,3.0,18897,0.9838927000005303,18897,0.04763768120952275,0.006009910853469552,18897
91,1.0,19026,0.9837766000005341,19026,0.050539013980201976,0.007483653420690256,19026
92,1.0,19159,0.9836569000005381,19159,0.045208717199196495,0.005907080289978325,19159
93,4.0,19406,0.9834346000005454,19406,0.05005206656359468,0.005968990116428465,19406
94,2.0,19599,0.9832609000005511,19599,0.048479493128357774,0.006376939914533097,19599
95,1.0,19750,0.9831250000005556,19750,0.05087991887765215,0.00680025578884135,19750
96,4.0,20034,0.982869400000564,20034,0.046261211949020206,0.006030970246203498,20034
97,4.0,20320,0.9826120000005725,20320,0.06407218380876771,0.0066866371869993375,20320
98,1.0,20474,0.982473400000577,20474,0.06320434627304604,0.0062007823710570975,20474
99,2.0,20663,0.9823033000005826,20663,0.06259965287551048,0.00627447117925426,20663
100,2.0,20860,0.9821260000005885,20860,0.06577866293754675,0.006880603986380455,20860
101,4.0,21114,0.981897400000596,21114,0.06162711420631784,0.006192550465702808,21114
102,1.0,21260,0.9817660000006003,21260,0.06703045451375719,0.007155257807338885,21260
103,3.0,21458,0.9815878000006062,21458,0.059349043445304187,0.005931078207958298,21458
104,2.0,21674,0.9813934000006126,21674,0.06874687829986215,0.007483051875792794,21674
105,3.0,21884,0.9812044000006188,21884,0.06226654327696278,0.005828353218982687,21884
106,6.0,22229,0.980893900000629,22229,0.05796328867259233,0.005867984785178071,22229
107,1.0,22353,0.9807823000006327,22353,0.06584479791983482,0.006342507560886236,22353
108,3.0,22570,0.9805870000006391,22570,0.0617603907353043,0.006931463798361121,22570
109,3.0,22802,0.980378200000646,22802,0.06803637979038317,0.005447492082143511,22802
110,3.0,23011,0.9801901000006522,23011,0.06108193343692419,0.005473352940063279,23011
111,3.0,23217,0.9800047000006583,23217,0.059859786037970514,0.005695850643145234,23217
112,4.0,23523,0.9797293000006674,23523,0.06776411882510372,0.00620127592711927,23523
113,1.0,23648,0.9796168000006711,23648,0.05930742859840393,0.005213369143304589,23648
114,0.0,23771,0.9795061000006747,23771,0.06755409798607594,0.00722993613935688,23771
115,3.0,23980,0.9793180000006809,23980,0.05868720405837566,0.005896561532552186,23980
116,1.0,24126,0.9791866000006852,24126,0.06247172073448357,0.006228344324844242,24126
117,2.0,24307,0.9790237000006906,24307,0.06152893890992054,0.004944417216021211,24307
118,1.0,24446,0.9788986000006947,24446,0.06280044565419499,0.005879132449473814,24446
119,5.0,24775,0.9786025000007045,24775,0.06303934720104226,0.006208093058085843,24775
120,2.0,24962,0.97843420000071,24962,0.06396176670005614,0.0064164299904643516,24962
121,1.0,25092,0.9783172000007139,25092,0.06225715245191867,0.004291327094996142,25092
122,4.0,25372,0.9780652000007222,25372,0.06033871619563017,0.005727848397847473,25372
123,1.0,25543,0.9779113000007272,25543,0.06295707246713471,0.007268184678411528,25543
124,2.0,25727,0.9777457000007327,25727,0.05695743018599308,0.006367737468261349,25727
125,1.0,25863,0.9776233000007367,25863,0.05901656617574832,0.005697667516829717,25863
126,2.0,26056,0.9774496000007424,26056,0.057191883382710765,0.005453597462617393,26056
127,5.0,26348,0.9771868000007511,26348,0.05766127785438136,0.006166805572027517,26348
128,2.0,26519,0.9770329000007562,26519,0.05858206997315089,0.005414052366815444,26519
129,1.0,26680,0.9768880000007609,26680,0.06296856719884814,0.006601397049363745,26680
130,5.0,26969,0.9766279000007695,26969,0.05714505797438968,0.0063866827194911276,26969
131,0.0,27095,0.9765145000007732,27095,0.06657790510900437,0.006940982931198613,27095
132,2.0,27277,0.9763507000007786,27277,0.0660051233698051,0.005363176456180204,27277
133,3.0,27500,0.9761500000007852,27500,0.0597069589045283,0.007032392863674933,27500
134,3.0,27712,0.9759592000007915,27712,0.06258044852260149,0.007360965116431372,27712
135,6.0,28113,0.9755983000008034,28113,0.06185851334373552,0.005757444885312723,28113
136,3.0,28326,0.9754066000008097,28326,0.058624543511951475,0.006657571643772655,28326
137,3.0,28539,0.975214900000816,28539,0.058775978783766426,0.006347919987613541,28539
138,1.0,28675,0.97509250000082,28675,0.06638339022174478,0.005437579658532473,28675
139,5.0,28983,0.9748153000008292,28983,0.06296422789719971,0.006174656017778884,28983
140,3.0,29193,0.9746263000008354,29193,0.06409014314413071,0.005710828167892552,29193
141,3.0,29389,0.9744499000008412,29389,0.06077617064726596,0.0054219683750730205,29389
142,3.0,29628,0.9742348000008483,29628,0.05345334282542372,0.005423506808861268,29628
143,0.0,29749,0.9741259000008519,29749,0.06547817569379964,0.005111422826220488,29749
144,3.0,29954,0.9739414000008579,29954,0.057650694559987,0.005183793036849238,29954
145,1.0,30077,0.9738307000008616,30077,0.08236931691445955,0.00788098815591058,30077
146,3.0,30287,0.9736417000008678,30287,0.0912852983389582,0.0051202736748261184,30287
147,3.0,30504,0.9734464000008742,30504,0.08837237140412704,0.00587346076604116,30504
148,5.0,30838,0.9731458000008841,30838,0.09306371780837368,0.0058519246378942015,30838
149,4.0,31097,0.9729127000008918,31097,0.09272321822790566,0.006777918541366809,31097
150,4.0,31355,0.9726805000008995,31355,0.09103832627798236,0.006204693720078925,31355
151,1.0,31506,0.9725446000009039,31506,0.09432769882560565,0.006264633872593092,31506
152,7.0,31940,0.9721540000009168,31940,0.08866088095760566,0.005512793812315805,31940
153,3.0,32168,0.9719488000009235,32168,0.09030560897499845,0.006132174733593594,32168
154,6.0,32499,0.9716509000009333,32499,0.08389724430901047,0.005595431274749957,32499
155,2.0,32720,0.9714520000009399,32720,0.0930595245229173,0.007296261834701032,32720
156,0.0,32823,0.971359300000943,32823,0.09414360542031168,0.005154030106248824,32823
157,0.0,32935,0.9712585000009463,32935,0.09691030033198851,0.00624837076095121,32935
158,1.0,33088,0.9711208000009508,33088,0.09012376132354237,0.006997564731707326,33088
159,3.0,33326,0.9709066000009579,33326,0.0958437067182625,0.005952667510932426,33326
160,0.0,33461,0.9707851000009619,33461,0.090691829389996,0.0036199326307488028,33461
161,2.0,33642,0.9706222000009672,33642,0.08757268205202745,0.0065285983728948374,33642
162,2.0,33836,0.970447600000973,33836,0.09360541545392312,0.005529481566807909,33836
163,3.0,34057,0.9702487000009795,34057,0.0844825026473848,0.0064530342340286834,34057
164,3.0,34287,0.9700417000009863,34287,0.08469449097047681,0.006183199756362782,34287
165,3.0,34504,0.9698464000009928,34504,0.07858971890903288,0.006003454858049241,34504
166,2.0,34682,0.969686200000998,34682,0.09262822815374042,0.006305486162908779,34682
167,2.0,34853,0.9695323000010031,34853,0.08752578675572635,0.006443008338805401,34853
168,7.0,35240,0.9691840000010146,35240,0.0916457251099345,0.006092602406214696,35240
169,3.0,35466,0.9689806000010213,35466,0.09053881459795268,0.00725326852474271,35466
170,3.0,35663,0.9688033000010271,35663,0.08644138579138644,0.006598637101126257,35663
171,2.0,35829,0.968653900001032,35829,0.0856400432446635,0.0052312866992544884,35829
172,6.0,36156,0.9683596000010417,36156,0.0865416829602434,0.006214143948043239,36156
173,2.0,36335,0.968198500001047,36335,0.09493360069044475,0.00672872197832496,36335
174,3.0,36532,0.9680212000010529,36532,0.08819823628906066,0.006119727629107166,36532
175,2.0,36711,0.9678601000010582,36711,0.08528038805257009,0.0050986468195231525,36711
176,2.0,36880,0.9677080000010632,36880,0.09069742760538349,0.0060310663326948915,36880
177,4.0,37152,0.9674632000010712,37152,0.0895723980741904,0.006436984162994175,37152
178,2.0,37334,0.9672994000010766,37334,0.09375492245941372,0.00764026830066731,37334
179,0.0,37439,0.9672049000010797,37439,0.09494776016189939,0.007616298789244389,37439
180,2.0,37610,0.9670510000010848,37610,0.09176446405941979,0.006078878307567582,37610
181,2.0,37777,0.9669007000010897,37777,0.08625780898118447,0.006013024708120278,37777
182,2.0,37951,0.9667441000010949,37951,0.08552691871407388,0.00665156018631128,37951
183,2.0,38109,0.9666019000010996,38109,0.08977404118904585,0.0060297698432747624,38109
184,3.0,38356,0.9663796000011069,38356,0.09341536278304784,0.007055050100505999,38356
185,1.0,38499,0.9662509000011111,38499,0.09731257540154291,0.006155377095599799,38499
186,6.0,38858,0.9659278000011218,38858,0.0891087577992163,0.005974680325045767,38858
187,1.0,39008,0.9657928000011262,39008,0.09280629167954127,0.00566340422608846,39008
188,2.0,39182,0.9656362000011314,39182,0.09209211414744115,0.007421064380034149,39182
189,7.0,39556,0.9652996000011425,39556,0.0917409261598944,0.006233469973520255,39556
190,3.0,39788,0.9650908000011493,39788,0.0942888225203958,0.006139826241796355,39788
191,1.0,39920,0.9649720000011532,39920,0.09716235750326604,0.007581955106505837,39920
192,2.0,40117,0.9647947000011591,40117,0.10162969637038138,0.006415577921464592,40117
193,2.0,40291,0.9646381000011642,40291,0.11905347667206292,0.006465807735293802,40291
194,4.0,40564,0.9643924000011723,40564,0.12221291653075061,0.005841237626964857,40564
195,2.0,40747,0.9642277000011777,40747,0.11084728321579636,0.007648194980201432,40747
196,1.0,40884,0.9641044000011818,40884,0.11199212900913545,0.00550251402719833,40884
197,2.0,41051,0.9639541000011868,41051,0.11153109005825249,0.006031939499430037,41051
198,5.0,41341,0.9636931000011953,41341,0.10367206527755178,0.006742143560103582,41341
199,0.0,41451,0.9635941000011986,41451,0.11758335131135854,0.005673960015503161,41451
200,3.0,41659,0.9634069000012048,41659,0.10849987969805415,0.00645199106396341,41659
201,3.0,41866,0.9632206000012109,41866,0.1134407637991767,0.007242403583769343,41866
202,1.0,42009,0.9630919000012151,42009,0.12442078066247327,0.00890582974427632,42009
203,2.0,42182,0.9629362000012203,42182,0.1107988803286773,0.006333167926273178,42182
204,2.0,42368,0.9627688000012258,42368,0.11232204575051544,0.005696623052010123,42368
205,1.0,42508,0.9626428000012299,42508,0.1128636612956013,0.0052261556360138324,42508
206,2.0,42702,0.9624682000012357,42702,0.11392965163920343,0.0060542844146522804,42702
207,8.0,43123,0.9620893000012481,43123,0.1086082961277554,0.006101140118516923,43123
208,2.0,43286,0.961942600001253,43286,0.11474361915164198,0.006247830407582298,43286
209,3.0,43517,0.9617347000012598,43517,0.10406524346117334,0.005958160252892223,43517
210,3.0,43729,0.9615439000012661,43729,0.11596402743796133,0.007482678172788648,43729
211,3.0,43941,0.9613531000012724,43941,0.10684671467345841,0.00641316173392144,43941
212,2.0,44113,0.9611983000012775,44113,0.11281563592858093,0.0071493604941573466,44113
213,2.0,44291,0.9610381000012828,44291,0.10824217915200116,0.0067818705254548955,44291
214,3.0,44496,0.9608536000012888,44496,0.11624498828882124,0.006695300440865472,44496
215,1.0,44648,0.9607168000012933,44648,0.11688001424466309,0.006516538902312612,44648
216,2.0,44830,0.9605530000012987,44830,0.12163834834655562,0.007120220386251266,44830
217,3.0,45064,0.9603424000013057,45064,0.11096132600791433,0.0066862703757796516,45064
218,1.0,45213,0.9602083000013101,45213,0.1072007358674235,0.005102134604690555,45213
219,1.0,45366,0.9600706000013146,45366,0.11566824709473092,0.005297133819814228,45366
220,4.0,45659,0.9598069000013233,45659,0.11525276242262675,0.006007053449281554,45659
221,1.0,45801,0.9596791000013275,45801,0.1152659593228723,0.004948573066773771,45801
222,3.0,46059,0.9594469000013351,46059,0.1072076828211777,0.005755405486387496,46059
223,3.0,46262,0.9592642000013412,46262,0.11379570624070802,0.0071762417380068205,46262
224,3.0,46474,0.9590734000013474,46474,0.10067063654368778,0.004996977534484307,46474
225,3.0,46708,0.9588628000013544,46708,0.10509592415685327,0.0058235969590352136,46708
226,0.0,46827,0.9587557000013579,46827,0.12020141418491091,0.006104098763333378,46827
227,1.0,46951,0.9586441000013616,46951,0.12289009567710661,0.007809553090018815,46951
228,2.0,47156,0.9584596000013677,47156,0.11680118670550789,0.006036073783829257,47156
229,0.0,47281,0.9583471000013714,47281,0.12584765368700027,0.006993371965421829,47281
230,4.0,47526,0.9581266000013786,47526,0.10023672495569502,0.006318688399614428,47526
231,1.0,47693,0.9579763000013836,47693,0.1202391936572012,0.006450054997139614,47693
232,1.0,47834,0.9578494000013877,47834,0.110012246150497,0.006180737548462237,47834
233,0.0,47930,0.9577630000013906,47930,0.11555267528941233,0.003758406538594272,47930
234,3.0,48147,0.957567700001397,48147,0.10837652407208895,0.005140212773851241,48147
235,3.0,48378,0.9573598000014039,48378,0.11110126704493642,0.00668228606674422,48378
236,4.0,48630,0.9571330000014113,48630,0.10077043392118953,0.005759517865600274,48630
237,0.0,48749,0.9570259000014149,48749,0.12489987070820913,0.008206562181144631,48749
238,1.0,48894,0.9568954000014191,48894,0.12158844399041142,0.006497767345078093,48894
239,4.0,49154,0.9566614000014269,49154,0.09758309042797639,0.0054949745378787785,49154
240,1.0,49302,0.9565282000014312,49302,0.10755976193861382,0.005010981651975197,49302
241,2.0,49481,0.9563671000014365,49481,0.1019910349193232,0.0053733203241851735,49481
242,3.0,49698,0.956171800001443,49698,0.11329256207574898,0.006778848948301375,49698
243,2.0,49879,0.9560089000014483,49879,0.11680819077715689,0.005950557365510641,49879
244,2.0,50089,0.9558199000014546,50089,0.11700892122018905,0.005758249830554026,50089
245,2.0,50254,0.9556714000014594,50254,0.126710131854722,0.007402480272701888,50254
246,3.0,50466,0.9554806000014657,50466,0.11757864237253396,0.005912121254566028,50466
247,1.0,50612,0.9553492000014701,50612,0.12326857427211657,0.006599965685892715,50612
248,5.0,50919,0.9550729000014792,50919,0.12553528213345655,0.00647292932179101,50919
249,4.0,51166,0.9548506000014865,51166,0.11504324423036112,0.005990676412833496,51166
250,3.0,51358,0.9546778000014922,51358,0.11883178271818906,0.006095133100757266,51358
251,3.0,51578,0.9544798000014987,51578,0.12281280407174067,0.005752352994394724,51578
252,2.0,51745,0.9543295000015036,51745,0.1180648786311378,0.005400087164913518,51745
253,6.0,52095,0.954014500001514,52095,0.13749615292463985,0.006712292399045379,52095
254,2.0,52288,0.9538408000015197,52288,0.13337352420227516,0.006476151665653508,52288
255,3.0,52503,0.9536473000015261,52503,0.121551150048888,0.00681292086645594,52503
256,4.0,52758,0.9534178000015336,52758,0.1209342112436014,0.006583965408408047,52758
257,0.0,52862,0.9533242000015367,52862,0.13774729204865602,0.007540003545587892,52862
258,3.0,53090,0.9531190000015435,53090,0.12010534816797365,0.006293616619554916,53090
259,0.0,53208,0.953012800001547,53208,0.1316248194898589,0.005811246590105761,53208
260,4.0,53480,0.952768000001555,53480,0.11689520810785539,0.00666987905210991,53480
261,6.0,53838,0.9524458000015656,53838,0.11439912185572379,0.006219867819094381,53838
262,4.0,54083,0.9522253000015729,54083,0.11007590950751792,0.005346521502561162,54083
263,3.0,54311,0.9520201000015797,54311,0.13135319405741858,0.006656350817130468,54311
264,3.0,54533,0.9518203000015862,54533,0.12248074035118292,0.006994506635303034,54533
265,7.0,54939,0.9514549000015983,54939,0.12919598129655926,0.006110048047539211,54939
266,6.0,55342,0.9510922000016102,55342,0.1266805062777647,0.005795521834479316,55342
267,1.0,55475,0.9509725000016142,55475,0.1237345680146289,0.005766769638120921,55475
268,1.0,55620,0.9508420000016184,55620,0.12777682635290868,0.00541086539811533,55620
269,3.0,55828,0.9506548000016246,55828,0.11185601607968028,0.005830323471601472,55828
270,5.0,56180,0.950338000001635,56180,0.13722769655710595,0.006105004313889656,56180
271,4.0,56464,0.9500824000016435,56464,0.12184821105968784,0.0069764116251078544,56464
272,2.0,56657,0.9499087000016492,56657,0.12377909092242236,0.007541286269063492,56657
273,4.0,56932,0.9496612000016573,56932,0.12563606441020966,0.006581511373634302,56932
274,3.0,57190,0.949429000001665,57190,0.13618788189550704,0.0077930876603542944,57190
275,3.0,57422,0.9492202000016718,57422,0.12083539642907422,0.005654855679353957,57422
276,2.0,57587,0.9490717000016767,57587,0.12043331012581333,0.006420777000830364,57587
277,2.0,57768,0.9489088000016821,57768,0.11961344843575968,0.005383021897247714,57768
278,3.0,57994,0.9487054000016888,57994,0.11347828950502176,0.005321466682030042,57994
279,5.0,58310,0.9484210000016982,58310,0.1290072747329368,0.006291719399297119,58310
280,3.0,58512,0.9482392000017041,58512,0.11160704851298049,0.0057030478694269,58512
281,0.0,58623,0.9481393000017074,58623,0.1313188784831279,0.005755164062033112,58623
282,7.0,59003,0.9477973000017187,59003,0.12620817005242171,0.006478579132080517,59003
283,4.0,59281,0.9475471000017269,59281,0.13718381955576459,0.005624162358655418,59281
284,2.0,59463,0.9473833000017323,59463,0.12631566441812359,0.00622903944844898,59463
285,2.0,59631,0.9472321000017373,59631,0.1277700498966234,0.007458793246509491,59631
286,2.0,59806,0.9470746000017425,59806,0.12123077520302364,0.005642227618466547,59806
287,3.0,60053,0.9468523000017498,60053,0.14291948577773717,0.006029790323516031,60053
288,2.0,60213,0.9467083000017545,60213,0.14686731193214655,0.007196473449721452,60213
289,0.0,60327,0.9466057000017579,60327,0.14980435567466835,0.005747038354999396,60327
290,2.0,60540,0.9464140000017642,60540,0.14236426108599828,0.005651054374837839,60540
291,3.0,60764,0.9462124000017709,60764,0.15173626099047915,0.0060616817248403876,60764
292,4.0,61020,0.9459820000017785,61020,0.1261718300229404,0.004818756740071706,61020
293,1.0,61182,0.9458362000017833,61182,0.15415095804650106,0.004647104506496104,61182
294,0.0,61290,0.9457390000017865,61290,0.15227233659889963,0.0064527924779987965,61290
295,5.0,61625,0.9454375000017964,61625,0.15369249101895005,0.006207664506905191,61625
296,1.0,61781,0.945297100001801,61781,0.16065349592230257,0.00802091558092891,61781
297,1.0,61935,0.9451585000018056,61935,0.1435265966340319,0.006375423985729584,61935
298,2.0,62103,0.9450073000018105,62103,0.13880198799251092,0.0062925627474788555,62103
299,3.0,62313,0.9448183000018168,62313,0.1321255596620696,0.0064329966623647905,62313
300,3.0,62543,0.9446113000018236,62543,0.12823819122884583,0.007117048188256772,62543
301,1.0,62677,0.9444907000018276,62677,0.15403699719194155,0.005632728269337172,62677
302,2.0,62841,0.9443431000018324,62841,0.13646209367164752,0.00623122437836417,62841
303,4.0,63124,0.9440884000018408,63124,0.1482734042269181,0.0063954437799644956,63124
304,3.0,63340,0.9438940000018472,63340,0.1323877232908099,0.0058661806611039705,63340
305,2.0,63495,0.9437545000018518,63495,0.14433409807182127,0.00630004871872511,63495
306,2.0,63673,0.9435943000018571,63673,0.1509300372406338,0.005317812071925903,63673
307,1.0,63812,0.9434692000018612,63812,0.13473697531995155,0.006290710163490638,63812
308,1.0,63956,0.9433396000018655,63956,0.14700380619615316,0.006269955874542019,63956
309,3.0,64201,0.9431191000018727,64201,0.1470890605936245,0.005891034181554367,64201
310,4.0,64450,0.9428950000018801,64450,0.12726135979814224,0.006989536442938607,64450
311,2.0,64636,0.9427276000018856,64636,0.14534040700684311,0.007302684421604006,64636
312,6.0,65000,0.9424000000018964,65000,0.12515827945873634,0.006383463866943482,65000
313,3.0,65211,0.9422101000019026,65211,0.1351006752436195,0.0059795125288607705,65211
314,2.0,65384,0.9420544000019078,65384,0.14907603547235446,0.007133645176624821,65384
315,0.0,65526,0.941926600001912,65526,0.15397036852131427,0.00545627322974045,65526
316,4.0,65781,0.9416971000019195,65781,0.1346126277072757,0.004794155937437893,65781
317,2.0,65964,0.941532400001925,65964,0.13679581636288127,0.006695599177491417,65964
318,1.0,66121,0.9413911000019296,66121,0.14346946073565514,0.005618126561605593,66121
319,1.0,66288,0.9412408000019346,66288,0.1401458134551248,0.0072848582441072795,66288
320,1.0,66430,0.9411130000019388,66430,0.14138449707501372,0.006510739108243413,66430
321,3.0,66680,0.9408880000019462,66680,0.15762423405051232,0.005712350644727849,66680
322,1.0,66820,0.9407620000019503,66820,0.16056122002857073,0.007705354081190307,66820
323,0.0,66934,0.9406594000019537,66934,0.15326058093393058,0.005359254158799574,66934
324,2.0,67110,0.9405010000019589,67110,0.13878570306538182,0.006368981270993986,67110
325,2.0,67289,0.9403399000019642,67289,0.14472797671176868,0.005384109025172676,67289
326,2.0,67463,0.9401833000019694,67463,0.1358518354252152,0.005723275667506463,67463
327,6.0,67813,0.9398683000019797,67813,0.12584481430905206,0.005612977555642179,67813
328,1.0,67950,0.9397450000019838,67950,0.14953207469334567,0.004933939727054472,67950
329,2.0,68127,0.939585700001989,68127,0.13143169884122696,0.006372254197133457,68127
330,2.0,68310,0.9394210000019945,68310,0.14626202895178822,0.006375307635881242,68310
331,7.0,68700,0.939070000002006,68700,0.13388984247277944,0.005650189470002377,68700
332,1.0,68855,0.9389305000020106,68855,0.1480444235186423,0.004522953795200128,68855
333,5.0,69169,0.9386479000020199,69169,0.129743456935427,0.005959683051856515,69169
334,1.0,69300,0.9385300000020238,69300,0.15232310893426415,0.00566372760731055,69300
335,3.0,69492,0.9383572000020295,69492,0.12643509346526116,0.005102600509928834,69492
336,1.0,69636,0.9382276000020338,69636,0.13570066665609679,0.005014265520268661,69636
337,4.0,69873,0.9380143000020408,69873,0.12853868736370708,0.0053171450652118,69873
338,2.0,70039,0.9378649000020457,70039,0.1442912903625563,0.005999934634709494,70039
339,2.0,70203,0.9377173000020506,70203,0.16218360304469015,0.007497604190132002,70203
340,3.0,70422,0.937520200002057,70422,0.1567074738817128,0.0054934789887950385,70422
341,1.0,70544,0.9374104000020607,70544,0.1668920802776931,0.006283725098090473,70544
342,6.0,70875,0.9371125000020705,70875,0.14634658029342346,0.005368163882313526,70875
343,4.0,71157,0.9368587000020788,71157,0.1650967870885176,0.005869606036438535,71157
344,4.0,71422,0.9366202000020867,71422,0.1427469952769999,0.00534881879614676,71422
345,0.0,71523,0.9365293000020897,71523,0.17058588475874154,0.005260223401657442,71523
346,1.0,71661,0.9364051000020938,71661,0.17730997438016144,0.006246015822398476,71661
347,2.0,71855,0.9362305000020995,71855,0.16198676348347024,0.005936559350836254,71855
348,5.0,72141,0.935973100002108,72141,0.14265853458351188,0.0051660071804989155,72141
349,1.0,72303,0.9358273000021128,72303,0.16107621788978577,0.005887319031562247,72303
350,6.0,72700,0.9354700000021245,72700,0.18807524750454901,0.0058393437941704545,72700
351,0.0,72823,0.9353593000021282,72823,0.17436659905484053,0.005244838166425887,72823
352,0.0,72932,0.9352612000021314,72932,0.1757070173364167,0.005586786249704838,72932
353,4.0,73176,0.9350416000021387,73176,0.14259776411975017,0.005978379743692876,73176
354,2.0,73346,0.9348886000021437,73346,0.16125957352273604,0.0045207137454246335,73346
355,4.0,73598,0.9346618000021512,73598,0.14428713347112376,0.005060153245238556,73598
356,2.0,73784,0.9344944000021567,73784,0.1526465877810473,0.0057991957983470075,73784
357,2.0,73959,0.9343369000021619,73959,0.1536336681672505,0.005700799210639421,73959
358,1.0,74086,0.9342226000021656,74086,0.16422314965349483,0.005679566012972147,74086
359,1.0,74222,0.9341002000021696,74222,0.15359712863231406,0.004661503502267592,74222
360,3.0,74451,0.9338941000021764,74451,0.15429685957827421,0.00549252866079467,74451
361,1.0,74579,0.9337789000021802,74579,0.17693100858014077,0.0037693054104508406,74579
362,1.0,74724,0.9336484000021845,74724,0.17278611752493628,0.006602073717984804,74724
363,3.0,74964,0.9334324000021916,74964,0.18241581668456394,0.00665148124891554,74964
364,2.0,75139,0.9332749000021968,75139,0.1722056986604418,0.005588359569051785,75139
365,3.0,75349,0.933085900002203,75349,0.15308799328548567,0.005235979035673414,75349
366,2.0,75514,0.9329374000022079,75514,0.1622818691260887,0.005889480499392834,75514
367,2.0,75705,0.9327655000022136,75705,0.17916959929840728,0.005212427627933178,75705
368,4.0,75961,0.9325351000022212,75961,0.1576304865302518,0.004670335772392065,75961
369,3.0,76188,0.9323308000022279,76188,0.15636656640122115,0.005509967003254213,76188
370,3.0,76433,0.9321103000022352,76433,0.13334346769415603,0.004555020775200208,76433
371,1.0,76580,0.9319780000022395,76580,0.1646011511282045,0.005504281233419422,76580
372,2.0,76754,0.9318214000022447,76754,0.16411556252117815,0.00527692483316561,76754
373,3.0,77013,0.9315883000022523,77013,0.1777458182863287,0.005022863472468475,77013
374,0.0,77144,0.9314704000022562,77144,0.17780829522445912,0.005903751485342207,77144
375,1.0,77299,0.9313309000022608,77299,0.18041350380066903,0.006236960073370175,77299
376,1.0,77448,0.9311968000022652,77448,0.17795855966990426,0.0047801398385666554,77448
377,2.0,77606,0.9310546000022699,77606,0.16118662167764916,0.006058331092632054,77606
378,1.0,77757,0.9309187000022744,77757,0.15812715878155056,0.005488873183827875,77757
379,3.0,77966,0.9307306000022806,77966,0.15946077034946834,0.00572562286679081,77966
380,5.0,78255,0.9304705000022891,78255,0.14485934317421337,0.005031003262059895,78255
381,3.0,78455,0.9302905000022951,78455,0.15196288302540778,0.0046051113885459925,78455
382,2.0,78633,0.9301303000023003,78633,0.1814666377861848,0.004939490370039555,78633
383,2.0,78817,0.9299647000023058,78817,0.15129107552702012,0.004248523688038799,78817
384,1.0,78991,0.929808100002311,78991,0.17781790825484814,0.004463855149387901,78991
385,5.0,79297,0.92953270000232,79297,0.14189308694277714,0.005153351182076114,79297
386,2.0,79467,0.9293797000023251,79467,0.14582811594009398,0.004841282522605016,79467
387,3.0,79698,0.9291718000023319,79698,0.1427446518625532,0.004378494910136227,79698
388,3.0,79909,0.9289819000023382,79909,0.1634378196645122,0.0056634659881961355,79909
389,2.0,80066,0.9288406000023428,80066,0.16376547273367073,0.0058500771285171895,80066
390,1.0,80213,0.9287083000023472,80213,0.17087791018745527,0.005709765448775871,80213
391,4.0,80447,0.9284977000023541,80447,0.14722077118662688,0.004763630189093722,80447
392,4.0,80698,0.9282718000023615,80698,0.14978639149214643,0.005336710250309673,80698
393,3.0,80909,0.9280819000023678,80909,0.16949089997893826,0.004360533291249499,80909
394,7.0,81300,0.9277300000023794,81300,0.1859234040198119,0.00548734146493754,81300
395,1.0,81455,0.927590500002384,81455,0.15223304542802996,0.005357003480528346,81455
396,3.0,81666,0.9274006000023902,81666,0.15387884703998883,0.004586519970522307,81666
397,0.0,81771,0.9273061000023933,81771,0.16764290602434248,0.005561872695675231,81771
398,3.0,81995,0.9271045000024,81995,0.15412297558837704,0.0047350452203837835,81995
399,2.0,82158,0.9269578000024048,82158,0.15708249400546945,0.004495649177269858,82158
400,2.0,82342,0.9267922000024102,82342,0.15387575385039268,0.004339352285549704,82342
401,4.0,82650,0.9265150000024194,82650,0.16102275842583025,0.004625344794559086,82650
402,3.0,82863,0.9263233000024257,82863,0.14449268047798408,0.004554323593031303,82863
403,3.0,83086,0.9261226000024323,83086,0.17078256587009258,0.004748072399678322,83086
404,2.0,83263,0.9259633000024375,83263,0.1583114461710224,0.004660421242048052,83263
405,1.0,83422,0.9258202000024423,83422,0.16687976348700015,0.004000017209621564,83422
406,2.0,83594,0.9256654000024473,83594,0.15914328041118245,0.004063292292971181,83594
407,2.0,83781,0.9254971000024529,83781,0.16693236734618477,0.004196599713045519,83781
408,2.0,83946,0.9253486000024578,83946,0.16667028245600787,0.00322322609043278,83946
409,3.0,84193,0.9251263000024651,84193,0.1785713877031195,0.003928774478135377,84193
410,0.0,84305,0.9250255000024684,84305,0.1625893758609891,0.004066498508044398,84305
411,2.0,84459,0.924886900002473,84459,0.16191057222230093,0.003865623694965306,84459
412,4.0,84752,0.9246232000024817,84752,0.1687462247475829,0.004061745099453458,84752
413,4.0,85009,0.9243919000024893,85009,0.16272474906555873,0.004211618446824023,85009
414,0.0,85130,0.9242830000024929,85130,0.1604797042105809,0.0042997746072502225,85130
415,1.0,85299,0.9241309000024979,85299,0.17118912961708724,0.00432033060338686,85299
416,0.0,85448,0.9239968000025023,85448,0.1660508609458104,0.00438142243670491,85448
417,3.0,85675,0.923792500002509,85675,0.16742191824750227,0.003586700401655583,85675
418,2.0,85869,0.9236179000025148,85869,0.16219241920973837,0.004437637546345154,85869
419,8.0,86292,0.9232372000025273,86292,0.1758579850795703,0.00426210561855564,86292
420,1.0,86448,0.9230968000025319,86448,0.15887708990619734,0.0034331447453111582,86448
421,4.0,86706,0.9228646000025396,86706,0.15071228605716727,0.003964358012345028,86706
422,4.0,86963,0.9226333000025472,86963,0.16529619974964788,0.0043561700390083785,86963
423,1.0,87109,0.9225019000025515,87109,0.14946471384330973,0.003364307860577617,87109
424,4.0,87371,0.9222661000025593,87371,0.14801845844579106,0.0037706787115477695,87371
425,1.0,87517,0.9221347000025636,87517,0.15481085850767892,0.004541539791205975,87517
426,2.0,87701,0.921969100002569,87701,0.16443487973478826,0.0034632441506801115,87701
427,4.0,87965,0.9217315000025769,87965,0.15181896050996851,0.0034746980819694395,87965
428,1.0,88134,0.9215794000025819,88134,0.170662267761823,0.003194408085759138,88134
429,1.0,88287,0.9214417000025864,88287,0.17201662803787032,0.003929010118013347,88287
430,0.0,88406,0.9213346000025899,88406,0.1594417244195938,0.003317887632018777,88406
431,1.0,88568,0.9211888000025947,88568,0.1631447285597707,0.0038004465764341733,88568
432,3.0,88782,0.9209962000026011,88782,0.1507070566240315,0.004073728510596755,88782
433,2.0,88951,0.9208441000026061,88951,0.1685719680063118,0.0036729852360444723,88951
434,3.0,89195,0.9206245000026133,89195,0.14268503429704024,0.00458475956946161,89195
435,5.0,89477,0.9203707000026217,89477,0.15101736900231516,0.003991372106785538,89477
436,4.0,89726,0.920146600002629,89726,0.14421295784563426,0.0045109023745045496,89726
437,2.0,89904,0.9199864000026343,89904,0.1731585856485233,0.004111836734491487,89904
438,4.0,90168,0.9197488000026421,90168,0.16774891311246337,0.00403207793165579,90168
439,2.0,90376,0.9195616000026483,90376,0.17630255594849586,0.004731015039816646,90376
440,4.0,90638,0.9193258000026561,90638,0.1664731723206644,0.004459308261793366,90638
441,3.0,90835,0.9191485000026619,90835,0.16566964433656126,0.004586408464831204,90835
442,1.0,90971,0.9190261000026659,90971,0.1611804561689496,0.003466503907555521,90971
443,4.0,91246,0.9187786000026741,91246,0.18085479633035986,0.00415639953245938,91246
444,3.0,91472,0.9185752000026808,91472,0.1635830758419712,0.003799555336908938,91472
445,4.0,91716,0.918355600002688,91716,0.1667164074959325,0.004154408494808895,91716
446,1.0,91846,0.9182386000026919,91846,0.17566702285638222,0.0034663946030027894,91846
447,5.0,92128,0.9179848000027002,92128,0.16149551981518454,0.004088015051820548,92128
448,3.0,92362,0.9177742000027072,92362,0.16016068803066882,0.003741068453307843,92362
449,4.0,92622,0.9175402000027149,92622,0.15389499171422077,0.003158313392374951,92622
450,2.0,92811,0.9173701000027205,92811,0.17343917820188734,0.004503306753215997,92811
451,3.0,93027,0.9171757000027269,93027,0.16705396289385302,0.004030277334196499,93027
452,3.0,93255,0.9169705000027336,93255,0.15911260518457807,0.003260162246733033,93255
453,1.0,93388,0.9168508000027376,93388,0.17633885324449466,0.002851692106519192,93388
454,3.0,93624,0.9166384000027445,93624,0.1630248802603554,0.0027136449572812494,93624
455,2.0,93786,0.9164926000027493,93786,0.1683947045677974,0.0032586908735224205,93786
456,3.0,94000,0.9163000000027557,94000,0.17052639507314313,0.002916389385879662,94000
457,3.0,94246,0.916078600002763,94246,0.1753354909701076,0.003204130310689102,94246
458,0.0,94348,0.915986800002766,94348,0.16985304054676317,0.004338162008185892,94348
459,9.0,94821,0.91556110000278,94821,0.1765654368393013,0.0032176074036086313,94821
460,0.0,94924,0.9154684000027831,94924,0.17759111350022475,0.003215642295225673,94924
461,2.0,95098,0.9153118000027882,95098,0.17005407022333693,0.0027144355683739033,95098
462,3.0,95321,0.9151111000027948,95321,0.15532110243902078,0.0035490362088851403,95321
463,2.0,95529,0.914923900002801,95529,0.1700690584257245,0.0035249828763076387,95529
464,2.0,95720,0.9147520000028067,95720,0.17913748140578495,0.003299039098261508,95720
465,6.0,96080,0.9144280000028173,96080,0.18700037657593688,0.002429874088526655,96080
466,5.0,96382,0.9141562000028263,96382,0.15876888751440885,0.0029784650394877278,96382
467,1.0,96534,0.9140194000028308,96534,0.17244761971462713,0.0029193490767714762,96534
468,3.0,96765,0.9138115000028376,96765,0.14800412098179647,0.003124290305878705,96765
469,3.0,96976,0.9136216000028439,96976,0.17144681257306116,0.0036321565450496873,96976
470,1.0,97139,0.9134749000028487,97139,0.16822466450783372,0.003595681559559432,97139
471,2.0,97320,0.9133120000028541,97320,0.17511477864743596,0.0024748626169915832,97320
472,1.0,97478,0.9131698000028587,97478,0.1586215689872639,0.0027301833068790237,97478
473,3.0,97702,0.9129682000028654,97702,0.16604639207279043,0.002692895692462116,97702
474,1.0,97856,0.91282960000287,97856,0.18154834114111862,0.0025462998461528974,97856
475,2.0,98023,0.9126793000028749,98023,0.1787520342333588,0.0032384526758739854,98023
476,1.0,98173,0.9125443000028793,98173,0.1826768427590529,0.002835394462454133,98173
477,4.0,98430,0.912313000002887,98430,0.158312788827468,0.002479294818338049,98430
478,3.0,98654,0.9121114000028936,98654,0.15765540641067283,0.0024830588007976723,98654
479,2.0,98821,0.9119611000028985,98821,0.16712451190827135,0.0034012467202885234,98821
480,1.0,98968,0.9118288000029029,98968,0.18163380665438517,0.0027856618571666355,98968
481,3.0,99171,0.9116461000029089,99171,0.18112990627147882,0.0032035617679750357,99171
482,1.0,99312,0.9115192000029131,99312,0.15920285441985366,0.0024101140983256177,99312
483,4.0,99546,0.91130860000292,99546,0.16898455900641587,0.0022181732267323923,99546
484,4.0,99829,0.9110539000029284,99829,0.17676802516615434,0.002543400543562271,99829
485,2.0,100019,0.910882900002934,100019,0.1755616202558342,0.002940834361728967,100019
486,1.0,100144,0.9107704000029377,100144,0.18957592123746872,0.00432492261211155,100144
487,4.0,100402,0.9105382000029454,100402,0.1942385713779187,0.0038089941003430472,100402
488,2.0,100560,0.9103960000029501,100560,0.2094126316848435,0.004015861965980767,100560
489,3.0,100773,0.9102043000029564,100773,0.19076200191613654,0.003760496594093493,100773
490,1.0,100907,0.9100837000029603,100907,0.19051221774807617,0.0033378270306470698,100907
491,7.0,101292,0.9097372000029718,101292,0.21719972940234394,0.0034477245123915572,101292
492,2.0,101493,0.9095563000029777,101493,0.17329548469823391,0.003964577227014532,101493
493,3.0,101677,0.9093907000029832,101677,0.18172528090603327,0.0037863476239220727,101677
494,1.0,101801,0.9092791000029868,101801,0.21016661185891397,0.00428262114605933,101801
495,6.0,102191,0.9089281000029984,102191,0.19933369799684256,0.0036105630047808144,102191
496,5.0,102471,0.9086761000030067,102471,0.22756927593478135,0.003516552649424349,102471
497,4.0,102724,0.9084484000030142,102724,0.19363243886722406,0.0030782197573995945,102724
498,1.0,102849,0.9083359000030179,102849,0.19808917111158372,0.0035733264236478134,102849
499,4.0,103114,0.9080974000030257,103114,0.1954536847348483,0.003310005008948655,103114
500,5.0,103425,0.907817500003035,103425,0.21113030176454034,0.003282585208095259,103425
501,1.0,103559,0.9076969000030389,103559,0.17896999713422648,0.003225131919794306,103559
502,6.0,103912,0.9073792000030494,103912,0.20072548343633795,0.0029149572874096856,103912
503,2.0,104125,0.9071875000030557,104125,0.20094590392750752,0.0035204086754521075,104125
504,5.0,104447,0.9068977000030652,104447,0.1894260207827417,0.0035883928264541154,104447
505,1.0,104598,0.9067618000030697,104598,0.19287544237264734,0.003941728791061231,104598
506,3.0,104818,0.9065638000030762,104818,0.19201116936111992,0.0037614189216996735,104818
507,0.0,104930,0.9064630000030796,104930,0.18048740750444786,0.003553113412376011,104930
508,3.0,105153,0.9062623000030862,105153,0.1868560655301462,0.002698073615341561,105153
509,4.0,105442,0.9060022000030947,105442,0.1999163488925122,0.0035240135856678106,105442
510,2.0,105644,0.9058204000031007,105644,0.18512810930831008,0.0029475610809091488,105644
511,2.0,105842,0.9056422000031066,105842,0.1930495117123079,0.0028775183489580577,105842
512,3.0,106038,0.9054658000031124,106038,0.19414157203721757,0.0028831890723657644,106038
513,2.0,106225,0.9052975000031179,106225,0.1830106283572906,0.0033655214171052317,106225
514,1.0,106395,0.905144500003123,106395,0.18709066291065776,0.0030128369030374895,106395
515,6.0,106738,0.9048358000031331,106738,0.2120195318328396,0.0032869435132743515,106738
516,3.0,106947,0.9046477000031393,106947,0.19256790231859855,0.002851206512343162,106947
517,2.0,107138,0.904475800003145,107138,0.1867769234545568,0.0028096011625947212,107138
518,1.0,107278,0.9043498000031491,107278,0.20474118547780173,0.0026092737061844673,107278
519,1.0,107414,0.9042274000031532,107414,0.20803950310629957,0.0032965299930016474,107414
520,0.0,107538,0.9041158000031568,107538,0.1794401272650688,0.0026517991520977964,107538
521,4.0,107819,0.9038629000031652,107819,0.18541520605944228,0.0028035902735049916,107819
522,3.0,108025,0.9036775000031713,108025,0.19837931133083347,0.0030702053610687833,108025
523,3.0,108235,0.9034885000031775,108235,0.1928180156719117,0.0035802842937430667,108235
524,1.0,108388,0.903350800003182,108388,0.18697538007708156,0.0032624391015678767,108388
525,2.0,108549,0.9032059000031868,108549,0.20285985595691278,0.0030782182627336393,108549
526,3.0,108758,0.903017800003193,108758,0.19440587545838653,0.0034506624411106716,108758
527,2.0,108957,0.9028387000031989,108957,0.17860970687327074,0.003043579955625666,108957
528,1.0,109111,0.9027001000032034,109111,0.18907838730843035,0.0026646632843228685,109111
529,3.0,109388,0.9024508000032117,109388,0.19334077232581184,0.003126764858361869,109388
530,3.0,109617,0.9022447000032184,109617,0.18402447512446532,0.0024863004565824714,109617
531,3.0,109819,0.9020629000032244,109819,0.19475541844742722,0.0031672846921582736,109819
532,2.0,109995,0.9019045000032296,109995,0.20725560514256358,0.0023957212297525325,109995
533,5.0,110295,0.9016345000032385,110295,0.2230409671117862,0.003991777103377293,110295
534,5.0,110653,0.9013123000032491,110653,0.19626889038602066,0.00423563741035818,110653
535,5.0,110995,0.9010045000032593,110995,0.2341512983218271,0.0035830158114379504,110995
536,2.0,111179,0.9008389000032647,111179,0.20180172355764586,0.003822208892119227,111179
537,1.0,111332,0.9007012000032693,111332,0.21089818060787674,0.003499934015041552,111332
538,3.0,111554,0.9005014000032758,111554,0.20638869944456462,0.002819165575642769,111554
539,3.0,111758,0.9003178000032819,111758,0.2095047198601213,0.003986977226661253,111758
540,4.0,112048,0.9000568000032905,112048,0.23009193596141092,0.003921921685744972,112048
541,3.0,112280,0.8998480000032973,112280,0.21028435040779156,0.0037169593015278224,112280
542,2.0,112476,0.8996716000033032,112476,0.2051211850983756,0.0032162112319179424,112476
543,1.0,112612,0.8995492000033072,112612,0.22815200850805817,0.003972738346767394,112612
544,0.0,112711,0.8994601000033101,112711,0.19494240241821367,0.0037143102505584153,112711
545,1.0,112841,0.899343100003314,112841,0.2199435583100869,0.0036210168380281316,112841
546,5.0,113198,0.8990218000033245,113198,0.23219695925211706,0.00312711297175622,113198
547,1.0,113348,0.898886800003329,113348,0.2179901660978794,0.0036725263222372934,113348
548,3.0,113544,0.8987104000033348,113544,0.2339075762702494,0.0035712222604847832,113544
549,5.0,113833,0.8984503000033434,113833,0.20996599647000586,0.003458912232269877,113833
550,1.0,113983,0.8983153000033478,113983,0.21200802624225618,0.0034048718439104657,113983
551,0.0,114100,0.8982100000033513,114100,0.1977019941704905,0.002900565495538181,114100
552,1.0,114235,0.8980885000033553,114235,0.22215876479943594,0.002873774197925943,114235
553,2.0,114417,0.8979247000033607,114417,0.20114288372652872,0.0018024790345977065,114417
554,1.0,114558,0.8977978000033648,114558,0.21373063029972375,0.002073141682235828,114558
555,1.0,114684,0.8976844000033686,114684,0.2351004197483971,0.0031046783519524893,114684
556,0.0,114810,0.8975710000033723,114810,0.19670988855853913,0.0031268991799787193,114810
557,0.0,114911,0.8974801000033753,114911,0.19659701889694328,0.0022460390334732203,114911
558,1.0,115072,0.8973352000033801,115072,0.21404469568536888,0.0023838351028739988,115072
559,2.0,115240,0.897184000003385,115240,0.20817246540848697,0.0031225683672974334,115240
560,1.0,115398,0.8970418000033897,115398,0.19244276331383972,0.0030002815588265055,115398
561,3.0,115610,0.896851000003396,115610,0.20808533756589553,0.0035903745438705336,115610
562,1.0,115747,0.8967277000034001,115747,0.1880514851778093,0.0029269008971385345,115747
563,6.0,116073,0.8964343000034097,116073,0.1731038079282806,0.002771698323018996,116073
564,3.0,116283,0.896245300003416,116283,0.20370294916487874,0.002202319413169919,116283
565,1.0,116433,0.8961103000034204,116433,0.1976545934875806,0.002385216305871533,116433
566,1.0,116570,0.8959870000034245,116570,0.22328516199205914,0.00251443756982832,116570
567,5.0,116872,0.8957152000034334,116872,0.2553559101081842,0.0023834272436075803,116872
568,2.0,117092,0.8955172000034399,117092,0.20504420328546655,0.0028690239619126342,117092
569,1.0,117231,0.895392100003444,117231,0.2159749307006383,0.002345852489538596,117231
570,3.0,117448,0.8951968000034505,117448,0.2052550292509492,0.0027708524947329897,117448
571,4.0,117707,0.8949637000034582,117707,0.20217920140755222,0.002984398025837857,117707
572,1.0,117835,0.8948485000034619,117835,0.21016858844086528,0.002930121997707147,117835
573,2.0,118034,0.8946694000034678,118034,0.18901124914836645,0.0029710472663282417,118034
574,4.0,118301,0.8944291000034758,118301,0.22712189620465376,0.0034347246417089903,118301
575,3.0,118501,0.8942491000034817,118501,0.2176603998988867,0.0032083248765411554,118501
576,1.0,118643,0.8941213000034859,118643,0.20011329913223294,0.002120590689026383,118643
577,0.0,118751,0.8940241000034891,118751,0.1853431453583417,0.0019060838958466775,118751
578,1.0,118893,0.8938963000034933,118893,0.1967281425293063,0.0032603919609473578,118893
579,3.0,119116,0.8936956000034999,119116,0.2075416058168283,0.002847584503654661,119116
580,1.0,119286,0.8935426000035049,119286,0.20856220459236818,0.0032444900408710752,119286
581,1.0,119428,0.8934148000035091,119428,0.2001358488915672,0.0031896126206255515,119428
582,4.0,119690,0.8931790000035169,119690,0.20454322865218608,0.003318012054895021,119690
583,1.0,119819,0.8930629000035207,119819,0.21738720119230506,0.0027665290640294373,119819
584,2.0,119990,0.8929090000035258,119990,0.22065547439787123,0.002824396957677029,119990
585,4.0,120246,0.8926786000035334,120246,0.25349118310259655,0.004373960455069437,120246
586,2.0,120440,0.8925040000035391,120440,0.2237495689355221,0.004013843773304636,120440
587,2.0,120629,0.8923339000035447,120629,0.20944157942498803,0.003745145170743671,120629
588,3.0,120845,0.8921395000035511,120845,0.25094039945138824,0.003884247293525631,120845
589,1.0,120982,0.8920162000035552,120982,0.2284994179750011,0.003280193135186938,120982
590,4.0,121244,0.891780400003563,121244,0.2258150222647281,0.003913043619498774,121244
591,1.0,121374,0.8916634000035668,121374,0.22908731882388775,0.003973725255547414,121374
592,1.0,121545,0.8915095000035719,121545,0.22035569919828782,0.003910906445440954,121545
593,6.0,121851,0.8912341000035809,121851,0.2719665716578758,0.0037179420183521537,121851
594,2.0,122027,0.8910757000035862,122027,0.22870113226500424,0.003662179935790019,122027
595,6.0,122367,0.8907697000035962,122367,0.23432363804210635,0.0031886167148888274,122367
596,1.0,122519,0.8906329000036007,122519,0.21235602956853414,0.0033876096633895557,122519
597,3.0,122754,0.8904214000036077,122754,0.22401745102189957,0.0034623926687964604,122754
598,2.0,122933,0.890260300003613,122933,0.2387519865895117,0.0040025126603032025,122933
599,4.0,123174,0.8900434000036201,123174,0.24013160342250128,0.003612968713245345,123174
600,2.0,123378,0.8898598000036262,123378,0.219873424035077,0.0027087214181722398,123378
601,3.0,123575,0.889682500003632,123575,0.24611390484166024,0.0027745583412176304,123575
602,1.0,123716,0.8895556000036362,123716,0.23729288969056825,0.0029676060021688985,123716
603,0.0,123839,0.8894449000036398,123839,0.20812932008165655,0.0034337521816283933,123839
604,3.0,124033,0.8892703000036456,124033,0.260691271192327,0.003114159080873786,124033
605,2.0,124209,0.8891119000036508,124209,0.24385133453390814,0.00280248908556628,124209
606,2.0,124410,0.8889310000036568,124410,0.2273734588528154,0.003549043677164594,124410
607,1.0,124565,0.8887915000036614,124565,0.23536448421016817,0.0034559821418952198,124565
608,3.0,124791,0.8885881000036681,124791,0.24127253646080474,0.0028452100277315843,124791
609,4.0,125072,0.8883352000036764,125072,0.2388681227414209,0.0028185043552589233,125072
610,4.0,125319,0.8881129000036837,125319,0.24372185000523863,0.0029865757601236316,125319
611,0.0,125437,0.8880067000036872,125437,0.19355486585932263,0.00303314383844258,125437
612,3.0,125635,0.8878285000036931,125635,0.2527960824093433,0.002749232823249497,125635
613,2.0,125815,0.8876665000036984,125815,0.2421809133556154,0.00313987520077919,125815
614,2.0,125998,0.8875018000037038,125998,0.23361523319137553,0.003104250839926669,125998
615,1.0,126148,0.8873668000037083,126148,0.23995280931393306,0.002807402797358615,126148
616,3.0,126366,0.8871706000037147,126366,0.2529910028390928,0.0023353384542567314,126366
617,3.0,126587,0.8869717000037213,126587,0.23189302456324995,0.0025812750721248383,126587
618,0.0,126697,0.8868727000037245,126697,0.19760114726695147,0.0026279134447659918,126697
619,2.0,126872,0.8867152000037297,126872,0.2314105771269117,0.002530600681368794,126872
620,3.0,127084,0.886524400003736,127084,0.23010185192216118,0.0024483520491968484,127084
621,4.0,127357,0.8862787000037441,127357,0.22834078323491763,0.0028998610438872173,127357
622,2.0,127551,0.8861041000037498,127551,0.24437192550946757,0.0029011096232408684,127551
623,3.0,127783,0.8858953000037567,127783,0.22075042289135785,0.002523114427480448,127783
624,2.0,127955,0.8857405000037618,127955,0.23108742230160292,0.002727382010985017,127955
625,2.0,128109,0.8856019000037664,128109,0.24649712007928204,0.0026796194944907186,128109
626,4.0,128362,0.8853742000037739,128362,0.24645064158637534,0.0026897305685160827,128362
627,2.0,128540,0.8852140000037791,128540,0.24413996156346932,0.002974204901169941,128540
628,2.0,128706,0.8850646000037841,128706,0.2474827878177166,0.0034473228717330807,128706
629,4.0,129000,0.8848000000037928,129000,0.2239223577994473,0.002915103156199769,129000
630,4.0,129237,0.8845867000037998,129237,0.25521793917513097,0.0022149089950884455,129237
631,0.0,129340,0.8844940000038028,129340,0.19719413458143623,0.002710303862240658,129340
632,6.0,129663,0.8842033000038124,129663,0.24294103474439852,0.003243854378513439,129663
633,3.0,129860,0.8840260000038183,129860,0.25784393229762914,0.002703048876198783,129860
634,5.0,130122,0.883790200003826,130122,0.25271252997731436,0.002968909951196388,130122
635,2.0,130288,0.8836408000038309,130288,0.2556128513561674,0.00430892341384869,130288
636,1.0,130450,0.8834950000038357,130450,0.23430354709242596,0.0028442466531105534,130450
637,5.0,130761,0.883215100003845,130761,0.24315406722271174,0.003461713328342915,130761
638,2.0,130934,0.8830594000038501,130934,0.24910198927270194,0.0037507164157705645,130934
639,1.0,131060,0.8829460000038538,131060,0.25176974356410997,0.003530957253725131,131060
640,4.0,131313,0.8827183000038613,131313,0.2416867937436217,0.004081195256817284,131313
641,2.0,131468,0.8825788000038659,131468,0.25738022567764407,0.003968592902791927,131468
642,2.0,131651,0.8824141000038713,131651,0.24784157372237556,0.0037440685123950115,131651
643,2.0,131823,0.8822593000038764,131823,0.25346710030422653,0.003253873286793837,131823
644,2.0,131997,0.8821027000038816,131997,0.2562844491210477,0.004188561812586796,131997
645,2.0,132207,0.8819137000038878,132207,0.2209131258584204,0.0024408298156881106,132207
646,2.0,132369,0.8817679000038926,132369,0.25704690418493603,0.0031565812635641504,132369
647,1.0,132520,0.8816320000038971,132520,0.24413126282739323,0.0036406424145186507,132520
648,3.0,132748,0.8814268000039038,132748,0.2537507544222631,0.0030139115379553692,132748
649,1.0,132901,0.8812891000039084,132901,0.2465674007445379,0.0033615996590431237,132901
650,2.0,133089,0.8811199000039139,133089,0.2387927039427326,0.0038219267255547667,133089
651,2.0,133257,0.8809687000039189,133257,0.25619365376908154,0.0029064565884428227,133257
652,3.0,133484,0.8807644000039256,133484,0.25657041702370287,0.0030196890880359903,133484
653,1.0,133644,0.8806204000039304,133644,0.21698005432263018,0.00270447852885809,133644
654,3.0,133868,0.880418800003937,133868,0.26061977815282134,0.003907147393225127,133868
655,2.0,134053,0.8802523000039425,134053,0.24451469114503344,0.0032151599641184548,134053
656,5.0,134358,0.8799778000039515,134358,0.24246080092719344,0.0027448101100639717,134358
657,4.0,134625,0.8797375000039594,134625,0.26791702409027224,0.0020421220007833672,134625
658,2.0,134813,0.879568300003965,134813,0.22085397263513284,0.0031718850538922237,134813
659,2.0,135003,0.8793973000039707,135003,0.25591154341634953,0.0027067697443846172,135003
660,1.0,135147,0.8792677000039749,135147,0.23956983050124514,0.0027278209021106806,135147
661,6.0,135494,0.8789554000039852,135494,0.24899734895923295,0.002900829486062355,135494
662,6.0,135865,0.8786215000039962,135865,0.241789937059513,0.002248891719071037,135865
663,1.0,136022,0.8784802000040008,136022,0.22783040089212406,0.002752893797591311,136022
664,9.0,136530,0.8780230000040159,136530,0.2473477287965966,0.002743088540930015,136530
665,3.0,136778,0.8777998000040232,136778,0.23960359953343868,0.003235144796499592,136778
666,2.0,136951,0.8776441000040284,136951,0.2582945799121278,0.002543513508046899,136951
667,1.0,137097,0.8775127000040327,137097,0.230139700721388,0.0025143759450582193,137097
668,2.0,137273,0.8773543000040379,137273,0.2499519079838964,0.0025453963450093975,137273
669,3.0,137539,0.8771149000040458,137539,0.23891875618382505,0.0027138660245013065,137539
670,1.0,137687,0.8769817000040502,137687,0.24437125379572044,0.0025593045467905686,137687
671,4.0,137931,0.8767621000040574,137931,0.24924186629350067,0.0023904692588090615,137931
672,3.0,138170,0.8765470000040645,138170,0.2549771344811348,0.0024549258207009956,138170
673,0.0,138288,0.876440800004068,138288,0.2051640314570928,0.0032740979968366446,138288
674,3.0,138480,0.8762680000040737,138480,0.2669747310380141,0.0028497086594825305,138480
675,1.0,138621,0.8761411000040779,138621,0.2294064835242346,0.002474402890235998,138621
676,1.0,138759,0.8760169000040819,138759,0.23562874115895535,0.002490129165802289,138759
677,4.0,139017,0.8757847000040896,139017,0.2541691504938658,0.002109543224515767,139017
678,2.0,139190,0.8756290000040947,139190,0.24330967221129146,0.0027288642828100403,139190
679,0.0,139289,0.8755399000040976,139289,0.20634009801980221,0.0029724368325351135,139289
680,3.0,139501,0.8753491000041039,139501,0.2614945448794455,0.0032210546496056814,139501
681,2.0,139686,0.8751826000041094,139686,0.24617519902216423,0.002738504629461032,139686
682,3.0,139923,0.8749693000041164,139923,0.24350076593175718,0.0027536073466302396,139923
683,3.0,140177,0.874740700004124,140177,0.2708667117779649,0.003488317305387381,140177
684,2.0,140338,0.8745958000041287,140338,0.29779850557353926,0.0032253392421790856,140338
685,3.0,140528,0.8744248000041344,140528,0.3138342487184625,0.003047597545695393,140528
686,1.0,140670,0.8742970000041386,140670,0.25778104081540043,0.0031358869663319997,140670
687,3.0,140890,0.8740990000041451,140890,0.288465552912517,0.004101221890596207,140890
688,1.0,141019,0.8739829000041489,141019,0.27555352899917335,0.003907547479106452,141019
689,1.0,141165,0.8738515000041532,141165,0.2737165910944547,0.0032147758457253925,141165
690,1.0,141304,0.8737264000041574,141304,0.2563909488401825,0.0035868414411557464,141304
691,3.0,141554,0.8735014000041648,141554,0.24730143707990646,0.002935862822487252,141554
692,3.0,141788,0.8732908000041717,141788,0.24878774089818326,0.0035520845732308873,141788
693,4.0,142052,0.8730532000041795,142052,0.26971093040298333,0.0026601767684207352,142052
694,2.0,142234,0.8728894000041849,142234,0.2822119440514963,0.0025088607860427824,142234
695,2.0,142408,0.8727328000041901,142408,0.27542654159425317,0.0033851014435138747,142408
696,4.0,142667,0.8724997000041977,142667,0.2738300546370878,0.0024641213340111236,142667
697,6.0,143007,0.8721937000042078,143007,0.2827323960907319,0.003049765336778792,143007
698,5.0,143335,0.8718985000042175,143335,0.30204053981820256,0.0031885272543682153,143335
699,1.0,143484,0.871764400004222,143484,0.24488737449149958,0.002852617273686904,143484
700,6.0,143831,0.8714521000042322,143831,0.3087722457279733,0.0031165676520020506,143831
701,6.0,144182,0.8711362000042426,144182,0.30994784632469513,0.0027706023910782033,144182
702,2.0,144356,0.8709796000042478,144356,0.274918256391739,0.002235849530117629,144356
703,3.0,144557,0.8707987000042537,144557,0.289408870671519,0.0025951045570230175,144557
704,4.0,144800,0.870580000004261,144800,0.2898942400766498,0.0034438869753615825,144800
705,3.0,145004,0.870396400004267,145004,0.29733183333540664,0.0028180325765717108,145004
706,4.0,145245,0.8701795000042741,145245,0.28718109552543686,0.002596795651403544,145245
707,2.0,145414,0.8700274000042791,145414,0.28580542058634334,0.002860805303218792,145414
708,1.0,145545,0.869909500004283,145545,0.2619191960979054,0.0033315835704856803,145545
709,2.0,145734,0.8697394000042886,145734,0.28150289730420186,0.003167461693578242,145734
710,2.0,145902,0.8695882000042936,145902,0.2933691121815216,0.0026916979589995684,145902
711,1.0,146087,0.8694217000042991,146087,0.24620531612151378,0.0038769067895938515,146087
712,1.0,146220,0.869302000004303,146220,0.2683604913098471,0.0028322518542120093,146220
713,3.0,146426,0.8691166000043091,146426,0.3111759599262071,0.0027665463792235314,146426
714,2.0,146641,0.8689231000043155,146641,0.2572371496017589,0.0032092499394080773,146641
715,2.0,146826,0.868756600004321,146826,0.2845277422183269,0.002678559046959177,146826
716,2.0,147026,0.8685766000043269,147026,0.2849883434176445,0.0026079179028602084,147026
717,2.0,147202,0.8684182000043321,147202,0.2920657243918289,0.0022730589756644226,147202
718,4.0,147464,0.8681824000043399,147464,0.2727068057781412,0.002227916514678376,147464
719,2.0,147685,0.8679835000043464,147685,0.2538960772267294,0.0024314388571603633,147685
720,2.0,147856,0.8678296000043515,147856,0.286685016594435,0.0030238568893094595,147856
721,5.0,148159,0.8675569000043605,148159,0.28977644635309086,0.0025466084706488685,148159
722,3.0,148363,0.8673733000043665,148363,0.3111854447234495,0.0027505542991147036,148363
723,5.0,148671,0.8670961000043756,148671,0.2935353811685141,0.0027424159945274532,148671
724,7.0,149110,0.8667010000043887,149110,0.25935972904561594,0.0026533463193835045,149110
725,1.0,149241,0.8665831000043925,149241,0.2712802027018016,0.0031158474252540582,149241
726,2.0,149436,0.8664076000043983,149436,0.27788597712149987,0.00241243186065754,149436
727,1.0,149568,0.8662888000044022,149568,0.2664342781133724,0.0033368589741285455,149568
728,3.0,149777,0.8661007000044084,149777,0.28867594626816834,0.0028103011170177695,149777
729,4.0,150035,0.8658685000044161,150035,0.2857419035953376,0.0030326413132485846,150035
730,2.0,150186,0.8657326000044205,150186,0.32673646312280996,0.004085036283759832,150186
731,1.0,150337,0.865596700004425,150337,0.31064726126115055,0.0034824167892382333,150337
732,3.0,150550,0.8654050000044313,150550,0.3214043378130371,0.0029772163978575602,150550
733,1.0,150733,0.8652403000044367,150733,0.2758714692677305,0.0033180082886883114,150733
734,2.0,150929,0.8650639000044426,150929,0.2931858428126695,0.0029884264375289846,150929
735,3.0,151147,0.864867700004449,151147,0.3106446271642632,0.0031712019003737064,151147
736,2.0,151324,0.8647084000044543,151324,0.3003284427111095,0.0032906941331246877,151324
737,2.0,151517,0.86453470000446,151517,0.3038588112963296,0.0034716497029876336,151517
738,2.0,151697,0.8643727000044653,151697,0.3172741978532738,0.003351562426218556,151697
739,0.0,151801,0.8642791000044684,151801,0.26613448904110837,0.0026578541932254806,151801
740,2.0,151987,0.8641117000044739,151987,0.3088894605796824,0.0040334335415888834,151987
741,2.0,152162,0.8639542000044791,152162,0.33162195146083834,0.003421994656632056,152162
742,3.0,152386,0.8637526000044857,152386,0.3239244098908135,0.002574099326628649,152386
743,1.0,152509,0.8636419000044894,152509,0.303454930220193,0.0032850093035168408,152509
744,3.0,152727,0.8634457000044958,152727,0.30441899819795143,0.002987429181953845,152727
745,2.0,152895,0.8632945000045008,152895,0.33596355264030753,0.0035367743887815906,152895
746,4.0,153122,0.8630902000045075,153122,0.3413218681573343,0.0032346104564350857,153122
747,3.0,153345,0.8628895000045141,153345,0.31602758583466567,0.0034486539911485546,153345
748,3.0,153559,0.8626969000045205,153559,0.31975114634521656,0.0029662649821632575,153559
749,2.0,153735,0.8625385000045257,153735,0.31705249151722953,0.0033134204069566213,153735
750,3.0,153956,0.8623396000045322,153956,0.34526614150310536,0.002617892990255153,153956
751,2.0,154151,0.862164100004538,154151,0.2829755887007102,0.003070689946187672,154151
752,2.0,154311,0.8620201000045428,154311,0.33638434633612635,0.002346801668227272,154311
753,3.0,154550,0.8618050000045498,154550,0.29474304183132977,0.003104905030280001,154550
754,4.0,154798,0.8615818000045572,154798,0.34318102430552244,0.0028497755924505445,154798
755,3.0,155000,0.8614000000045632,155000,0.3356399107540008,0.0029225998894815185,155000
756,2.0,155178,0.8612398000045685,155178,0.29465746879577637,0.0027855078599744692,155178
757,1.0,155304,0.8611264000045722,155304,0.31085878586958327,0.002668218343243343,155304
758,5.0,155612,0.8608492000045813,155612,0.3271843069172525,0.0030436488587755857,155612
759,1.0,155734,0.8607394000045849,155734,0.3225612677023059,0.0028699319336141582,155734
760,3.0,155937,0.860556700004591,155937,0.3451762695617864,0.0028628470016135305,155937
761,4.0,156191,0.8603281000045985,156191,0.3326541267511413,0.002247465089646188,156191
762,6.0,156539,0.8600149000046088,156539,0.3424661949105646,0.002553129502794245,156539
763,1.0,156660,0.8599060000046124,156660,0.29696626419370825,0.0027397200918596715,156660
764,4.0,156909,0.8596819000046197,156909,0.33697300425255633,0.002727554173328695,156909
765,2.0,157102,0.8595082000046255,157102,0.325956607884076,0.002764653224785151,157102
766,4.0,157358,0.859277800004633,157358,0.3276727916672826,0.002539241245116841,157358
767,2.0,157527,0.8591257000046381,157527,0.3146012618520556,0.0026477865215023075,157527
768,4.0,157814,0.8588674000046466,157814,0.32531180622166456,0.002618977935339376,157814
769,2.0,157981,0.8587171000046515,157981,0.3378922535987671,0.002533759274098236,157981
770,3.0,158203,0.8585173000046581,158203,0.33153250531570333,0.002534859229755868,158203
771,7.0,158622,0.8581402000046705,158622,0.30329231619123626,0.0023848206775322965,158622
772,2.0,158786,0.8579926000046754,158786,0.3355706782966125,0.0025699538335441216,158786
773,3.0,158988,0.8578108000046814,158988,0.3456987793197726,0.002899967123319062,158988
774,4.0,159262,0.8575642000046895,159262,0.3052527924632504,0.0025919521253821133,159262
775,8.0,159699,0.8571709000047024,159699,0.3025614492066665,0.0028181653907190895,159699
776,0.0,159807,0.8570737000047056,159807,0.2530881318229216,0.003177870409908118,159807
777,2.0,159999,0.8569009000047113,159999,0.32391293936719495,0.0025475514973246995,159999
778,2.0,160160,0.8567560000047161,160160,0.35421341102315773,0.0034352572602187343,160160
779,1.0,160291,0.85663810000472,160291,0.31432039455603095,0.0032592577166488316,160291
780,4.0,160530,0.856423000004727,160530,0.36857161973310815,0.002855180190738766,160530
781,4.0,160787,0.8561917000047347,160787,0.3544630310878679,0.0031948521945221035,160787
782,1.0,160932,0.856061200004739,160932,0.3181365222766482,0.002768162187692661,160932
783,1.0,161074,0.8559334000047432,161074,0.32166739972964137,0.003150172398075573,161074
784,4.0,161346,0.8556886000047512,161346,0.3339043081573704,0.002954270831330231,161346
785,4.0,161606,0.8554546000047589,161606,0.36742867168325644,0.0028476850190390208,161606
786,2.0,161782,0.8552962000047641,161782,0.35782077061859047,0.0032539475406255488,161782
787,4.0,162087,0.8550217000047732,162087,0.3271933107591066,0.0026341995752758164,162087
788,2.0,162284,0.854844400004779,162284,0.30799841597146793,0.002897941397557976,162284
789,2.0,162492,0.8546572000047852,162492,0.3126239716433562,0.002884004718488051,162492
790,1.0,162626,0.8545366000047891,162626,0.32439242636979515,0.0032866605809010537,162626
791,3.0,162844,0.8543404000047956,162844,0.36281546143763654,0.002797681380189056,162844
792,4.0,163093,0.854116300004803,163093,0.37093749223463984,0.0028556488563568913,163093
793,1.0,163241,0.8539831000048074,163241,0.31712845964608966,0.0025314548656260247,163241
794,2.0,163428,0.8538148000048129,163428,0.33634115707746803,0.0021419372766921145,163428
795,5.0,163747,0.8535277000048224,163747,0.3458650876362122,0.0024901806364968334,163747
796,1.0,163896,0.8533936000048268,163896,0.2884224973268957,0.002323284581824731,163896
797,1.0,164045,0.8532595000048312,164045,0.29814003287945817,0.002872336625432886,164045
798,2.0,164252,0.8530732000048373,164252,0.30694093781968823,0.003370922470984391,164252
799,3.0,164474,0.8528734000048439,164474,0.33465901211843835,0.0024908616705779257,164474
800,4.0,164733,0.8526403000048516,164733,0.3051579725213032,0.0023714462141930007,164733
801,2.0,164910,0.8524810000048568,164910,0.32002419607955856,0.002241653268921681,164910
802,1.0,165070,0.8523370000048616,165070,0.2656387597322464,0.0021110961713020513,165070
803,2.0,165257,0.8521687000048671,165257,0.3437040350175796,0.0026962643106067104,165257
804,2.0,165430,0.8520130000048722,165430,0.34098253489574254,0.0034320367550192406,165430
805,1.0,165573,0.8518843000048765,165573,0.31457695813028963,0.0026372007230277194,165573
806,9.0,166050,0.8514550000048906,166050,0.2827187332342256,0.0028381316004919164,166050
807,3.0,166254,0.8512714000048967,166254,0.3378485312648848,0.0024817698983194227,166254
808,1.0,166399,0.851140900004901,166399,0.3112892636965061,0.002572265468539815,166399
809,3.0,166585,0.8509735000049065,166585,0.36886760023652865,0.002322874734129992,166585
810,2.0,166765,0.8508115000049118,166765,0.3137691400945187,0.002502407735139261,166765
811,4.0,167054,0.8505514000049204,167054,0.3531212517443825,0.0024271196008161006,167054
812,2.0,167228,0.8503948000049255,167228,0.34733822736246833,0.0023675890007670486,167228
813,6.0,167571,0.8500861000049357,167571,0.3176477050120907,0.002444728921047404,167571
814,6.0,167908,0.8497828000049457,167908,0.32183000706246767,0.002728153379331844,167908
815,7.0,168303,0.8494273000049574,168303,0.3711435353454155,0.002644185255144581,168303
816,2.0,168487,0.8492617000049628,168487,0.34388341390244337,0.0019335091385231783,168487
817,4.0,168773,0.8490043000049713,168773,0.35230978015627895,0.002539373500153774,168773
818,0.0,168892,0.8488972000049748,168892,0.2634677061764132,0.003536681779315441,168892
819,0.0,169019,0.8487829000049786,169019,0.25765817524410606,0.0020657032878297625,169019
820,3.0,169244,0.8485804000049852,169244,0.3388751612934801,0.0022610776006735654,169244
821,4.0,169541,0.848313100004994,169541,0.2721650377166793,0.002519991155752994,169541
822,1.0,169682,0.8481862000049982,169682,0.3140849075841565,0.0024800406488355046,169682
823,1.0,169823,0.8480593000050024,169823,0.31400023083737555,0.002120130774560913,169823
824,3.0,170044,0.847860400005009,170044,0.3354197817420528,0.0023391051359482034,170044
825,3.0,170302,0.8476282000050166,170302,0.3575614936245504,0.003030265631782958,170302
826,4.0,170565,0.8473915000050244,170565,0.32584033226558917,0.0031727732535112587,170565
827,4.0,170834,0.8471494000050324,170834,0.32194436942556093,0.0031998866816206235,170834
828,4.0,171099,0.8469109000050402,171099,0.32219954712210963,0.0030665716764249154,171099
829,2.0,171270,0.8467570000050453,171270,0.3530815628885526,0.003077362364580806,171270
830,1.0,171446,0.8465986000050505,171446,0.29238304165615275,0.0030018687187045793,171446
831,4.0,171731,0.8463421000050589,171731,0.32720593099008527,0.002582511744000377,171731
832,3.0,171947,0.8461477000050653,171947,0.3583911520739396,0.0024807305630424204,171947
833,4.0,172199,0.8459209000050728,172199,0.34857506551853723,0.003248763070356319,172199
834,2.0,172366,0.8457706000050778,172366,0.3647063164832349,0.0022076283746941326,172366
835,4.0,172672,0.8454952000050868,172672,0.3580507463684269,0.0025171481146708473,172672
836,2.0,172852,0.8453332000050922,172852,0.3497949754198392,0.002504459582309614,172852
837,1.0,173002,0.8451982000050966,173002,0.3295428435007731,0.0024382545364884816,173002
838,4.0,173248,0.8449768000051039,173248,0.3824272164847793,0.0026284849827345348,173248
839,6.0,173592,0.8446672000051141,173592,0.3303551640534817,0.0026169129410253695,173592
840,1.0,173736,0.8445376000051183,173736,0.3174076930930217,0.0024317840072601233,173736
841,2.0,173928,0.844364800005124,173928,0.32916563012016314,0.0032107663126907937,173928
842,2.0,174086,0.8442226000051287,174086,0.3658688000485867,0.002699336444585484,174086
843,3.0,174310,0.8440210000051354,174310,0.3411386380238192,0.0025898346081833423,174310
844,3.0,174529,0.8438239000051418,174529,0.354403334733558,0.0026730131973540646,174529
845,3.0,174755,0.8436205000051485,174755,0.3424682149713018,0.0031915014266243524,174755
846,3.0,174976,0.8434216000051551,174976,0.3514633899495612,0.0027430946169944154,174976
847,2.0,175148,0.8432668000051602,175148,0.3409924259365991,0.002882740446714939,175148
848,4.0,175422,0.8430202000051683,175422,0.3248018056806857,0.0024892849898977836,175422
849,6.0,175768,0.8427088000051786,175768,0.3201459461898473,0.002799348621015979,175768
850,1.0,175907,0.8425837000051827,175907,0.3185419235512507,0.003171217564642915,175907
851,2.0,176096,0.8424136000051883,176096,0.3465923060658117,0.0018516946568972402,176096
852,1.0,176240,0.8422840000051925,176240,0.31911228814472753,0.002584208698357947,176240
853,3.0,176507,0.8420437000052005,176507,0.315297118900867,0.0022699314209426343,176507
854,3.0,176746,0.8418286000052075,176746,0.34871333313786335,0.002227319588208382,176746
855,4.0,177037,0.8415667000052162,177037,0.3336254879576234,0.0019300922357524855,177037
856,1.0,177191,0.8414281000052207,177191,0.31237215703571,0.0021266513651496937,177191
857,2.0,177367,0.8412697000052259,177367,0.35051355739547446,0.002881414710331724,177367
858,4.0,177642,0.8410222000052341,177642,0.3198769851164384,0.0023050015266265042,177642
859,2.0,177840,0.84084400000524,177840,0.33990860271333445,0.002578187933169021,177840
860,2.0,178004,0.8406964000052448,178004,0.3538561788637464,0.00278514045374145,178004
861,2.0,178203,0.8405173000052507,178203,0.31771371679277577,0.0027911428197745663,178203
862,3.0,178405,0.8403355000052567,178405,0.3722707890342958,0.002640514472101257,178405
863,1.0,178545,0.8402095000052608,178545,0.3130004239933831,0.002438197707981869,178545
864,3.0,178746,0.8400286000052668,178746,0.37218127729584327,0.002272860844935515,178746
865,3.0,178947,0.8398477000052728,178947,0.3829389708255654,0.0025981320185886245,178947
866,3.0,179159,0.839656900005279,179159,0.37610314434991693,0.002147697747513687,179159
867,2.0,179318,0.8395138000052838,179318,0.36186017217876026,0.001890624871738504,179318
868,4.0,179615,0.8392465000052926,179615,0.3263456465218605,0.0020993431106721082,179615
869,3.0,179845,0.8390395000052994,179845,0.3261843890599582,0.0024670802178266256,179845
870,4.0,180101,0.838809100005307,180101,0.3529226345708594,0.002501259491992869,180101
871,1.0,180225,0.8386975000053106,180225,0.3313191662872991,0.0038944295269057847,180225
872,5.0,180568,0.8383888000053208,180568,0.35010299247312127,0.003428475366753109,180568
873,5.0,180850,0.8381350000053291,180850,0.3406039187354399,0.0025877980524649288,180850
874,2.0,181054,0.8379514000053352,181054,0.33469777809930784,0.0024785996434622897,181054
875,2.0,181235,0.8377885000053406,181235,0.34284619550678613,0.002648868118433696,181235
876,2.0,181419,0.837622900005346,181419,0.34982445625507314,0.003032445413381261,181419
877,1.0,181548,0.8375068000053498,181548,0.32552485410557236,0.003617483793348146,181548
878,1.0,181703,0.8373673000053544,181703,0.2968716560832916,0.002552087448777691,181703
879,3.0,181940,0.8371540000053614,181940,0.32030616290395775,0.0030343782183169465,181940
880,1.0,182093,0.837016300005366,182093,0.30466999785572874,0.0023117877793683993,182093
881,5.0,182367,0.8367697000053741,182367,0.3841385180606459,0.0026185672935368203,182367
882,2.0,182570,0.8365870000053801,182570,0.29857920858953974,0.002979498742654515,182570
883,3.0,182768,0.836408800005386,182768,0.37151415796592985,0.0023955319462181774,182768
884,3.0,183018,0.8361838000053934,183018,0.33233237993717196,0.0025712741182069296,183018
885,2.0,183226,0.8359966000053995,183226,0.25519835784171635,0.0022284088648890387,183226
886,2.0,183396,0.8358436000054046,183396,0.33611929749741276,0.002206037113073227,183396
887,4.0,183639,0.8356249000054118,183639,0.3773956844590819,0.002432396662780352,183639
888,2.0,183811,0.8354701000054169,183811,0.35477384768946224,0.0021739649857282044,183811
889,3.0,184031,0.8352721000054234,184031,0.3581763586537404,0.0024129032664694187,184031
890,1.0,184185,0.835133500005428,184185,0.29036599794378526,0.002082411041107201,184185
891,1.0,184330,0.8350030000054323,184330,0.30572646321921515,0.00258451517338158,184330
892,2.0,184495,0.8348545000054372,184495,0.31753247434442694,0.0018780079353636018,184495
893,3.0,184756,0.8346196000054449,184756,0.3086839219505303,0.0024276952198414416,184756
894,5.0,185050,0.8343550000054536,185050,0.3469375698846214,0.0021178260385258784,185050
895,2.0,185246,0.8341786000054594,185246,0.3070045156898547,0.0019735121988411933,185246
896,2.0,185445,0.8339995000054653,185445,0.3109706008254583,0.0021664823610414562,185445
897,2.0,185643,0.8338213000054712,185643,0.3350601094690236,0.002159981212121284,185643
898,4.0,185941,0.83355310000548,185941,0.2839269228029571,0.0023386089283884692,185941
899,0.0,186077,0.833430700005484,186077,0.2440552687381997,0.0020722632826244295,186077
900,4.0,186319,0.8332129000054912,186319,0.3621808739979405,0.00223012601634779,186319
901,1.0,186457,0.8330887000054953,186457,0.30643434099097183,0.0025831063521500387,186457
902,0.0,186558,0.8329978000054983,186558,0.24374036048308456,0.001787938246455062,186558
903,1.0,186679,0.8328889000055019,186679,0.3179941370713809,0.0017376935911895938,186679
904,1.0,186829,0.8327539000055063,186829,0.3044629040360451,0.0019455439421290066,186829
905,4.0,187105,0.8325055000055145,187105,0.35040625669332087,0.0022140517046047034,187105
906,2.0,187265,0.8323615000055192,187265,0.3508060982450843,0.0022496422186577547,187265
907,1.0,187419,0.8322229000055238,187419,0.30916028121462114,0.0020732030953258328,187419
908,3.0,187669,0.8319979000055312,187669,0.3288603429794312,0.002158140900428407,187669
909,3.0,187868,0.8318188000055371,187868,0.3803645791719906,0.0022459604747633766,187868
910,4.0,188142,0.8315722000055452,188142,0.31901466476656226,0.002566339911949943,188142
911,3.0,188362,0.8313742000055517,188362,0.35005465129559693,0.0019108237951679092,188362
912,2.0,188535,0.8312185000055569,188535,0.3434421386505138,0.0018548424688108653,188535
913,1.0,188662,0.8311042000055606,188662,0.32327880305568063,0.001811963680150321,188662
914,4.0,188935,0.8308585000055687,188935,0.35799851025635504,0.0025251861683527116,188935
915,3.0,189134,0.8306794000055746,189134,0.3679132592588214,0.0022155747624744786,189134
916,1.0,189258,0.8305678000055783,189258,0.3230666822243121,0.002384697856013513,189258
917,2.0,189458,0.8303878000055842,189458,0.3164694644510746,0.0021085583151943866,189458
918,2.0,189633,0.8302303000055894,189633,0.3017271744353431,0.0022148098424908573,189633
919,2.0,189841,0.8300431000055956,189841,0.29744972123836094,0.0024249406651156626,189841
920,2.0,189993,0.8299063000056001,189993,0.3721633713300291,0.0018192258254250766,189993
921,1.0,190138,0.8297758000056044,190138,0.32231570286997435,0.0031465803604203693,190138
922,1.0,190296,0.829633600005609,190296,0.3013707266389569,0.0030467777849687854,190296
923,1.0,190448,0.8294968000056135,190448,0.318616001621673,0.003525826349543518,190448
924,2.0,190630,0.8293330000056189,190630,0.32420118357781524,0.0029541556413587985,190630
925,1.0,190781,0.8291971000056234,190781,0.2960019942545733,0.0027565849781697863,190781
926,4.0,191060,0.8289460000056317,191060,0.35524067127790077,0.0029100369578646747,191060
927,1.0,191216,0.8288056000056363,191216,0.23298147960733145,0.0022629309142081556,191216
928,1.0,191353,0.8286823000056404,191353,0.3205968731076178,0.0025004467991287787,191353
929,1.0,191494,0.8285554000056445,191494,0.32468864036367295,0.002464353693894801,191494
930,0.0,191604,0.8284564000056478,191604,0.2536228465763005,0.0030886842599350283,191604
931,3.0,191829,0.8282539000056545,191829,0.35705971477760207,0.0022346390084648092,191829
932,1.0,191971,0.8281261000056587,191971,0.316874134393645,0.0025270000558418656,191971
933,1.0,192115,0.8279965000056629,192115,0.30433949393530685,0.0025360926114091045,192115
934,2.0,192268,0.8278588000056675,192268,0.37881573343199065,0.0028015612668336486,192268
935,2.0,192453,0.827692300005673,192453,0.31930610038138724,0.0025222780710759548,192453
936,5.0,192771,0.8274061000056824,192771,0.3114607091407356,0.002024915606526983,192771
937,2.0,192979,0.8272189000056885,192979,0.3051635501189874,0.002745854555331999,192979
938,3.0,193184,0.8270344000056946,193184,0.32453843914880987,0.0024014166084603723,193184
939,2.0,193366,0.8268706000057,193366,0.34570030082058123,0.0023540358956529667,193366
940,1.0,193509,0.8267419000057042,193509,0.31436736621223127,0.002714263751306669,193509
941,0.0,193626,0.8266366000057077,193626,0.2504205596752656,0.002084988698526982,193626
942,2.0,193820,0.8264620000057135,193820,0.3230570580080612,0.0024665439294077477,193820
943,5.0,194108,0.826202800005722,194108,0.3757305552329247,0.0023426352174232713,194108
944,3.0,194351,0.8259841000057292,194351,0.3417127402844252,0.0024321205649211614,194351
945,3.0,194561,0.8257951000057354,194561,0.38380854995477764,0.002037381832598753,194561
946,2.0,194740,0.8256340000057407,194740,0.3259657544796693,0.0025497200817449213,194740
947,3.0,194976,0.8254216000057477,194976,0.33400191259333645,0.0024777103748327414,194976
948,1.0,195100,0.8253100000057514,195100,0.32616071186719403,0.0019605997697527207,195100
949,3.0,195323,0.825109300005758,195323,0.34925516885225016,0.0022412592166932426,195323
950,3.0,195572,0.8248852000057654,195572,0.3289910546507701,0.0023854705555332698,195572
951,3.0,195792,0.8246872000057719,195792,0.3683855711059137,0.0026382003724971913,195792
952,2.0,195964,0.824532400005777,195964,0.33557644633706224,0.0023426423869623673,195964
953,3.0,196172,0.8243452000057832,196172,0.38163732816107,0.002030256353883977,196172
954,2.0,196351,0.8241841000057885,196351,0.3344647046906988,0.0026537615856836684,196351
955,1.0,196490,0.8240590000057926,196490,0.3056290408046983,0.0020136225788741835,196490
956,2.0,196680,0.8238880000057982,196680,0.3301610864306751,0.0020146639591410733,196680
957,3.0,196883,0.8237053000058042,196883,0.3772718888785451,0.0025233940208896194,196883
958,1.0,197011,0.823590100005808,197011,0.33978279295843095,0.0033544313478159893,197011
959,1.0,197173,0.8234443000058128,197173,0.3034273774167638,0.0017427368071411713,197173
960,4.0,197433,0.8232103000058205,197433,0.3351091427871814,0.0022222503079459646,197433
961,3.0,197627,0.8230357000058263,197627,0.39679372779180094,0.001964744203056379,197627
962,2.0,197783,0.8228953000058309,197783,0.37872011319566995,0.0020812982908328427,197783
963,1.0,197927,0.8227657000058352,197927,0.3124517776692907,0.00223088080090545,197927
964,3.0,198125,0.822587500005841,198125,0.3816593245725439,0.0018910414772181693,198125
965,3.0,198382,0.8223562000058486,198382,0.3095832122671001,0.002160573828238849,198382
966,3.0,198596,0.822163600005855,198596,0.3703233968710231,0.0021226728236355503,198596
967,2.0,198771,0.8220061000058602,198771,0.34778418047087534,0.0022684107557870447,198771
968,8.0,199190,0.8216290000058726,199190,0.3342706411187859,0.00206322305120378,199190
969,2.0,199401,0.8214391000058788,199401,0.3288382553800022,0.002530280295440815,199401
970,5.0,199704,0.8211664000058878,199704,0.3537795960706453,0.0020524106570903714,199704
971,5.0,200016,0.820885600005897,200016,0.342866188297287,0.00265709300328336,200016
972,3.0,200226,0.8206966000059033,200226,0.38045689193975357,0.0034777682256563343,200226
973,1.0,200387,0.820551700005908,200387,0.338648500372164,0.003259295905341527,200387
974,2.0,200576,0.8203816000059136,200576,0.41652493044812844,0.0036528469634639032,200576
975,2.0,200745,0.8202295000059187,200745,0.3751931899398036,0.0032369144951970145,200745
976,3.0,200949,0.8200459000059247,200949,0.33114037049167294,0.0033909371037118357,200949
977,3.0,201157,0.8198587000059309,201157,0.37129123165057254,0.0031317471255253903,201157
978,2.0,201338,0.8196958000059362,201338,0.3727014766213644,0.00283338871635934,201338
979,4.0,201602,0.819458200005944,201602,0.3658225050365383,0.0029405525128271565,201602
980,3.0,201820,0.8192620000059505,201820,0.3862975806407972,0.0025716970723155467,201820
981,3.0,202045,0.8190595000059572,202045,0.33009139590793185,0.002895288127862538,202045
982,3.0,202236,0.8188876000059628,202236,0.41439986603422313,0.002801750872466416,202236
983,0.0,202348,0.8187868000059662,202348,0.25077306173209635,0.0025575218634393032,202348
984,0.0,202446,0.8186986000059691,202446,0.259632729754156,0.0025440929016533158,202446
985,3.0,202677,0.8184907000059759,202677,0.3152958959728092,0.0028432377162908536,202677
986,3.0,202943,0.8182513000059838,202943,0.34949241354501337,0.0026721398488800496,202943
987,1.0,203087,0.818121700005988,203087,0.33053952879789805,0.0027820330039200294,203087
988,2.0,203270,0.8179570000059935,203270,0.3680850049185623,0.002529561860042197,203270
989,3.0,203475,0.8177725000059995,203475,0.3962023098294328,0.0022834794761942383,203475
990,3.0,203708,0.8175628000060065,203708,0.3474377002966762,0.002686520689354446,203708
991,7.0,204122,0.8171902000060187,204122,0.39892701937812536,0.002611406444564039,204122
992,4.0,204406,0.8169346000060271,204406,0.3844304833508713,0.0024190789523012247,204406
993,4.0,204672,0.816695200006035,204672,0.3665830577002432,0.002356416644170509,204672
994,2.0,204847,0.8165377000060402,204847,0.38632136276790074,0.001874092835745874,204847
995,2.0,205007,0.8163937000060449,205007,0.39056434528902173,0.0025660000957032024,205007
996,2.0,205177,0.81624070000605,205177,0.38642494450597203,0.0023799760964774417,205177
997,2.0,205380,0.816058000006056,205380,0.32573714844992596,0.0023987389481030037,205380
998,3.0,205607,0.8158537000060627,205607,0.3867306620013871,0.0024705860936359834,205607
999,1.0,205740,0.8157340000060667,205740,0.3443040802962798,0.0022440470260116307,205740
1000,0.0,205868,0.8156188000060705,205868,0.2489666857291013,0.00254690767314969,205868
Date/Time End,2019-03-15 20:36:53.828723
