Date/Time Start,2019-02-24 10:17:57.289441
Episode,Score,Mem Lenght,Epsilon,Global Step,Average_q,Average_Loss,Frames
0,6.0,295,1.0,295,0.12625218859668505,0.0,295
1,6.0,699,1.0,699,0.12623830952930568,0.0,699
2,33.0,1278,0.9997498000000082,1278,0.11511346828417662,0.008466908590341733,1278
3,6.0,1726,0.9993466000000215,1726,0.06612397751762598,0.015162344912953683,1726
4,25.0,2084,0.9990244000000321,2084,0.05595050444150104,0.014369568549237714,2084
5,6.0,2385,0.998753500000041,2385,0.055409379798510544,0.01777956230893493,2385
6,6.0,2853,0.9983323000000549,2853,0.05509709499967404,0.015278849879485698,2853
7,6.0,3304,0.9979264000000683,3304,0.03823719294679799,0.01407826012965837,3304
8,7.0,3633,0.997630300000078,3633,0.0209024907075616,0.012880708179599394,3633
9,20.0,4010,0.9972910000000892,4010,0.08056753538474835,0.014415139006713247,4010
10,23.0,4444,0.996900400000102,4444,0.0717904071853612,0.01568820399958061,4444
11,6.0,4820,0.9965620000001132,4820,0.024389991788144046,0.01473670697336313,4820
12,6.0,5136,0.9962776000001226,5136,0.029540201003627874,0.01441742404646983,5136
13,18.0,5445,0.9959995000001317,5445,0.08610806327228793,0.0146848516933195,5445
14,21.0,5982,0.9955162000001476,5982,0.07048871355509348,0.014622859288053847,5982
15,6.0,6328,0.9952048000001579,6328,0.0804034205344694,0.0152225889274117,6328
16,16.0,6677,0.9948907000001682,6677,0.11826559943400515,0.014768694922558825,6677
17,6.0,6972,0.994625200000177,6972,0.08327463978933075,0.013996556058912774,6972
18,37.0,7553,0.9941023000001942,7553,0.10719574843140611,0.0152490796642931,7553
19,6.0,7918,0.993773800000205,7918,0.062287119168737165,0.01494853226994228,7918
20,7.0,8272,0.9934552000002155,8272,0.09059155429581885,0.01480110366003309,8272
21,6.0,8680,0.9930880000002276,8680,0.06720872976652839,0.01456058061582963,8680
22,6.0,9073,0.9927343000002392,9073,0.04982074686390071,0.015107369275808656,9073
23,6.0,9429,0.9924139000002498,9429,0.034352421177174436,0.013139300922610734,9429
24,7.0,9804,0.9920764000002609,9804,0.09515262779841821,0.013360288141140094,9804
25,6.0,10198,0.9917218000002725,10198,0.07122815166585866,0.013837846078975528,10198
26,6.0,10573,0.9913843000002837,10573,0.06709530161569516,0.013035400563385337,10573
27,7.0,10909,0.9910819000002936,10909,0.10713650631285938,0.012573719265804226,10909
28,6.0,11308,0.9907228000003054,11308,0.11046646720027192,0.011736517770911442,11308
29,6.0,11690,0.9903790000003168,11690,0.07071690728000478,0.01219972304457979,11690
30,6.0,12156,0.9899596000003306,12156,0.05118407392394709,0.010278287078811019,12156
31,7.0,12572,0.9895852000003429,12572,0.060755778157796994,0.010339118548542432,12572
32,7.0,12891,0.9892981000003523,12891,0.08066652507629234,0.010099741540298883,12891
33,6.0,13357,0.9888787000003662,13357,0.05176119321893277,0.00969321812799574,13357
34,7.0,13723,0.988549300000377,13723,0.12617258162649927,0.009731877627868403,13723
35,7.0,14094,0.988215400000388,14094,0.11867661254023606,0.009237835310039303,14094
36,6.0,14406,0.9879346000003972,14406,0.06285539376310623,0.010343415326086612,14406
37,6.0,14789,0.9875899000004086,14789,0.06290598002848441,0.009199149275773665,14789
38,6.0,15174,0.98724340000042,15174,0.0580367505114961,0.007877723200249716,15174
39,7.0,15504,0.9869464000004298,15504,0.06535867203704336,0.009602113817483328,15504
40,22.0,16010,0.9864910000004448,16010,0.12529446838769634,0.009104205525225754,16010
41,20.0,16406,0.9861346000004565,16406,0.12482021741493783,0.00994976635006929,16406
42,6.0,16768,0.9858088000004672,16768,0.06452001860746033,0.009054645366380789,16768
43,6.0,17065,0.985541500000476,17065,0.06843650335389556,0.008664731575397192,17065
44,6.0,17511,0.9851401000004892,17511,0.04623297315024073,0.008658577199015692,17511
45,6.0,17879,0.9848089000005001,17879,0.0630120004415917,0.008526120351392741,17879
46,21.0,18203,0.9845173000005097,18203,0.14368749158686878,0.008390347030927156,18203
47,6.0,18591,0.9841681000005212,18591,0.09755461987050384,0.008294120367788038,18591
48,7.0,18933,0.9838603000005314,18933,0.07150274799995081,0.008753013222346256,18933
49,6.0,19300,0.9835300000005422,19300,0.05741022375973109,0.008592651390019494,19300
50,6.0,19751,0.9831241000005556,19751,0.045664955872191555,0.008087375756903466,19751
51,6.0,20102,0.982808200000566,20102,0.07290175013732367,0.00787890723464013,20102
52,7.0,20385,0.9825535000005744,20385,0.1966508678275789,0.009609013403208052,20385
53,34.0,20761,0.9822151000005855,20761,0.18678022557473245,0.008780390711840579,20761
54,6.0,21235,0.9817885000005996,21235,0.08079641315897432,0.009641014171159092,21235
55,6.0,21485,0.981563500000607,21485,0.15157933477312327,0.008814157175365836,21485
56,7.0,21862,0.9812242000006182,21862,0.17864686727464515,0.0085531037786558,21862
57,6.0,22250,0.9808750000006297,22250,0.09561768665756147,0.008099706217162935,22250
58,6.0,22612,0.9805492000006404,22612,0.09381548955892496,0.008310933686868102,22612
59,6.0,22993,0.9802063000006517,22993,0.086937344087938,0.00817334459877018,22993
60,6.0,23381,0.9798571000006632,23381,0.08651780098023795,0.00783860379771195,23381
61,23.0,23768,0.9795088000006746,23768,0.18473398167091284,0.007856656650432628,23768
62,6.0,24084,0.979224400000684,24084,0.10832737735767342,0.007582276501977238,24084
63,6.0,24470,0.9788770000006954,24470,0.08823412775491495,0.00759497651084775,24470
64,22.0,24808,0.9785728000007055,24808,0.2035266330035833,0.007992312963173681,24808
65,6.0,25302,0.9781282000007201,25302,0.07836176275543356,0.00783136715277792,25302
66,7.0,25667,0.9777997000007309,25667,0.10371696460634879,0.007492999933988545,25667
67,6.0,25982,0.9775162000007402,25982,0.10882994278910614,0.00726446036641146,25982
68,22.0,26433,0.9771103000007536,26433,0.1689270160712318,0.007011215383973708,26433
69,22.0,26797,0.9767827000007644,26797,0.2212634678305751,0.007563312750010352,26797
70,15.0,27091,0.9765181000007731,27091,0.2649097469616301,0.007588025252572356,27091
71,7.0,27493,0.976156300000785,27493,0.09534435410664152,0.008364936998733714,27493
72,22.0,27934,0.9757594000007981,27934,0.17588495162828843,0.007771363786776506,27934
73,6.0,28230,0.9754930000008069,28230,0.12392960032574027,0.008033155954664736,28230
74,6.0,28545,0.9752095000008162,28545,0.10185700200852893,0.007678974923005121,28545
75,6.0,28951,0.9748441000008282,28951,0.09785063382183096,0.0075252306715125365,28951
76,7.0,29264,0.9745624000008375,29264,0.10589184414464445,0.007186887543384408,29264
77,7.0,29668,0.9741988000008495,29668,0.09147033676744835,0.007495743621055424,29668
78,6.0,30076,0.9738316000008616,30076,0.08031429808276395,0.0072529005408475365,30076
79,6.0,30531,0.973422100000875,30531,0.09843667120887684,0.009886758332268673,30531
80,6.0,30837,0.9731467000008841,30837,0.14255624843359577,0.008123870936543468,30837
81,22.0,31468,0.9725788000009028,31468,0.17311252186609147,0.00821864977423633,31468
82,6.0,31848,0.9722368000009141,31848,0.20656514495219055,0.00828677703179174,31848
83,6.0,32298,0.9718318000009274,32298,0.1067800783738494,0.007906421212893394,32298
84,18.0,32604,0.9715564000009365,32604,0.36281067548088386,0.007882496104286558,32604
85,7.0,32903,0.9712873000009453,32903,0.24952696967732946,0.007947488683649653,32903
86,6.0,33293,0.9709363000009569,33293,0.11357742286263368,0.008059204089043375,33293
87,6.0,33609,0.9706519000009662,33609,0.13267013886236126,0.007475898817367262,33609
88,6.0,33924,0.9703684000009756,33924,0.13698387999856282,0.0073095436119252725,33924
89,7.0,34181,0.9701371000009832,34181,0.25598036887754727,0.008465919439913705,34181
90,6.0,34571,0.9697861000009947,34571,0.10904355126504715,0.007509513224552696,34571
91,20.0,34972,0.9694252000010066,34972,0.24158173194735721,0.007189121953603066,34972
92,6.0,35346,0.9690886000010177,35346,0.12410970254338043,0.007355173057870302,35346
93,7.0,35761,0.96871510000103,35761,0.17488337240843888,0.006948548352559018,35761
94,22.0,36411,0.9681301000010493,36411,0.4256155730783939,0.007056196981306689,36411
95,7.0,36779,0.9677989000010602,36779,0.13020674654525582,0.007395228814224854,36779
96,7.0,37026,0.9675766000010675,37026,0.22262756876375994,0.007169957249849537,37026
97,7.0,37302,0.9673282000010757,37302,0.2386100211761136,0.007198584627274059,37302
98,6.0,37603,0.9670573000010846,37603,0.13047505426297948,0.007353693231757718,37603
99,6.0,38128,0.9665848000011001,38128,0.1000291541644505,0.006280160969721952,38128
100,7.0,38396,0.9663436000011081,38396,0.24753641833398324,0.006626958659512978,38396
101,29.0,38791,0.9659881000011198,38791,0.26609399207407913,0.007103697616235601,38791
102,6.0,39142,0.9656722000011302,39142,0.1227541275725745,0.0066822478924135,39142
103,6.0,39597,0.9652627000011437,39597,0.09654659208851857,0.006743492342782422,39597
104,6.0,40042,0.9648622000011569,40042,0.10706965575057469,0.007214699142868892,40042
105,6.0,40361,0.9645751000011663,40361,0.14502500854782924,0.008547773612823722,40361
106,6.0,40660,0.9643060000011752,40660,0.15121922158576973,0.008209552177474102,40660
107,20.0,41067,0.9639397000011872,41067,0.4470340783275316,0.007605401858077007,41067
108,6.0,41453,0.9635923000011987,41453,0.13509931242566342,0.008300478327832391,41453
109,6.0,41749,0.9633259000012074,41749,0.15479456643397743,0.0071131802036983865,41749
110,7.0,42054,0.9630514000012165,42054,0.15676822393644052,0.006988093933495159,42054
111,19.0,42393,0.9627463000012265,42393,0.5076843899479658,0.006921337821292842,42393
112,7.0,42708,0.9624628000012359,42708,0.1699603944307282,0.007010658093661602,42708
113,6.0,43180,0.9620380000012498,43180,0.13327088791845462,0.0075370673943849645,43180
114,6.0,43532,0.9617212000012603,43532,0.1598817296008664,0.007293986390736377,43532
115,6.0,43921,0.9613711000012718,43921,0.12555567705692547,0.007078711636565568,43921
116,6.0,44308,0.9610228000012833,44308,0.12886051502492693,0.007175297723997033,44308
117,6.0,44675,0.9606925000012941,44675,0.13662842047027737,0.007166802853251343,44675
118,6.0,45028,0.9603748000013046,45028,0.12812586627879494,0.00626701651132473,45028
119,6.0,45349,0.9600859000013141,45349,0.15531922674903245,0.0072491604132495085,45349
120,6.0,45814,0.9596674000013279,45814,0.12723362435416508,0.006060995300355498,45814
121,10.0,46148,0.9593668000013378,46148,0.22496328598814097,0.006286063490848163,46148
122,34.0,46579,0.9589789000013506,46579,0.3012431383547816,0.006576087473896537,46579
123,21.0,47143,0.9584713000013673,47143,0.29152653334622686,0.007144479533434096,47143
124,7.0,47449,0.9581959000013763,47449,0.20196594267450516,0.007213836271404076,47449
125,7.0,47813,0.9578683000013871,47813,0.2343056355040152,0.007388494961740255,47813
126,6.0,48198,0.9575218000013985,48198,0.14340061651808875,0.006926556199021008,48198
127,17.0,48641,0.9571231000014117,48641,0.28227150316600336,0.007156286819674533,48641
128,7.0,48971,0.9568261000014214,48971,0.1507986547820496,0.006558281894787356,48971
129,22.0,49304,0.9565264000014313,49304,0.3411635698431784,0.006487217894510587,49304
130,6.0,49718,0.9561538000014436,49718,0.12465321380591048,0.006868240767122575,49718
131,21.0,50249,0.9556759000014593,50249,0.3073040834731526,0.00895774850203952,50249
132,6.0,50647,0.9553177000014711,50647,0.14952908407653395,0.008522150733337935,50647
133,6.0,51005,0.9549955000014817,51005,0.25618625667424844,0.008457638188762794,51005
134,7.0,51352,0.954683200001492,51352,0.278203235246692,0.009715209263162177,51352
135,6.0,51734,0.9543394000015033,51734,0.14290585552210583,0.007993077601005046,51734
136,7.0,52048,0.9540568000015126,52048,0.18573000566784742,0.00912782114264585,52048
137,20.0,52399,0.953740900001523,52399,0.3947760698908245,0.009229054885944271,52399
138,16.0,52703,0.953467300001532,52703,0.42328314488067437,0.009163580119906999,52703
139,6.0,53104,0.9531064000015439,53104,0.14667372133332002,0.008027916013680055,53104
140,6.0,53460,0.9527860000015544,53460,0.14489163507529523,0.007192477213547125,53460
141,6.0,53868,0.9524188000015665,53868,0.12953999937128494,0.007846797126238052,53868
142,24.0,54247,0.9520777000015778,54247,0.3976754508224515,0.007888677294241968,54247
143,6.0,54711,0.9516601000015915,54711,0.1418992106096241,0.008130594084299258,54711
144,6.0,55087,0.9513217000016027,55087,0.15731816344517977,0.00754925464245892,55087
145,7.0,55364,0.9510724000016109,55364,0.3108968477198578,0.008091310574799197,55364
146,6.0,55752,0.9507232000016224,55752,0.13107816755925258,0.007573610787431724,55752
147,6.0,56128,0.9503848000016335,56128,0.14552130669038346,0.008372631190100715,56128
148,6.0,56525,0.9500275000016453,56525,0.15300370688064574,0.008066761827328588,56525
149,6.0,56839,0.9497449000016546,56839,0.17813653714812486,0.008438194577862468,56839
150,36.0,57239,0.9493849000016664,57239,0.3823875660635531,0.007845256704604254,57239
151,6.0,57688,0.9489808000016797,57688,0.1190037261321311,0.008464848178019851,57688
152,6.0,58001,0.948699100001689,58001,0.16684556634614642,0.00711288366002959,58001
153,6.0,58452,0.9482932000017024,58452,0.12441034271421031,0.007403019363896409,58452
154,6.0,58914,0.947877400001716,58914,0.20738324607637795,0.007707737588567571,58914
155,22.0,59406,0.9474346000017306,59406,0.35942168674636177,0.007682791283440292,59406
156,6.0,59710,0.9471610000017396,59710,0.16729205189958998,0.008007130322144613,59710
157,6.0,60093,0.946816300001751,60093,0.15069337777657235,0.009496860211598382,60093
158,33.0,60510,0.9464410000017633,60510,0.45657615167059773,0.01011412770250629,60510
159,6.0,60883,0.9461053000017744,60883,0.18733670956008236,0.009791790833415828,60883
160,6.0,61355,0.9456805000017884,61355,0.1603665816660781,0.009229676040608172,61355
161,6.0,61648,0.9454168000017971,61648,0.2082106904237954,0.007998226849765934,61648
162,6.0,61908,0.9451828000018048,61908,0.398456021068761,0.009369754937450545,61908
163,6.0,62280,0.9448480000018158,62280,0.18988240354003444,0.008171272701464883,62280
164,6.0,62665,0.9445015000018272,62665,0.19105910148907018,0.008643871531579885,62665
165,22.0,63230,0.9439930000018439,63230,0.45186035660779583,0.008908335224208133,63230
166,6.0,63602,0.943658200001855,63602,0.1944981970854344,0.008694442705863396,63602
167,7.0,63961,0.9433351000018656,63961,0.20557919660360036,0.009217391130747921,63961
168,6.0,64426,0.9429166000018794,64426,0.1545837760532415,0.008841699450427006,64426
169,22.0,64767,0.9426097000018895,64767,0.5345396451062121,0.009137191562032562,64767
170,33.0,65178,0.9422398000019017,65178,0.4863476954998761,0.00864813729034116,65178
171,6.0,65538,0.9419158000019123,65538,0.18732754583987926,0.009023870948132956,65538
172,6.0,65897,0.941592700001923,65897,0.1915890166126088,0.00881073677830961,65897
173,6.0,66297,0.9412327000019348,66297,0.17549664768390358,0.008789852247136878,66297
174,6.0,66752,0.9408232000019483,66752,0.14943218741279382,0.008306204310521115,66752
175,6.0,67110,0.9405010000019589,67110,0.19747694493297424,0.008648320803270472,67110
176,7.0,67426,0.9402166000019683,67426,0.22016289100475325,0.009193012867560552,67426
177,24.0,67853,0.9398323000019809,67853,0.44769651848447684,0.009069069324999686,67853
178,6.0,68315,0.9394165000019946,68315,0.1589034605545528,0.008711628770761624,68315
179,7.0,68579,0.9391789000020024,68579,0.373906416423393,0.00962885358713913,68579
180,23.0,68986,0.9388126000020145,68986,0.5317131884542525,0.008802269572988198,68986
181,21.0,69425,0.9384175000020275,69425,0.4321335989447281,0.008150112432674855,69425
182,22.0,69730,0.9381430000020365,69730,0.5866166128120461,0.008433646524179972,69730
183,7.0,70018,0.9378838000020451,70018,0.3468318390659988,0.007465546263827289,70018
184,6.0,70420,0.937522000002057,70420,0.2966860774997158,0.010466321361649652,70420
185,6.0,70803,0.9371773000020683,70803,0.17062130871936484,0.008806613362673913,70803
186,22.0,71185,0.9368335000020797,71185,0.5114030640630822,0.009144564012628711,71185
187,6.0,71550,0.9365050000020905,71550,0.20410020063592962,0.00990218126266072,71550
188,6.0,72080,0.9360280000021062,72080,0.14908381566967605,0.010223737640530398,72080
189,8.0,72339,0.9357949000021138,72339,0.49214100872227584,0.008969930974176895,72339
190,6.0,72722,0.9354502000021252,72722,0.17531813002208504,0.010092371847667772,72722
191,6.0,73193,0.9350263000021392,73193,0.17820015264924166,0.00893776113311503,73193
192,30.0,73658,0.9346078000021529,73658,0.44900594007584355,0.008753921950150841,73658
193,6.0,74020,0.9342820000021637,74020,0.3434413858787131,0.01001657231422064,74020
194,7.0,74327,0.9340057000021728,74327,0.3587287646211708,0.009803487829115479,74327
195,6.0,74786,0.9335926000021864,74786,0.1614158905084876,0.009790583007054886,74786
196,6.0,75253,0.9331723000022002,75253,0.15306499436082882,0.009708325117659442,75253
197,6.0,75672,0.9327952000022126,75672,0.17861897213860173,0.007990146269616149,75672
198,6.0,76128,0.9323848000022261,76128,0.1708964094715683,0.008149523897085792,76128
199,42.0,76773,0.9318043000022452,76773,0.49443061619766,0.008472475153484288,76773
200,6.0,77140,0.9314740000022561,77140,0.20032757021263445,0.009257270862519353,77140
201,22.0,77659,0.9310069000022715,77659,0.39022570404875484,0.009064634608094507,77659
202,35.0,78214,0.9305074000022879,78214,0.5619643962329572,0.008890581100514192,78214
203,34.0,78609,0.9301519000022996,78609,0.4929249076337754,0.009030263492383676,78609
204,6.0,78916,0.9298756000023087,78916,0.2036127532295373,0.008454718297887411,78916
205,6.0,79393,0.9294463000023229,79393,0.2349910704688456,0.008864690576639979,79393
206,32.0,79921,0.9289711000023385,79921,0.5424002789553594,0.008732044673844499,79921
207,7.0,80339,0.9285949000023509,80339,0.19658809306732775,0.011350793677101437,80339
208,21.0,80656,0.9283096000023603,80656,0.634254314639967,0.009297928070518767,80656
209,6.0,80968,0.9280288000023695,80968,0.22240596195348564,0.009272276954083608,80968
210,6.0,81432,0.9276112000023833,81432,0.1740214924713404,0.009665861421471446,81432
211,7.0,81743,0.9273313000023925,81743,0.4058029429082702,0.010731363160890553,81743
212,18.0,82038,0.9270658000024012,82038,0.8894845658692263,0.009057582746520323,82038
213,7.0,82457,0.9266887000024137,82457,0.18910165824582867,0.008646393486249722,82457
214,7.0,82813,0.9263683000024242,82813,0.34194691142255673,0.012507365871969024,82813
215,7.0,83095,0.9261145000024326,83095,0.3881223130680568,0.009929524771976516,83095
216,6.0,83543,0.9257113000024458,83543,0.25169746519532055,0.010534193467849815,83543
217,6.0,83886,0.925402600002456,83886,0.42086962091331925,0.010008020128623063,83886
218,40.0,84560,0.924796000002476,84560,0.5737764027732416,0.00977702976241763,84560
219,24.0,84939,0.9244549000024872,84939,0.5415267916027663,0.010082808130727601,84939
220,6.0,85318,0.9241138000024984,85318,0.18488131833107932,0.009082306230792132,85318
221,24.0,85835,0.9236485000025138,85835,0.47457254826446105,0.009714436848495675,85835
222,22.0,86524,0.9230284000025342,86524,0.31907621009818704,0.010821037245620346,86524
223,6.0,86906,0.9226846000025455,86906,0.2188874860123502,0.010108246902203192,86906
224,7.0,87280,0.9223480000025566,87280,0.3141148995189743,0.00984806776106517,87280
225,40.0,87957,0.9217387000025766,87957,0.5434741857771155,0.010534932754006639,87957
226,23.0,88341,0.921393100002588,88341,0.6900071515507685,0.010462766502011315,88341
227,6.0,88586,0.9211726000025953,88586,0.3868405181838542,0.009882778291025065,88586
228,6.0,88975,0.9208225000026068,88975,0.18513843118378312,0.009730766453659927,88975
229,6.0,89348,0.9204868000026178,89348,0.26764877561989164,0.008405415531096172,89348
230,6.0,89799,0.9200809000026312,89799,0.199784286997535,0.009731689316441023,89799
231,7.0,90132,0.9197812000026411,90132,0.35605510178807975,0.010246110140512398,90132
232,33.0,90556,0.9193996000026536,90556,0.7428864779759128,0.012951466424845352,90556
233,6.0,90936,0.9190576000026649,90936,0.2101164512532322,0.009797254110239201,90936
234,6.0,91268,0.9187588000026747,91268,0.2611595091286553,0.011769942216244134,91268
235,7.0,91620,0.9184420000026852,91620,0.3516489538491111,0.010917841200518358,91620
236,23.0,92007,0.9180937000026966,92007,0.5397393252382907,0.01106306003708662,92007
237,10.0,92276,0.9178516000027046,92276,0.5979284981203346,0.011980820835185441,92276
238,6.0,92666,0.9175006000027162,92666,0.2039930194998399,0.011544630766132822,92666
239,23.0,93195,0.9170245000027318,93195,0.37496830990611946,0.011538621187403742,93195
240,21.0,93608,0.9166528000027441,93608,0.6050032233823875,0.01141105339470315,93608
241,7.0,93993,0.9163063000027555,93993,0.33109619292345915,0.011054354145300465,93993
242,7.0,94336,0.9159976000027656,94336,0.37124943950433426,0.013048367220049713,94336
243,6.0,94719,0.915652900002777,94719,0.21695392041931574,0.011205888370917648,94719
244,7.0,95087,0.9153217000027879,95087,0.27301828071232076,0.010410421184212242,95087
245,6.0,95512,0.9149392000028005,95512,0.22161836585577796,0.012176659686956555,95512
246,6.0,95903,0.9145873000028121,95903,0.2025850945345276,0.010557455293637108,95903
247,6.0,96300,0.9142300000028238,96300,0.200586230895231,0.01287529666247421,96300
248,23.0,96693,0.9138763000028355,96693,0.593028094913365,0.012993088263855968,96693
249,7.0,97030,0.9135730000028455,97030,0.35879290145918596,0.012159708420295567,97030
250,6.0,97389,0.9132499000028561,97389,0.24334668025664966,0.01020043927700775,97389
251,7.0,97662,0.9130042000028642,97662,0.4228342485788104,0.009704331474441816,97662
252,18.0,98025,0.912677500002875,98025,0.8321109260368281,0.0105145556006206,98025
253,6.0,98486,0.9122626000028886,98486,0.19315909532882644,0.01024337710649555,98486
254,24.0,98857,0.9119287000028996,98857,0.7737016287454055,0.00970460850016824,98857
255,23.0,99237,0.9115867000029109,99237,0.5849070818800676,0.009575730522843324,99237
256,27.0,99675,0.9111925000029238,99675,0.5528017235877307,0.011854066232274623,99675
257,6.0,100034,0.9108694000029345,100034,0.23423214916731322,0.01147594312783123,100034
258,6.0,100500,0.9104500000029483,100500,0.22367693373509742,0.013394653936298444,100500
259,7.0,100865,0.9101215000029591,100865,0.40727905600446546,0.014014874068280198,100865
260,7.0,101130,0.909883000002967,101130,0.5068434096451075,0.011929625431009797,101130
261,7.0,101443,0.9096013000029762,101443,0.4253591829643082,0.012125420617497565,101443
262,22.0,101752,0.9093232000029854,101752,0.8454287021291295,0.011875364339449307,101752
263,6.0,102215,0.9089065000029991,102215,0.22675866519400678,0.012156207862985975,102215
264,21.0,102552,0.9086032000030091,102552,0.8792082713999805,0.009902996718033717,102552
265,23.0,103095,0.9081145000030252,103095,0.6453792290491074,0.01297275881781663,103095
266,30.0,103538,0.9077158000030383,103538,0.655118185463393,0.012166048227846159,103538
267,16.0,103894,0.9073954000030489,103894,1.2262011951442515,0.01313079914484916,103894
268,6.0,104291,0.9070381000030606,104291,0.25149290879217145,0.012586468939715762,104291
269,6.0,104583,0.9067753000030693,104583,0.4759951381599658,0.012418667530666476,104583
270,7.0,104876,0.906511600003078,104876,0.45416218215288157,0.013268374138251075,104876
271,22.0,105375,0.9060625000030927,105375,0.5564183395408199,0.012426658408232929,105375
272,6.0,105875,0.9056125000031076,105875,0.2311441628187895,0.01395232468424365,105875
273,6.0,106288,0.9052408000031198,106288,0.21835082165049005,0.011133296375887888,106288
274,6.0,106784,0.9047944000031345,106784,0.28600017229215274,0.010187730335840774,106784
275,17.0,107136,0.9044776000031449,107136,0.8660155958496034,0.012201080196890953,107136
276,7.0,107506,0.9041446000031559,107506,0.3813975803352691,0.012282489975159233,107506
277,22.0,107832,0.9038512000031655,107832,0.743101629171452,0.011219034137124299,107832
278,6.0,108133,0.9035803000031745,108133,0.27428137780820017,0.010789221835684688,108133
279,6.0,108527,0.9032257000031861,108527,0.4149476085898235,0.010472602367538221,108527
280,23.0,109123,0.9026893000032038,109123,0.43546034620712265,0.012677952886387962,109123
281,6.0,109487,0.9023617000032146,109487,0.22804995268010175,0.012884781846538657,109487
282,20.0,109893,0.9019963000032266,109893,0.5864712333701221,0.012967244449548717,109893
283,6.0,110247,0.9016777000032371,110247,0.2882702898676113,0.01257063303723876,110247
284,22.0,110580,0.901378000003247,110580,0.7678756338877005,0.013631125017979627,110580
285,6.0,110960,0.9010360000032582,110960,0.2500910952295128,0.011964643241739587,110960
286,7.0,111335,0.9006985000032693,111335,0.3931682537198067,0.012999903103647133,111335
287,6.0,111630,0.9004330000032781,111630,0.31039535049664774,0.015187190154614717,111630
288,18.0,112009,0.9000919000032893,112009,0.7385920548030128,0.01333366362267422,112009
289,6.0,112461,0.8996851000033027,112461,0.2639650196265594,0.01628987080071418,112461
290,6.0,112710,0.8994610000033101,112710,0.4436683656879697,0.014819844837681985,112710
291,24.0,113168,0.8990488000033237,113168,0.6087367735868198,0.012311848752326677,113168
292,33.0,113561,0.8986951000033353,113561,0.7946934498486324,0.012652694322755348,113561
293,21.0,114137,0.8981767000033524,114137,0.5028574479252307,0.012526687514259215,114137
294,6.0,114689,0.8976799000033687,114689,0.20710005698914546,0.01213140223473496,114689
295,21.0,115219,0.8972029000033844,115219,0.5437783761406845,0.011046331131145498,115219
296,6.0,115604,0.8968564000033958,115604,0.2730625920481496,0.012447439134725695,115604
297,18.0,115913,0.896578300003405,115913,0.686711355923256,0.012977536976816657,115913
298,6.0,116361,0.8961751000034183,116361,0.2493347255513072,0.012848260044458064,116361
299,7.0,116714,0.8958574000034287,116714,0.4169348932739358,0.011400969059235566,116714
300,7.0,117156,0.8954596000034418,117156,0.32993503953267006,0.012343842337422634,117156
301,6.0,117461,0.8951851000034509,117461,0.34035734456093586,0.01096683639067332,117461
302,21.0,117810,0.8948710000034612,117810,0.7880253290762874,0.013827599530851463,117810
303,7.0,118185,0.8945335000034723,118185,0.3593015682895978,0.013758820752147585,118185
304,6.0,118656,0.8941096000034863,118656,0.2283218527991807,0.012067812082783819,118656
305,7.0,119038,0.8937658000034976,119038,0.2615752433529075,0.014117291925462202,119038
306,6.0,119404,0.8934364000035084,119404,0.23797518067835458,0.010836458517508226,119404
307,6.0,119794,0.89308540000352,119794,0.23452084230688902,0.012856529972915991,119794
308,6.0,120252,0.8926732000035336,120252,0.2540829109930836,0.013372486658922019,120252
309,25.0,120772,0.892205200003549,120772,1.0745068024987212,0.01661269080907984,120772
310,6.0,121147,0.8918677000035601,121147,0.2918482518196106,0.015327442034768561,121147
311,10.0,121491,0.8915581000035703,121491,0.6683006125047456,0.015558110850898354,121491
312,6.0,121889,0.8911999000035821,121889,0.2983843903782679,0.013559242631495935,121889
313,7.0,122243,0.8908813000035926,122243,0.4929656642936381,0.016891460402705574,122243
314,7.0,122564,0.8905924000036021,122564,0.4413506121511029,0.015899740154434263,122564
315,7.0,122834,0.8903494000036101,122834,0.5435740869630266,0.01645403912073191,122834
316,21.0,123220,0.8900020000036215,123220,0.8851277062119288,0.014248126519390338,123220
317,7.0,123600,0.8896600000036328,123600,0.42012313894535364,0.012855750227831059,123600
318,6.0,123945,0.889349500003643,123945,0.3363717317149259,0.014750160442570737,123945
319,24.0,124377,0.8889607000036558,124377,1.0143940262324005,0.015038531004662488,124377
320,21.0,124777,0.8886007000036676,124777,0.7571431137621403,0.015412237513592117,124777
321,6.0,125173,0.8882443000036794,125173,0.3463619506043015,0.01339773883242889,125173
322,24.0,125595,0.8878645000036919,125595,0.7824445162056747,0.015686017964300105,125595
323,6.0,126056,0.8874496000037055,126056,0.27580287228308115,0.014734980361985645,126056
324,21.0,126585,0.8869735000037212,126585,0.5638066843743585,0.014092671982451063,126585
325,7.0,126924,0.8866684000037313,126924,0.4643417886048995,0.014575366677364724,126924
326,26.0,127289,0.8863399000037421,127289,0.9730901134544856,0.015258456641897457,127289
327,23.0,127653,0.8860123000037529,127653,0.9310071416567642,0.013561886235698034,127653
328,23.0,128164,0.885552400003768,128164,0.6541784966178603,0.01614917609751782,128164
329,6.0,128554,0.8852014000037796,128554,0.2955509518010494,0.015289569642836563,128554
330,6.0,128871,0.884916100003789,128871,0.3563540596691216,0.01459108495709122,128871
331,23.0,129258,0.8845678000038004,129258,0.8852632007241558,0.014519837036523101,129258
332,25.0,129808,0.8840728000038167,129808,0.8381967969916083,0.013625449337414466,129808
333,28.0,130296,0.8836336000038312,130296,0.7989184563277197,0.014953605371210571,130296
334,6.0,130679,0.8832889000038425,130679,0.3301867584141054,0.018112714589918737,130679
335,22.0,130980,0.8830180000038514,130980,1.0111536585116307,0.01741537994912445,130980
336,25.0,131310,0.8827210000038612,131310,0.8573679329545209,0.018417529641671784,131310
337,7.0,131625,0.8824375000038706,131625,0.362333212035989,0.014997120315600777,131625
338,6.0,132016,0.8820856000038821,132016,0.3486687265660452,0.014284880557770382,132016
339,22.0,132331,0.8818021000038915,132331,1.0080200883131178,0.016083064477979428,132331
340,23.0,132695,0.8814745000039023,132695,0.9101618005802016,0.01670872860052111,132695
341,22.0,133142,0.8810722000039155,133142,0.7686986690366295,0.016305255443581756,133142
342,7.0,133529,0.880723900003927,133529,0.4347075656710977,0.019392830215771116,133529
343,6.0,133899,0.8803909000039379,133899,0.3723867655203149,0.0150944855084605,133899
344,22.0,134260,0.8800660000039486,134260,0.9236182915124206,0.016123745043522104,134260
345,25.0,134672,0.8796952000039608,134672,0.8061590504660768,0.017815567626226783,134672
346,21.0,135011,0.8793901000039709,135011,0.9459375527887921,0.014961483329431507,135011
347,33.0,135447,0.8789977000039838,135447,0.8776029006091006,0.018166373062098118,135447
348,30.0,135808,0.8786728000039945,135808,1.4184083725400578,0.015257646345824953,135808
349,6.0,136214,0.8783074000040065,136214,0.32056844458350997,0.018106646429927414,136214
350,27.0,136520,0.8780320000040156,136520,1.3029469080707605,0.017299706946253424,136520
351,17.0,136901,0.8776891000040269,136901,0.9592742832313998,0.018015711098968042,136901
352,6.0,137280,0.8773480000040381,137280,0.3495957553190103,0.01744193869666258,137280
353,10.0,137560,0.8770960000040464,137560,0.9391945177157011,0.017845831272175667,137560
354,22.0,138034,0.8766694000040605,138034,0.7027949701664569,0.017931259931792124,138034
355,23.0,138441,0.8763031000040725,138441,0.8053605973867,0.01571623812525714,138441
356,24.0,138861,0.875925100004085,138861,0.7877473929985648,0.016566881132894194,138861
357,21.0,139476,0.8753716000041032,139476,0.633247232788462,0.016842872541060868,139476
358,6.0,139833,0.8750503000041138,139833,0.37211683761923253,0.014368008995521292,139833
359,22.0,140502,0.8744482000041336,140502,0.8656766213175962,0.018694675451642953,140502
360,7.0,140903,0.8740873000041455,140903,0.483654922510769,0.01841872311812684,140903
361,7.0,141208,0.8738128000041545,141208,0.5759221873322471,0.018143713662446645,141208
362,6.0,141675,0.8733925000041683,141675,0.32662478092523406,0.01840956169676646,141675
363,6.0,142058,0.8730478000041797,142058,0.3812135442429983,0.01842874142659862,142058
364,33.0,142540,0.872614000004194,142540,0.9725018483258134,0.01906900860091934,142540
365,6.0,142903,0.8722873000042047,142903,0.41947304412271036,0.015125597237042323,142903
366,25.0,143270,0.8719570000042156,143270,1.053639864320651,0.020328977886093804,143270
367,12.0,143707,0.8715637000042286,143707,0.9880361093775086,0.020008137039104968,143707
368,7.0,144100,0.8712100000042402,144100,0.3590049266094773,0.019018276470758343,144100
369,7.0,144466,0.870880600004251,144466,0.49239504626377034,0.017890644583073725,144466
370,22.0,145128,0.8702848000042707,145128,0.6541655046071891,0.016306757831188436,145128
371,6.0,145548,0.8699068000042831,145548,0.4337102179371175,0.019014147900521666,145548
372,24.0,145924,0.8695684000042943,145924,0.9192041576186076,0.01572156209867705,145924
373,7.0,146193,0.8693263000043022,146193,0.681864483344289,0.01757177933150397,146193
374,9.0,146460,0.8690860000043101,146460,0.8342759781395005,0.01786676680927308,146460
375,29.0,146797,0.8687827000043201,146797,1.133043577347382,0.02005855680978097,146797
376,9.0,147058,0.8685478000043279,147058,0.8240818549732596,0.01708638464378093,147058
377,7.0,147429,0.8682139000043388,147429,0.5060687883483431,0.017979177520353086,147429
378,7.0,147785,0.8678935000043494,147785,0.5791815758965323,0.016806112094834614,147785
379,21.0,148215,0.8675065000043621,148215,0.7814658020817956,0.01629802486981092,148215
380,21.0,148935,0.8668585000043835,148935,0.6446029506520264,0.0148897860280057,148935
381,18.0,149341,0.8664931000043955,149341,1.1131476351596745,0.016141591060865358,149341
382,26.0,150048,0.8658568000044164,150048,0.6031142725718578,0.01718948149010987,150048
383,6.0,150432,0.8655112000044278,150432,0.46708245200958726,0.018314920684436704,150432
384,7.0,150725,0.8652475000044365,150725,0.6548753103857968,0.020370419391068557,150725
385,18.0,151000,0.8650000000044447,151000,1.5676629014990546,0.01866885107370432,151000
386,26.0,151533,0.8645203000044605,151533,0.9102988977118013,0.019214411774618766,151533
387,7.0,151796,0.8642836000044682,151796,0.8589243546638199,0.019955359958377827,151796
388,21.0,152290,0.8638390000044829,152290,0.9129214822974524,0.023104815862399833,152290
389,32.0,152640,0.8635240000044933,152640,1.446009282554899,0.018713770616533502,152640
390,7.0,153050,0.8631550000045054,153050,0.43943378489191937,0.017933360000265897,153050
391,6.0,153381,0.8628571000045152,153381,0.5366990655390518,0.02027152197856141,153381
392,24.0,153832,0.8624512000045286,153832,1.0361557747598762,0.020917925481868292,153832
393,6.0,154135,0.8621785000045376,154135,0.6280445581910634,0.019214277136102687,154135
394,30.0,154475,0.8618725000045476,154475,1.6092292192446835,0.0199039836646989,154475
395,20.0,154911,0.8614801000045605,154911,0.9903225222038566,0.020733560087028976,154911
396,42.0,155335,0.8610985000045731,155335,1.4658044331338045,0.019477439487192622,155335
397,26.0,155951,0.8605441000045914,155951,0.9093661922235767,0.018971120230717488,155951
398,9.0,156181,0.8603371000045982,156181,1.1616120012234086,0.021353610894015138,156181
399,32.0,156521,0.8600311000046083,156521,1.432877501801533,0.020175628289785783,156521
400,8.0,156843,0.8597413000046178,156843,0.7415928802227382,0.018687634576641323,156843
401,6.0,157250,0.8593750000046299,157250,0.449944448632163,0.021448477728553208,157250
402,7.0,157561,0.8590951000046391,157561,0.747667414151204,0.02102401517211816,157561
403,20.0,158067,0.8586397000046541,158067,1.2513303164495782,0.019693120596000903,158067
404,8.0,158335,0.858398500004662,158335,0.7464518159516712,0.01942123104353373,158335
405,22.0,158858,0.8579278000046775,158858,0.7937907942821829,0.02067973445918425,158858
406,6.0,159217,0.8576047000046881,159217,0.47676553083246465,0.017059087484308406,159217
407,25.0,159738,0.8571358000047036,159738,1.053619807961463,0.019916884859531383,159738
408,7.0,160165,0.8567515000047162,160165,0.5687803386839269,0.0213695428725681,160165
409,24.0,160513,0.8564383000047265,160513,1.2524757047836808,0.022774192714333084,160513
410,20.0,161239,0.855784900004748,161239,1.010634579359664,0.021780957287939436,161239
411,6.0,161538,0.8555158000047569,161538,0.6262021942381875,0.022844822466043274,161538
412,26.0,162275,0.8548525000047787,162275,1.2103247116427247,0.020991179330105133,162275
413,21.0,162577,0.8545807000047877,162577,1.5003052687901535,0.021820791378318154,162577
414,40.0,163238,0.8539858000048073,163238,1.0818663676594822,0.021257370588145644,163238
415,22.0,163552,0.8537032000048166,163552,1.2124629344103064,0.02178665105206002,163552
416,28.0,163948,0.8533468000048283,163948,1.3002947271999084,0.020408992505352472,163948
417,6.0,164329,0.8530039000048396,164329,0.47827352755495256,0.021700979904650548,164329
418,7.0,164669,0.8526979000048497,164669,0.6160760388873956,0.022059960098019527,164669
419,6.0,164983,0.852415300004859,164983,0.5833482047792073,0.02313946307841451,164983
420,23.0,165399,0.8520409000048713,165399,1.095705189043656,0.021297575422067894,165399
421,7.0,165665,0.8518015000048792,165665,0.8631072823602454,0.020169786005578515,165665
422,33.0,166106,0.8514046000048923,166106,1.1949158069633303,0.024287207206540113,166106
423,21.0,166855,0.8507305000049145,166855,0.831577777275654,0.020379607055665123,166855
424,6.0,167258,0.8503678000049264,167258,0.4870458949847198,0.02412683000238081,167258
425,25.0,167613,0.8500483000049369,167613,1.1019422046525378,0.019853785735207387,167613
426,28.0,168023,0.8496793000049491,168023,1.1353467474986867,0.019431637750552375,168023
427,23.0,168478,0.8492698000049625,168478,0.9388631247884625,0.022799574013333768,168478
428,16.0,168896,0.8488936000049749,168896,1.039440658442569,0.020767994249812172,168896
429,7.0,169201,0.848619100004984,169201,0.769572219741149,0.020196061734812427,169201
430,22.0,169736,0.8481376000049998,169736,0.8788002701981046,0.019183030708640744,169736
431,23.0,170250,0.8476750000050151,170250,0.926667409981619,0.025051113088517395,170250
432,24.0,170671,0.8472961000050275,170671,1.2198577569952487,0.024065194934088905,170671
433,6.0,171037,0.8469667000050384,171037,0.6175402706804497,0.026001313184400705,171037
434,6.0,171515,0.8465365000050525,171515,0.6458925361039748,0.0220269731715493,171515
435,25.0,171994,0.8461054000050667,171994,1.2266312006371007,0.022185980619756712,171994
436,8.0,172356,0.8457796000050775,172356,0.7661877984994024,0.02171181110717943,172356
437,18.0,172721,0.8454511000050883,172721,1.4620050195553531,0.022209725210647263,172721
438,17.0,173037,0.8451667000050976,173037,1.7491859623431405,0.022713963151430486,173037
439,7.0,173382,0.8448562000051079,173382,0.6512060753677202,0.021386092409248585,173382
440,24.0,173727,0.8445457000051181,173727,1.2339210391044617,0.018490070149140513,173727
441,27.0,174053,0.8442523000051277,174053,1.6907709308105743,0.026691382804077027,174053
442,7.0,174368,0.8439688000051371,174368,0.700696372843924,0.022314677332224885,174368
443,17.0,174714,0.8436574000051473,174714,1.1226916520108032,0.022265771710760676,174714
444,23.0,175232,0.8431912000051627,175232,1.047992799042735,0.02130733777316733,175232
445,38.0,175711,0.8427601000051769,175711,1.2302020364800674,0.02264661013658133,175711
446,22.0,176326,0.8422066000051951,176326,1.009435463727005,0.020976657010198428,176326
447,9.0,176636,0.8419276000052043,176636,0.8469096128738696,0.025348219258951084,176636
448,7.0,176879,0.8417089000052115,176879,0.9900121439263654,0.018691572700358865,176879
449,6.0,177331,0.8413021000052249,177331,0.5761435815026011,0.02243097115434764,177331
450,21.0,177787,0.8408917000052384,177787,0.9736512543045377,0.020860774133389146,177787
451,23.0,178098,0.8406118000052476,178098,1.21938598630321,0.0217506898278101,178098
452,22.0,178574,0.8401834000052617,178574,1.1478094616043968,0.019838568260218212,178574
453,23.0,179138,0.8396758000052784,179138,0.8860636287309388,0.02097250028832895,179138
454,21.0,179479,0.8393689000052885,179479,1.3374333042990079,0.01981096402564444,179479
455,7.0,179788,0.8390908000052977,179788,0.8156778805174874,0.022430649751339193,179788
456,29.0,180462,0.8384842000053176,180462,1.123639092048304,0.024641503729492715,180462
457,8.0,180738,0.8382358000053258,180738,0.8851685290211353,0.028318134571790048,180738
458,16.0,181138,0.8378758000053377,181138,1.2123983180895448,0.025725030826870353,181138
459,28.0,181649,0.8374159000053528,181649,1.2574580301277325,0.022220415154329834,181649
460,20.0,181990,0.8371090000053629,181990,1.337424716641826,0.02481347744563414,181990
461,7.0,182412,0.8367292000053754,182412,0.6224732436945936,0.02196091571762072,182412
462,11.0,182666,0.836500600005383,182666,1.5746976025695876,0.02157104232643665,182666
463,7.0,182958,0.8362378000053916,182958,0.8251590356230736,0.024039495698884385,182958
464,6.0,183322,0.8359102000054024,183322,0.610522930602451,0.022359370802795247,183322
465,27.0,183861,0.8354251000054184,183861,1.4469743052252149,0.023718120529383754,183861
466,7.0,184222,0.8351002000054291,184222,0.7308369427093838,0.02313815818717729,184222
467,31.0,184735,0.8346385000054443,184735,1.4645632864584235,0.024862886485679993,184735
468,16.0,185081,0.8343271000054545,185081,1.397984880071155,0.019938940483460343,185081
469,6.0,185295,0.8341345000054609,185295,1.4949481186465683,0.02558114933868365,185295
470,21.0,185622,0.8338402000054705,185622,1.5686909434035283,0.022362714050912984,185622
471,33.0,186115,0.8333965000054852,186115,1.2641004491559633,0.02248796539142176,186115
472,30.0,186599,0.8329609000054995,186599,1.1589942756763174,0.022881494252942502,186599
473,6.0,187006,0.8325946000055116,187006,0.6749509665611628,0.024077244501684494,187006
474,20.0,187329,0.8323039000055211,187329,1.5713412555470925,0.0241762300846585,187329
475,23.0,187860,0.8318260000055369,187860,1.1438435480531775,0.025758420199413632,187860
476,25.0,188258,0.8314678000055487,188258,1.8379621146125111,0.021125965033033066,188258
477,6.0,188567,0.8311897000055578,188567,0.7242948164060278,0.023725926805239377,188567
478,6.0,189191,0.8306281000055763,189191,0.5165134505249369,0.02357519612064024,189191
479,24.0,189672,0.8301952000055906,189672,1.1429226703616537,0.020800473633185493,189672
480,22.0,190226,0.829696600005607,190226,1.1293294384053467,0.027560192932137743,190226
481,6.0,190694,0.8292754000056208,190694,0.6004297942496263,0.0275774305083383,190694
482,6.0,191072,0.828935200005632,191072,0.6689648249201359,0.03016745713853558,191072
483,24.0,191502,0.8285482000056448,191502,1.24873818613069,0.023611390499159866,191502
484,7.0,191809,0.8282719000056539,191809,0.9223534348344958,0.025379813207216342,191809
485,6.0,192115,0.8279965000056629,192115,0.7339402401174595,0.027672120186597645,192115
486,6.0,192622,0.827540200005678,192622,0.5806032582764795,0.027371079038003832,192622
487,21.0,192970,0.8272270000056883,192970,1.546569254420612,0.0265355339406283,192970
488,33.0,193386,0.8268526000057006,193386,1.4580123235041706,0.027339921344089538,193386
489,6.0,193851,0.8264341000057144,193851,0.616702571158768,0.028504157122925564,193851
490,6.0,194211,0.826110100005725,194211,0.759526324396332,0.029442785913771433,194211
491,6.0,194659,0.8257069000057383,194659,0.6066528741669442,0.026697767030002848,194659
492,22.0,195122,0.825290200005752,195122,1.2118471479827848,0.02362842788315352,195122
493,6.0,195459,0.824986900005762,195459,0.7487282330275289,0.024515092384639454,195459
494,6.0,195917,0.8245747000057756,195917,0.6028888435082664,0.026619286729098097,195917
495,9.0,196218,0.8243038000057845,196218,1.159938483836247,0.025483256032260326,196218
496,6.0,196677,0.8238907000057981,196677,0.618252893743432,0.02432470705866416,196677
497,22.0,197396,0.8232436000058194,197396,1.031372502259651,0.02433500198860457,197396
498,6.0,197896,0.8227936000058342,197896,0.5928617166280746,0.02635131755983457,197896
499,25.0,198260,0.822466000005845,198260,1.4845487074619466,0.024834506196394605,198260
500,7.0,198562,0.822194200005854,198562,0.9770302859363177,0.027594885158210698,198562
501,9.0,198903,0.8218873000058641,198903,0.9108916666588126,0.024917708136294243,198903
502,24.0,199293,0.8215363000058756,199293,1.3945681220445878,0.029235227246625493,199293
503,17.0,199675,0.821192500005887,199675,1.3955974969330258,0.024528220711892753,199675
504,24.0,200050,0.8208550000058981,200050,1.5328461565971374,0.02601552075582246,200050
505,7.0,200373,0.8205643000059076,200373,0.8242221756985313,0.02973290936136186,200373
506,23.0,200911,0.8200801000059236,200911,1.1711582404087024,0.026601290081880405,200911
507,7.0,201305,0.8197255000059352,201305,0.8652389735588567,0.02668131789048368,201305
508,7.0,201622,0.8194402000059446,201622,0.8562521450809124,0.031551156527941535,201622
509,8.0,201922,0.8191702000059535,201922,1.3284656233588854,0.0269681478299511,201922
510,6.0,202369,0.8187679000059668,202369,0.6741496491885559,0.028489295008563138,202369
511,33.0,202779,0.8183989000059789,202779,1.9418492927783872,0.030643424117176726,202779
512,21.0,203311,0.8179201000059947,203311,1.458148863978852,0.02881022522976986,203311
513,33.0,203666,0.8176006000060052,203666,1.9540997013659545,0.026744385640477944,203666
514,23.0,204053,0.8172523000060167,204053,1.563291851671783,0.027826476394853406,204053
515,21.0,204399,0.8169409000060269,204399,1.8990051076246823,0.02371499629965795,204399
516,7.0,204799,0.8165809000060388,204799,0.770680509954691,0.028081815615296365,204799
517,33.0,205188,0.8162308000060503,205188,1.6701149784583973,0.02760812116410957,205188
518,6.0,205490,0.8159590000060593,205490,0.9269841542307115,0.025646521076128283,205490
519,23.0,205810,0.8156710000060687,205810,1.8992875390686095,0.029128552156180376,205810
520,30.0,206382,0.8151562000060857,206382,1.324360613639538,0.026487918893018596,206382
521,6.0,206701,0.8148691000060951,206701,0.9538482755048895,0.02612656539599455,206701
522,7.0,207049,0.8145559000061054,207049,0.853804391348499,0.02300637025097064,207049
523,25.0,207379,0.8142589000061152,207379,1.6247669058767231,0.0305917945436456,207379
524,36.0,207926,0.8137666000061314,207926,1.393660527505866,0.027366362269065417,207926
525,6.0,208282,0.813446200006142,208282,0.687416373134664,0.028304303095027218,208282
526,7.0,208728,0.8130448000061552,208728,0.7731171930918779,0.02757876086849594,208728
527,22.0,209137,0.8126767000061673,209137,1.4774510911449534,0.02748760686615769,209137
528,20.0,209569,0.8122879000061801,209569,1.6121849964062374,0.030275097934699496,209569
529,31.0,209979,0.8119189000061923,209979,1.8614031292679833,0.029075789198324813,209979
530,25.0,210374,0.811563400006204,210374,1.5908337998616544,0.03132771593931166,210374
531,6.0,210770,0.8112070000062157,210770,0.8085741339759394,0.03276252052734954,210770
532,6.0,211062,0.8109442000062244,211062,1.1799712942479408,0.03569582908905481,211062
533,21.0,211469,0.8105779000062364,211469,1.5765974260958173,0.03129444859752601,211469
534,7.0,211880,0.8102080000062486,211880,0.7943087263698996,0.029347042250616923,211880
535,6.0,212226,0.8098966000062588,212226,0.8067099309897836,0.03214594661130306,212226
536,25.0,212620,0.8095420000062705,212620,1.4437784723899691,0.029974306102128236,212620
537,30.0,213230,0.8089930000062886,213230,1.5416153519368563,0.03187231324865009,213230
538,6.0,213590,0.8086690000062993,213590,1.0605366220904722,0.029757153874056207,213590
539,21.0,214076,0.8082316000063137,214076,1.370730658065635,0.028490840343120334,214076
540,20.0,214473,0.8078743000063254,214473,1.559801038851966,0.028963770145862374,214473
541,41.0,215114,0.8072974000063444,215114,1.4770019039069993,0.02594536559165175,215114
542,22.0,215414,0.8070274000063533,215414,1.9165484564503035,0.03355306633709309,215414
543,9.0,215659,0.8068069000063606,215659,1.4454044379750077,0.02795242347554969,215659
544,33.0,216024,0.8064784000063714,216024,1.887419307150253,0.027997294883562687,216024
545,33.0,216480,0.8060680000063849,216480,2.017667685749761,0.03306620549962023,216480
546,13.0,216761,0.8058151000063932,216761,1.4938276864031457,0.03068023300779407,216761
547,23.0,217082,0.8055262000064027,217082,1.896581828083576,0.0266024625567847,217082
548,25.0,217430,0.805213000006413,217430,2.0267549289454676,0.029622112826347864,217430
549,6.0,217822,0.8048602000064247,217822,0.9287596952398213,0.029536303866604743,217822
550,32.0,218211,0.8045101000064362,218211,1.9985718949671576,0.034191777112661526,218211
551,6.0,218572,0.8041852000064469,218572,0.9930325916599368,0.028884072751619458,218572
552,8.0,218861,0.8039251000064555,218861,1.1393959074181257,0.023589649393986976,218861
553,26.0,219293,0.8035363000064683,219293,1.5281502736249455,0.028263429391059885,219293
554,9.0,219630,0.8032330000064782,219630,1.208428440665279,0.030154615297266877,219630
555,6.0,219931,0.8029621000064872,219931,1.002752422345833,0.025096826260349408,219931
556,21.0,220249,0.8026759000064966,220249,2.155293841313266,0.03472808761296665,220249
557,24.0,220610,0.8023510000065073,220610,1.8554166781605115,0.0309708742727977,220610
558,9.0,220930,0.8020630000065168,220930,1.272466807998717,0.03647289140644716,220930
559,23.0,221238,0.8017858000065259,221238,2.1571772166757617,0.03645643573813745,221238
560,20.0,221664,0.8014024000065385,221664,1.5770425338280594,0.038967884648503835,221664
561,42.0,222265,0.8008615000065563,222265,1.7970320170562397,0.036232210026888145,222265
562,23.0,222634,0.8005294000065672,222634,1.9532061860490297,0.0298159213523383,222634
563,6.0,222903,0.8002873000065752,222903,1.5424274292577156,0.034358948563073234,222903
564,6.0,223255,0.7999705000065856,223255,0.9532907890494574,0.03868768414064438,223255
565,6.0,223592,0.7996672000065956,223592,1.0415556386157383,0.03209901344893329,223592
566,17.0,223872,0.7994152000066039,223872,2.477068194214787,0.035669023364815595,223872
567,22.0,224464,0.7988824000066215,224464,1.4802868058905005,0.03684991207076048,224464
568,7.0,224783,0.7985953000066309,224783,1.1584476968711446,0.0365684269259605,224783
569,7.0,225199,0.7982209000066433,225199,0.9408769197762012,0.03282033469552586,225199
570,35.0,225661,0.7978051000066569,225661,1.952809719199484,0.03298184133131758,225661
571,9.0,225889,0.7975999000066637,225889,1.8067306652665138,0.03793930856249573,225889
572,40.0,226456,0.7970896000066805,226456,1.8720982265272679,0.034070809250631794,226456
573,9.0,226810,0.796771000006691,226810,1.6911352174514431,0.03318953578489291,226810
574,37.0,227377,0.7962607000067078,227377,1.5486335648220473,0.03233917578159646,227377
575,6.0,227937,0.7957567000067244,227937,0.9450055768979447,0.03174932800154368,227937
576,6.0,228328,0.795404800006736,228328,1.0109362628911158,0.03207013811654104,228328
577,17.0,228617,0.7951447000067445,228617,2.1768580435365954,0.028305006768976605,228617
578,35.0,229138,0.79467580000676,229138,1.8397924193036304,0.03411073634720938,229138
579,6.0,229564,0.7942924000067726,229564,1.0293247284883624,0.03198257751053444,229564
580,21.0,229908,0.7939828000067828,229908,2.013272444782562,0.03331528901837246,229908
581,17.0,230450,0.7934950000067988,230450,1.783022892871026,0.04047473535763024,230450
582,22.0,230820,0.7931620000068098,230820,2.041646863399325,0.04090259385018333,230820
583,24.0,231333,0.792700300006825,231333,1.5719438262036902,0.0397632948552271,231333
584,6.0,231685,0.7923835000068354,231685,1.333089035681703,0.0400483534070769,231685
585,6.0,232015,0.7920865000068452,232015,1.4987333967378644,0.03626949465410276,232015
586,25.0,232373,0.7917643000068558,232373,2.0082439947144946,0.036794954114827694,232373
587,23.0,232674,0.7914934000068647,232674,2.1482466987993236,0.04129614517250504,232674
588,21.0,233220,0.7910020000068809,233220,1.6042250950203274,0.03899993153839908,233220
589,32.0,233729,0.790543900006896,233729,1.9987700773304244,0.041406610431259386,233729
590,27.0,234222,0.7901002000069106,234222,2.3390506945142397,0.041743791962050004,234222
591,23.0,234675,0.789692500006924,234675,1.8095951555646281,0.03932064916259068,234675
592,24.0,234982,0.7894162000069331,234982,2.2021255272801614,0.03553364280056123,234982
593,22.0,235565,0.7888915000069504,235565,1.761809866741223,0.03862796543588571,235565
594,25.0,235941,0.7885531000069615,235941,1.9055271126488422,0.03797562851290655,235941
595,21.0,236495,0.788054500006978,236495,1.8410308123818373,0.038027576613408054,236495
596,7.0,236900,0.78769000000699,236900,1.0477672542686816,0.0373767452676677,236900
597,20.0,237296,0.7873336000070017,237296,1.9285516681318933,0.03976200643875119,237296
598,6.0,237507,0.787143700007008,237507,2.0988804775674197,0.041458680351834164,237507
599,44.0,237943,0.7867513000070209,237943,2.401480244968189,0.03683900758848363,237943
600,20.0,238316,0.7864156000070319,238316,1.8359919822807287,0.04202930518331121,238316
601,22.0,238655,0.786110500007042,238655,2.425419016529677,0.03774450755586084,238655
602,7.0,238977,0.7858207000070515,238977,1.3751045985621695,0.041242651514107394,238977
603,7.0,239304,0.7855264000070612,239304,1.189804615321874,0.03732293467920285,239304
604,6.0,239682,0.7851862000070724,239682,1.2012257071004973,0.03966979192669636,239682
605,37.0,240200,0.7847200000070877,240200,1.824398775761192,0.03797767344730975,240200
606,27.0,240667,0.7842997000071016,240667,1.744846683019489,0.037372934838409914,240667
607,7.0,241072,0.7839352000071136,241072,1.2776286725276782,0.040748470247274744,241072
608,7.0,241313,0.7837183000071207,241313,1.7232098988724942,0.04246856863475192,241313
609,6.0,241566,0.7834906000071282,241566,1.6330791515088363,0.04149229764448766,241566
610,6.0,241861,0.783225100007137,241861,1.5562300482038725,0.04780745899730946,241861
611,39.0,242524,0.7826284000071566,242524,2.251420600449338,0.03948136303590703,242524
612,23.0,243110,0.782101000007174,243110,1.6261132299747483,0.04044705549248656,243110
613,29.0,243826,0.7814566000071952,243826,1.7311257727693912,0.041620523613219426,243826
614,6.0,244182,0.7811362000072057,244182,1.337505429983139,0.039641284141846506,244182
615,6.0,244511,0.7808401000072155,244511,1.6186606821499334,0.039814381360566094,244511
616,23.0,245073,0.7803343000072321,245073,1.50757262672818,0.0375419005853525,245073
617,7.0,245425,0.7800175000072426,245425,1.3104198627512564,0.03757898320327513,245425
618,7.0,245733,0.7797403000072517,245733,1.5553882202351248,0.03684334865810543,245733
619,8.0,245992,0.7795072000072594,245992,1.4343979999595626,0.042026661455084685,245992
620,24.0,246455,0.7790905000072731,246455,1.7263981596311277,0.036427547493154994,246455
621,25.0,246789,0.778789900007283,246789,2.1697690626104436,0.03646485355730074,246789
622,7.0,247049,0.7785559000072907,247049,1.3099134915150128,0.04394184736481223,247049
623,7.0,247429,0.778213900007302,247429,1.3239184475258776,0.038834919262750955,247429
624,32.0,247958,0.7777378000073176,247958,1.9269233409364643,0.04078963408352269,247958
625,24.0,248382,0.7773562000073302,248382,2.082024490003878,0.038001960746115865,248382
626,8.0,248625,0.7771375000073374,248625,1.8551209999455347,0.034705420658030686,248625
627,23.0,249164,0.7766524000073534,249164,1.5754382607556452,0.04078125367580407,249164
628,14.0,249434,0.7764094000073614,249434,2.3037064333756763,0.04010481198352796,249434
629,18.0,249757,0.7761187000073709,249757,2.2821863827875153,0.039711495192833936,249757
630,22.0,250195,0.7757245000073839,250195,1.7253699328529235,0.03887586081910827,250195
631,33.0,250614,0.7753474000073963,250614,2.1218734453999057,0.03922652825490885,250614
632,27.0,251143,0.774871300007412,251143,1.8389572371325555,0.03966706847095957,251143
633,7.0,251451,0.7745941000074211,251451,1.6225738925980282,0.04075467138469534,251451
634,6.0,251724,0.7743484000074292,251724,1.9147964768357328,0.041776712209023806,251724
635,33.0,252248,0.7738768000074447,252248,2.018988488000313,0.039913302357664035,252248
636,9.0,252503,0.7736473000074523,252503,2.0171599606672923,0.037634245902025965,252503
637,30.0,252828,0.7733548000074619,252828,2.575637096625108,0.04323660054459021,252828
638,7.0,253161,0.7730551000074718,253161,1.5774721895252262,0.04372632260400768,253161
639,30.0,253687,0.7725817000074874,253687,2.083989878911029,0.04380382430038553,253687
640,6.0,254031,0.7722721000074976,254031,2.058238510042429,0.04848344930377247,254031
641,25.0,254546,0.7718086000075128,254546,2.261676732602629,0.04605191824279581,254546
642,6.0,254940,0.7714540000075245,254940,1.5315329940791058,0.041059953230905916,254940
643,22.0,255543,0.7709113000075424,255543,1.730150663783499,0.04301239122330809,255543
644,22.0,256151,0.7703641000075604,256151,1.4986911330274062,0.04668407043477361,256151
645,39.0,256698,0.7698718000075766,256698,2.603779463434568,0.03941969299038542,256698
646,34.0,257153,0.7694623000075901,257153,2.509469523665669,0.037791100407408164,257153
647,23.0,257670,0.7689970000076054,257670,1.8572061826228172,0.04019772282862816,257670
648,33.0,258124,0.7685884000076189,258124,2.3195864916635505,0.039310116944465345,258124
649,22.0,258594,0.7681654000076328,258594,2.010783176028982,0.04106093450954699,258594
650,23.0,259087,0.7677217000076474,259087,1.9821504241433636,0.04191047047372552,259087
651,34.0,259605,0.7672555000076627,259605,2.2670873476616666,0.04073141724577814,259605
652,34.0,260058,0.7668478000076762,260058,2.386958796588527,0.03983889041888933,260058
653,33.0,260540,0.7664140000076904,260540,2.4659746673220915,0.04740493989566967,260540
654,21.0,260860,0.7661260000076999,260860,2.4550507568754254,0.04598884649021784,260860
655,8.0,261253,0.7657723000077116,261253,1.734497003807063,0.042507526454096306,261253
656,6.0,261638,0.765425800007723,261638,1.5272412158452071,0.04414465689620414,261638
657,5.0,261875,0.76521250000773,261875,1.7155796923214877,0.045667747113232814,261875
658,23.0,262255,0.7648705000077413,262255,2.2696356558486035,0.03954677426342019,262255
659,7.0,262602,0.7645582000077515,262602,1.587735819369984,0.04569267684000649,262602
660,35.0,263036,0.7641676000077644,263036,2.306139063107253,0.048906219536266914,263036
661,38.0,263623,0.7636393000077818,263623,2.371941647497109,0.04077120329129622,263623
662,25.0,263972,0.7633252000077921,263972,2.732463565289462,0.04073844593415907,263972
663,6.0,264329,0.7630039000078027,264329,1.7339035765964443,0.04033581422007948,264329
664,16.0,264676,0.762691600007813,264676,2.3053569960319344,0.04209346991697976,264676
665,7.0,265026,0.7623766000078234,265026,1.6480512533017566,0.04485540964574154,265026
666,7.0,265472,0.7619752000078366,265472,1.788695334419274,0.041890113325288414,265472
667,24.0,265936,0.7615576000078503,265936,2.217819920323532,0.04372682757896435,265936
668,31.0,266646,0.7609186000078714,266646,1.7186938541456007,0.04300475574662568,266646
669,6.0,267140,0.760474000007886,267140,1.8238131370139026,0.040989084938458105,267140
670,9.0,267371,0.7602661000078929,267371,2.2605208452645833,0.036128559380112564,267371
671,23.0,267672,0.7599952000079018,267672,2.3447145404807754,0.043232811395190286,267672
672,7.0,267907,0.7597837000079087,267907,1.7873933048958475,0.039810806124451315,267907
673,14.0,268287,0.75944170000792,268287,2.370577811645834,0.04161326611586111,268287
674,21.0,268926,0.7588666000079389,268926,1.822558365237545,0.04442248714713202,268926
675,25.0,269370,0.7584670000079521,269370,2.1971856111341768,0.0501337798437112,269370
676,6.0,269710,0.7581610000079622,269710,1.8055448718807277,0.04275421631960746,269710
677,22.0,270151,0.7577641000079752,270151,2.066315249723642,0.04086156112570611,270151
678,23.0,270546,0.7574086000079869,270546,2.3888462064386924,0.04978566455088933,270546
679,6.0,270993,0.7570063000080002,270993,1.9195492756313393,0.04500236887103509,270993
680,7.0,271470,0.7565770000080143,271470,1.6695371839985158,0.04293331323168094,271470
681,6.0,271818,0.7562638000080246,271818,2.1909525576850464,0.04567296859465711,271818
682,12.0,272182,0.7559362000080354,272182,2.4643324131330293,0.04146979045337783,272182
683,9.0,272458,0.7556878000080436,272458,2.2369159799123155,0.04199760113471606,272458
684,6.0,272848,0.7553368000080551,272848,2.1195019023540693,0.046024110404034264,272848
685,35.0,273272,0.7549552000080677,273272,2.5894327366830043,0.04335952967565665,273272
686,22.0,273778,0.7544998000080827,273778,1.956029923537032,0.04790763969656463,273778
687,19.0,274123,0.7541893000080929,274123,2.5038515020107877,0.04973877648067107,274123
688,6.0,274452,0.7538932000081027,274452,1.9147350388638518,0.04615239648991986,274452
689,23.0,274834,0.753549400008114,274834,2.3786133960747593,0.04852128312898634,274834
690,6.0,275183,0.7532353000081243,275183,1.8550797079217467,0.049515218040332154,275183
691,25.0,275526,0.7529266000081345,275526,2.3906984572507897,0.045164741492903525,275526
692,41.0,276117,0.752394700008152,276117,2.33622835036966,0.04425159591138237,276117
693,30.0,276463,0.7520833000081623,276463,3.028010952162605,0.04803050943378445,276463
694,10.0,276814,0.7517674000081727,276814,2.314296413775523,0.049018625051918785,276814
695,25.0,277228,0.7513948000081849,277228,2.0620359147084506,0.049125866176547024,277228
696,26.0,277801,0.7508791000082019,277801,2.2684181106340198,0.04386684536059463,277801
697,7.0,278049,0.7506559000082093,278049,1.9309587388509704,0.04871185551371215,278049
698,36.0,278426,0.7503166000082204,278426,2.71278548011413,0.04556380879363683,278426
699,16.0,278718,0.7500538000082291,278718,2.6808310067408705,0.03948874480875643,278718
700,6.0,279170,0.7496470000082425,279170,1.9332193343249042,0.04564735317135032,279170
701,21.0,279788,0.7490908000082608,279788,1.8792320086250027,0.04422697417353639,279788
702,33.0,280130,0.7487830000082709,280130,2.854711369202848,0.047323005682412995,280130
703,6.0,280456,0.7484896000082806,280456,2.3555067195299944,0.051792304477214446,280456
704,23.0,281006,0.7479946000082969,281006,1.9787571556459773,0.05028014243284071,281006
705,8.0,281245,0.747779500008304,281245,2.0975282964097905,0.05266945824907726,281245
706,24.0,281616,0.747445600008315,281616,2.6014547448434597,0.05521858841898748,281616
707,20.0,282027,0.7470757000083271,282027,2.1270147254577227,0.04382884385938917,282027
708,6.0,282372,0.7467652000083373,282372,2.2526982509571574,0.04046123205427674,282372
709,32.0,282924,0.7462684000083537,282924,2.3463876393178236,0.050037198448621166,282924
710,7.0,283201,0.7460191000083619,283201,1.870315385209094,0.049179106634715405,283201
711,21.0,283691,0.7455781000083764,283691,2.019301878128733,0.048218081436329045,283691
712,26.0,284072,0.7452352000083877,284072,3.1006099476119666,0.045774155779768594,284072
713,6.0,284438,0.7449058000083986,284438,2.436796109288768,0.05073553505175508,284438
714,23.0,284760,0.7446160000084081,284760,3.097454755017476,0.04932746639972703,284760
715,22.0,285453,0.7439923000084286,285453,1.9142979032549508,0.049401082300404985,285453
716,6.0,285854,0.7436314000084405,285854,2.1643708120855014,0.04846279613529692,285854
717,21.0,286146,0.7433686000084492,286146,2.8102774740490193,0.04871525112077058,286146
718,33.0,286601,0.7429591000084627,286601,2.8480977712751745,0.043825489958072755,286601
719,32.0,287065,0.7425415000084764,287065,2.3689654413610697,0.04788820781335556,287065
720,24.0,287558,0.742097800008491,287558,2.1115204845432336,0.04466434730345319,287558
721,41.0,288153,0.7415623000085086,288153,2.4873447709724683,0.046019300080037545,288153
722,25.0,288525,0.7412275000085197,288525,2.61438064509502,0.04519075567906682,288525
723,33.0,288976,0.740821600008533,288976,2.7558432347626485,0.04884278554956691,288976
724,19.0,289286,0.7405426000085422,289286,2.681624330339893,0.04559098796228007,289286
725,36.0,289865,0.7400215000085594,289865,2.2454294766169136,0.04351096217148971,289865
726,24.0,290191,0.739728100008569,290191,3.053479387899118,0.05128059210255742,290191
727,6.0,290513,0.7394383000085786,290513,2.2242803799439663,0.05354537904806296,290513
728,16.0,290819,0.7391629000085876,290819,2.9214044220112507,0.057478017748936135,290819
729,24.0,291319,0.7387129000086025,291319,2.1678448704481124,0.05662283163331449,291319
730,34.0,291806,0.7382746000086169,291806,3.0347849450072224,0.05295140808926287,291806
731,6.0,292105,0.7380055000086257,292105,2.6534013322563874,0.05778096335625469,292105
732,25.0,292502,0.7376482000086375,292502,2.4910702002739127,0.05207139480113045,292502
733,6.0,292717,0.7374547000086439,292717,2.195609446181807,0.04742869823564624,292717
734,22.0,293164,0.7370524000086571,293164,2.144687467573473,0.053002568022233396,293164
735,22.0,293490,0.7367590000086668,293490,2.8044008993846505,0.04836150167718461,293490
736,8.0,293785,0.7364935000086755,293785,2.412535428192656,0.05050164742742554,293785
737,23.0,294284,0.7360444000086903,294284,2.1879505736674956,0.04932244751837575,294284
738,21.0,294695,0.7356745000087025,294695,2.2895294663534838,0.056684938561932664,294695
739,33.0,295111,0.7353001000087148,295111,2.965254752538525,0.05341029959023357,295111
740,25.0,295518,0.7349338000087269,295518,2.989479002334562,0.05099359323117306,295518
741,6.0,295939,0.7345549000087394,295939,2.5149929396755057,0.05175111774629482,295939
742,6.0,296158,0.7343578000087458,296158,2.1682935581631857,0.05383466960028766,296158
743,24.0,296475,0.7340725000087552,296475,3.06423904382468,0.04987368736803908,296475
744,24.0,296864,0.7337224000087668,296864,2.725780281585409,0.049367644166894695,296864
745,6.0,297243,0.733381300008778,297243,2.4598180062695354,0.054335016887487556,297243
746,25.0,297650,0.73301500000879,297650,2.907552318944978,0.05845612246904714,297650
747,9.0,297992,0.7327072000088002,297992,2.7107827440339918,0.05296641066929118,297992
748,23.0,298302,0.7324282000088094,298302,3.014328249712144,0.057421679084279365,298302
749,23.0,298605,0.7321555000088183,298605,2.848533773874686,0.04522311193223047,298605
750,6.0,298934,0.7318594000088281,298934,2.834626373458416,0.04871373756089471,298934
751,6.0,299161,0.7316551000088348,299161,2.502073052302331,0.04912037643427562,299161
752,25.0,299706,0.731164600008851,299706,1.801600477072077,0.05293523321919348,299706
753,6.0,300179,0.730738900008865,300179,2.512027208069162,0.05448974298124239,300179
754,7.0,300488,0.7304608000088741,300488,2.4192874885878517,0.057807474412192805,300488
755,22.0,300802,0.7301782000088834,300802,3.2708618236575155,0.05498549855124371,300802
756,25.0,301248,0.7297768000088967,301248,2.2002962416062974,0.05520330722790395,301248
757,24.0,301691,0.7293781000089098,301691,2.8854598116390324,0.05113952278956334,301691
758,8.0,301916,0.7291756000089165,301916,2.5129364665349323,0.05643951219610042,301916
759,8.0,302262,0.7288642000089267,302262,2.525999186700479,0.05530183149146379,302262
760,22.0,302567,0.7285897000089357,302567,3.047926317472927,0.050626145962808955,302567
761,8.0,302811,0.728370100008943,302811,2.2334124314003305,0.05305606787108251,302811
762,6.0,303259,0.7279669000089563,303259,2.853388058952987,0.05418288032212461,303259
763,25.0,303640,0.7276240000089675,303640,2.8124607430668327,0.05292427370549617,303640
764,42.0,304202,0.7271182000089842,304202,2.80794295668602,0.052267738493669814,304202
765,34.0,304668,0.726698800008998,304668,2.9031235809745706,0.051806930832808656,304668
766,24.0,305196,0.7262236000090136,305196,2.079246576423898,0.058267190237529576,305196
767,29.0,305528,0.7259248000090235,305528,3.3698446940944855,0.04860732402913385,305528
768,26.0,305865,0.7256215000090335,305865,3.152035997777028,0.04980872598827681,305865
769,9.0,306139,0.7253749000090416,306139,2.6649274858680085,0.04598629951517839,306139
770,21.0,306588,0.7249708000090549,306588,2.218291255041857,0.05353779963452062,306588
771,15.0,306916,0.7246756000090646,306916,3.281910399383888,0.05023734695661427,306916
772,25.0,307297,0.7243327000090759,307297,3.108796327641317,0.054977471109729,307297
773,21.0,307636,0.724027600009086,307636,3.242466274528025,0.048328833725951766,307636
774,22.0,308196,0.7235236000091025,308196,2.0060056782194544,0.048845440699785414,308196
775,22.0,308693,0.7230763000091173,308693,2.1729816076621202,0.05061572056237451,308693
776,7.0,309044,0.7227604000091277,309044,2.5083613779470113,0.05470188740346358,309044
777,20.0,309458,0.7223878000091399,309458,2.839934176149,0.050983506242479174,309458
778,20.0,309889,0.7219999000091527,309889,2.393400495746573,0.048247031564986345,309889
779,7.0,310186,0.7217326000091615,310186,2.616622079803486,0.06041157737951287,310186
780,21.0,310627,0.7213357000091746,310627,2.2826158744948253,0.05906125935440769,310627
781,23.0,311232,0.7207912000091925,311232,2.2219581270513458,0.05921362763932667,311232
782,23.0,311604,0.7204564000092035,311604,2.986038633812499,0.05484508032039288,311604
783,24.0,312075,0.7200325000092175,312075,2.7121341055112786,0.05544693715427458,312075
784,20.0,312489,0.7196599000092297,312489,2.543004603273627,0.05746339572197645,312489
785,6.0,312765,0.7194115000092379,312765,2.636182166312052,0.05672050759270517,312765
786,23.0,313093,0.7191163000092476,313093,3.291597768300917,0.05759680430296945,313093
787,22.0,313636,0.7186276000092637,313636,2.317594320515023,0.053519707632767345,313636
788,22.0,314097,0.7182127000092774,314097,2.5799999250636443,0.05714137478450762,314097
789,8.0,314434,0.7179094000092874,314434,2.8525150951539726,0.05597377918972924,314434
790,24.0,314912,0.7174792000093015,314912,2.161545149576714,0.05009730655805181,314912
791,24.0,315413,0.7170283000093164,315413,2.0857216138801653,0.05166054412373109,315413
792,7.0,315840,0.716644000009329,315840,2.5451018016706866,0.055618488567879105,315840
793,6.0,316086,0.7164226000093363,316086,2.784971259110342,0.04905234202288273,316086
794,24.0,316545,0.7160095000093499,316545,3.06911133174543,0.057630563733088815,316545
795,20.0,317093,0.7155163000093662,317093,2.8365112239100636,0.05403486199857137,317093
796,7.0,317388,0.7152508000093749,317388,2.3561838750111854,0.055924207313870225,317388
797,18.0,317729,0.714943900009385,317729,3.463464078053701,0.056061141677692404,317729
798,23.0,318102,0.7146082000093961,318102,2.957608068436784,0.05072017167332824,318102
799,31.0,318645,0.7141195000094122,318645,2.2131763146727126,0.05552091579678473,318645
800,22.0,319303,0.7135273000094317,319303,2.760497219113231,0.05419442639332321,319303
801,22.0,319625,0.7132375000094412,319625,2.9299834794509483,0.05667413304045056,319625
802,34.0,319980,0.7129180000094517,319980,2.981997175703586,0.04921118548126813,319980
803,6.0,320271,0.7126561000094603,320271,3.0853940211620525,0.06006440588775574,320271
804,19.0,320649,0.7123159000094715,320649,3.2124769119989303,0.06523826847064787,320649
805,34.0,321286,0.7117426000094904,321286,2.002472470141655,0.0582249585781802,321286
806,39.0,322022,0.7110802000095122,322022,2.9553692667218656,0.05616256806989322,322022
807,28.0,322374,0.7107634000095227,322374,3.194591151635078,0.06222150653510736,322374
808,8.0,322640,0.7105240000095305,322640,2.3679897873697424,0.05740348880067188,322640
809,22.0,323195,0.710024500009547,323195,2.62297184939857,0.06340903002131093,323195
810,28.0,323609,0.7096519000095592,323609,2.914874886185075,0.05818289032561372,323609
811,39.0,324210,0.709111000009577,324210,3.2537975834431547,0.056044098198221697,324210
812,7.0,324512,0.708839200009586,324512,2.422980331723264,0.05971233890351796,324512
813,7.0,324843,0.7085413000095958,324843,2.8196464384430486,0.05237883398326232,324843
814,25.0,325447,0.7079977000096137,325447,2.6704375022985287,0.05732199059959674,325447
815,42.0,325987,0.7075117000096297,325987,3.0213353373386242,0.061463566196013106,325987
816,22.0,326446,0.7070986000096433,326446,2.276049243858437,0.05959828025894747,326446
817,12.0,326694,0.7068754000096507,326694,3.062038153049446,0.05395715427584946,326694
818,8.0,326940,0.706654000009658,326940,2.4560543793003733,0.05232103057849274,326940
819,16.0,327211,0.706410100009666,327211,2.9543473365342043,0.05552559816261334,327211
820,23.0,327706,0.7059646000096806,327706,2.405828596365572,0.05816986921873658,327706
821,29.0,328198,0.7055218000096952,328198,2.500242254840649,0.05369972666097063,328198
822,37.0,328753,0.7050223000097117,328753,2.7248023441245963,0.05052430606824723,328753
823,6.0,329013,0.7047883000097194,329013,2.957657887156193,0.05030272000182707,329013
824,24.0,329394,0.7044454000097307,329394,3.0498855287634483,0.056089549214185616,329394
825,6.0,329884,0.7040044000097452,329884,3.126698131828892,0.051645182066464,329884
826,34.0,330300,0.7036300000097575,330300,3.37008842252768,0.0599943803491232,330300
827,33.0,330773,0.7032043000097715,330773,3.1554567374084264,0.06745052425560973,330773
828,6.0,331128,0.702884800009782,331128,3.1201945355240728,0.06937255729252184,331128
829,6.0,331385,0.7026535000097897,331385,3.3590402744623473,0.060273020673209825,331385
830,20.0,331800,0.702280000009802,331800,3.1905551381858,0.055027782287538414,331800
831,33.0,332116,0.7019956000098113,332116,3.1873321259700798,0.05535815612713606,332116
832,42.0,332850,0.7013350000098331,332850,2.3099328786215927,0.05823246339381716,332850
833,6.0,333149,0.7010659000098419,333149,3.2746387034355595,0.05945620418410985,333149
834,20.0,333711,0.7005601000098586,333711,2.8912628479699647,0.05955461858692198,333711
835,33.0,334135,0.7001785000098711,334135,3.614588879189401,0.06503856569234247,334135
836,25.0,334640,0.6997240000098861,334640,2.2429809855352536,0.061946808567989876,334640
837,20.0,334919,0.6994729000098944,334919,3.161615560345325,0.06049672619349534,334919
838,16.0,335283,0.6991453000099052,335283,3.2261171575103487,0.05716192693280691,335283
839,23.0,335711,0.6987601000099178,335711,2.996551892746275,0.05888910227668445,335711
840,39.0,336283,0.6982453000099348,336283,2.8109036959134617,0.058777811723741726,336283
841,7.0,336680,0.6978880000099466,336680,3.1361056247946597,0.05809177009867368,336680
842,18.0,336951,0.6976441000099546,336951,3.2237122243620813,0.05688158515668938,336951
843,24.0,337354,0.6972814000099665,337354,3.09943932635021,0.060880699966255364,337354
844,23.0,337691,0.6969781000099765,337691,3.146421963188698,0.059628370277395676,337691
845,7.0,337937,0.6967567000099838,337937,2.196482991299978,0.058508865400861074,337937
846,9.0,338193,0.6965263000099914,338193,2.9366461655590683,0.058489604271017015,338193
847,21.0,338731,0.6960421000100073,338731,2.871589974289047,0.05772862741706346,338731
848,6.0,339107,0.6957037000100185,339107,3.5834278633936925,0.05722507210993307,339107
849,39.0,339731,0.695142100010037,339731,2.3198592454577103,0.05594772462268921,339731
850,33.0,340310,0.6946210000100541,340310,2.930252495670566,0.05795410118952059,340310
851,29.0,340915,0.694076500010072,340915,2.5413870337580846,0.0619455166245726,340915
852,6.0,341266,0.6937606000100824,341266,3.099550992674977,0.0608138783020299,341266
853,25.0,341669,0.6933979000100944,341669,3.2292067713240535,0.06053637969249827,341669
854,8.0,341919,0.6931729000101018,341919,2.4237407813072203,0.06797697933390737,341919
855,33.0,342548,0.6926068000101204,342548,3.1558551449085837,0.05955167278049244,342548
856,16.0,342840,0.6923440000101291,342840,3.2499185627045697,0.05441935892274272,342840
857,25.0,343236,0.6919876000101408,343236,3.790087557049713,0.060351961730941754,343236
858,24.0,343729,0.6915439000101554,343729,3.360124574955288,0.060202293835663466,343729
859,29.0,344232,0.6910912000101703,344232,2.4071054269613374,0.06041863938112175,344232
860,18.0,344521,0.6908311000101789,344521,3.0206433026229633,0.06894297737976258,344521
861,8.0,344860,0.6905260000101889,344860,3.1036840586711523,0.05566520078085736,344860
862,30.0,345397,0.6900427000102048,345397,2.255366760814212,0.056123687536238906,345397
863,24.0,345729,0.6897439000102147,345729,3.4875659919287787,0.057180883274525855,345729
864,6.0,346107,0.6894037000102259,346107,3.8027808746648213,0.05434075880194546,346107
865,32.0,346584,0.68897440001024,346584,2.9810183743011027,0.05889025066278297,346584
866,32.0,346971,0.6886261000102515,346971,3.8133378740428956,0.0577928693916947,346971
867,25.0,347473,0.6881743000102664,347473,2.4422080766157324,0.05975431304951885,347473
868,20.0,347980,0.6877180000102814,347980,2.925103674861336,0.05678631198597995,347980
869,7.0,348237,0.687486700010289,348237,2.424618789194159,0.053896379017484904,348237
870,23.0,348650,0.6871150000103012,348650,3.694087391182528,0.06274485338781453,348650
871,23.0,348966,0.6868306000103106,348966,2.9523370812965344,0.06514970934949815,348966
872,7.0,349255,0.6865705000103192,349255,3.178371602791816,0.0573529345289543,349255
873,7.0,349587,0.686271700010329,349587,2.7148175020533873,0.05456581504605935,349587
874,23.0,350052,0.6858532000103428,350052,2.763711460944145,0.057031116241048424,350052
875,24.0,350383,0.6855553000103526,350383,3.4755526577598017,0.07144115848911313,350383
876,31.0,350864,0.6851224000103668,350864,2.5472444314470906,0.06876821634640409,350864
877,6.0,351194,0.6848254000103766,351194,3.922389138467384,0.058299667659130965,351194
878,22.0,351785,0.6842935000103941,351785,2.3747215733915414,0.06773089050030093,351785
879,23.0,352398,0.6837418000104123,352398,2.4608606718492743,0.060035791919607714,352398
880,21.0,352734,0.6834394000104222,352734,3.4587479189393067,0.06564416387949937,352734
881,19.0,353168,0.6830488000104351,353168,3.9832863196524606,0.05901716771205106,353168
882,13.0,353553,0.6827023000104465,353553,4.192726354010693,0.06924552201934449,353553
883,6.0,353786,0.6824926000104534,353786,2.5309755477270857,0.059467590130194065,353786
884,22.0,354331,0.6820021000104696,354331,2.4454398568617095,0.06647880439808883,354331
885,25.0,354721,0.6816511000104811,354721,3.970804821527921,0.07230743568104048,354721
886,23.0,355245,0.6811795000104967,355245,2.4283415080254316,0.06107565525382445,355245
887,21.0,355627,0.680835700010508,355627,3.315473241955822,0.06383576451956796,355627
888,22.0,355956,0.6805396000105177,355956,3.4990237092536995,0.06657286320804508,355956
889,22.0,356731,0.6798421000105407,356731,2.4872433824308455,0.06317728677223768,356731
890,16.0,357140,0.6794740000105528,357140,3.628289514474006,0.06357205714711642,357140
891,22.0,357757,0.6789187000105711,357757,2.961306174918164,0.060138556994558154,357757
892,6.0,358160,0.678556000010583,358160,3.9688871967289643,0.06760012886253539,358160
893,24.0,358624,0.6781384000105968,358624,3.509725563870422,0.05793236219123456,358624
894,41.0,359428,0.6774148000106206,359428,3.079636796196895,0.0586133250741946,359428
895,24.0,359814,0.677067400010632,359814,3.9381217294097564,0.058661622963990495,359814
896,23.0,360129,0.6767839000106414,360129,3.5806968791144236,0.07063980699472484,360129
897,30.0,360469,0.6764779000106514,360469,4.3081236504456575,0.06997072460842045,360469
898,25.0,360856,0.6761296000106629,360856,3.640756707628876,0.07189029804611391,360856
899,29.0,361409,0.6756319000106793,361409,3.00897021362622,0.06525235509105821,361409
900,23.0,361779,0.6752989000106903,361779,3.377646346349974,0.06654429242417619,361779
901,27.0,362165,0.6749515000107017,362165,3.751873938685254,0.07615910826728636,362165
902,25.0,362551,0.6746041000107131,362551,3.605536110042908,0.06830809451639652,362551
903,32.0,362893,0.6742963000107233,362893,3.409601507131119,0.06495260636523714,362893
904,24.0,363434,0.6738094000107393,363434,2.557135273921071,0.06772158998744683,363434
905,24.0,363899,0.6733909000107531,363899,3.5674665863155037,0.06504754565596099,363899
906,24.0,364234,0.673089400010763,364234,3.387480698414703,0.068333631443944,364234
907,15.0,364632,0.6727312000107748,364632,3.6518200123729416,0.06413221591498572,364632
908,7.0,364864,0.6725224000107817,364864,2.7539861852238916,0.0600653650913516,364864
909,33.0,365313,0.672118300010795,365313,3.5674117765076176,0.06668885709211761,365313
910,22.0,365930,0.6715630000108133,365930,2.468960859207512,0.06804016840944559,365930
911,24.0,366454,0.6710914000108288,366454,3.568688002023988,0.06334418602703665,366454
912,8.0,366691,0.6708781000108358,366691,2.6058478508820513,0.058760334002757875,366691
913,19.0,366974,0.6706234000108442,366974,2.935034818868334,0.06524852510581168,366974
914,22.0,367408,0.670232800010857,367408,2.6153825996658218,0.05573447401987277,367408
915,24.0,367955,0.6697405000108733,367955,2.4855193993727074,0.0603374626310423,367955
916,10.0,368216,0.669505600010881,368216,2.8727297627606156,0.06488887428473752,368216
917,24.0,368589,0.669169900010892,368589,3.6211700971580383,0.06436331427953239,368589
918,29.0,369196,0.66862360001091,369196,2.3006688196340934,0.0629960530340868,369196
919,30.0,369530,0.6683230000109199,369530,3.8609437971058007,0.05843243862413049,369530
920,24.0,369901,0.6679891000109309,369901,3.461459696614196,0.06371941196862758,369901
921,24.0,370352,0.6675832000109443,370352,3.5326745380583464,0.07648902986624057,370352
922,30.0,370737,0.6672367000109557,370737,3.8202810053701524,0.06923512206594279,370737
923,7.0,371051,0.666954100010965,371051,3.3239661419087914,0.07384856399089383,371051
924,25.0,371366,0.6666706000109743,371366,3.716129630141788,0.07247570756054114,371366
925,29.0,371918,0.6661738000109907,371918,2.5755810077855554,0.06789547582393161,371918
926,39.0,372507,0.6656437000110081,372507,3.808419184895242,0.07293170523246298,372507
927,24.0,373097,0.6651127000110256,373097,2.519860834085335,0.06547168765880042,373097
928,30.0,373465,0.6647815000110365,373465,4.061587636885435,0.05968099792675196,373465
929,25.0,373805,0.6644755000110466,373805,3.7999858838670395,0.06700667904909043,373805
930,25.0,374143,0.6641713000110566,374143,3.7880511029937565,0.05793610428592201,374143
931,9.0,374384,0.6639544000110638,374384,2.845408784650668,0.06813494092301771,374384
932,28.0,374825,0.6635575000110768,374825,3.8075383601545476,0.06003437102867328,374825
933,23.0,375237,0.663186700011089,375237,3.4702174379987625,0.05891274916487339,375237
934,23.0,375671,0.6627961000111019,375671,3.4679051522285707,0.06621338694768396,375671
935,25.0,375998,0.6625018000111116,375998,3.7951326505124388,0.06206179897383493,375998
936,26.0,376484,0.662064400011126,376484,2.9566549154711357,0.05838205862249949,376484
937,25.0,377054,0.6615514000111429,377054,2.4421390103666405,0.06703227056402779,377054
938,21.0,377636,0.6610276000111601,377636,2.358735353881141,0.06354493808634963,377636
939,22.0,377933,0.6607603000111689,377933,3.6179681091196207,0.057165338256418306,377933
940,25.0,378547,0.6602077000111871,378547,2.5884020276100705,0.062007285412613314,378547
941,19.0,378842,0.6599422000111959,378842,3.31461248498852,0.06821510577416522,378842
942,22.0,379395,0.6594445000112122,379395,2.583830364250576,0.06480411917668435,379395
943,24.0,379930,0.6589630000112281,379930,2.484714218946261,0.06229467788954901,379930
944,24.0,380580,0.6583780000112474,380580,2.580043972730637,0.06656843755752422,380580
945,33.0,380997,0.6580027000112597,380997,4.090482167059855,0.07105591982308267,380997
946,24.0,381614,0.657447400011278,381614,2.590915660804056,0.07095813592352468,381614
947,7.0,381833,0.6572503000112845,381833,2.6454204628456672,0.07346794837192722,381833
948,25.0,382261,0.6568651000112972,382261,4.163336586590125,0.06902312323294371,382261
949,24.0,382557,0.6565987000113059,382557,3.8515366839395986,0.06517522021140149,382557
950,34.0,382974,0.6562234000113183,382974,3.581715185722287,0.061821259588351565,382974
951,38.0,383401,0.6558391000113309,383401,4.538993924228034,0.05809135139599198,383401
952,22.0,383975,0.655322500011348,383975,2.8182302898230867,0.06407832351062148,383975
953,22.0,384458,0.6548878000113623,384458,2.6376470278015294,0.06657661773326111,384458
954,7.0,384678,0.6546898000113688,384678,2.415759831125086,0.0662635845132172,384678
955,6.0,384988,0.654410800011378,384988,3.8431098391932825,0.06348805890809144,384988
956,26.0,385290,0.6541390000113869,385290,3.782900833333565,0.06046873321047435,385290
957,21.0,385830,0.6536530000114029,385830,2.555160828872963,0.05906020856626263,385830
958,33.0,386258,0.6532678000114156,386258,3.909216461894668,0.06625602494764238,386258
959,7.0,386490,0.6530590000114225,386490,2.9306658241769363,0.06858948071021587,386490
960,23.0,387015,0.652586500011438,387015,2.835677793593634,0.06604167743985143,387015
961,23.0,387324,0.6523084000114472,387324,3.5341079420256385,0.056739565548652775,387324
962,34.0,387860,0.6518260000114631,387860,2.7980421431251425,0.06565943237831955,387860
963,33.0,388546,0.6512086000114834,388546,2.5388160211525577,0.06492664826268184,388546
964,9.0,388839,0.6509449000114921,388839,3.2708825222868154,0.06166771848276003,388839
965,23.0,389139,0.650674900011501,389139,4.052454796234767,0.06638024115934968,389139
966,25.0,389496,0.6503536000115115,389496,3.7451840198340536,0.06583530512176641,389496
967,34.0,389886,0.6500026000115231,389886,4.850528285900752,0.0632213618295888,389886
968,25.0,390374,0.6495634000115376,390374,3.585551006017161,0.06573950754551094,390374
969,8.0,390723,0.6492493000115479,390723,4.392664766926479,0.06668130487715959,390723
970,29.0,391249,0.6487759000115635,391249,2.9600412905669486,0.06769240932882598,391249
971,17.0,391528,0.6485248000115718,391528,3.8069377229632444,0.06883996940054346,391528
972,25.0,391874,0.648213400011582,391874,3.6993645688012844,0.06298128525306594,391874
973,41.0,392408,0.6477328000115978,392408,4.0190866194414285,0.06466604056087939,392408
974,32.0,392973,0.6472243000116146,392973,3.227482807636261,0.06415469276974291,392973
975,34.0,393470,0.6467770000116293,393470,3.759308925456924,0.06599625589520909,393470
976,23.0,393801,0.6464791000116391,393801,4.460937861589507,0.060607370776982465,393801
977,19.0,394106,0.6462046000116481,394106,4.4819140279879335,0.0632964390169707,394106
978,26.0,394485,0.6458635000116594,394485,4.3854593642468815,0.058107529811089305,394485
979,26.0,394812,0.6455692000116691,394812,3.381002950012137,0.05909059488923725,394812
980,25.0,395308,0.6451228000116838,395308,3.608943612224633,0.060911121202215944,395308
981,22.0,395669,0.6447979000116945,395669,3.9647501289349183,0.06901133669555765,395669
982,23.0,396254,0.6442714000117118,396254,2.63932229148017,0.061232731164966386,396254
983,38.0,396864,0.6437224000117299,396864,2.8775767974189073,0.0647142229594107,396864
984,34.0,397223,0.6433993000117405,397223,3.8589504024112458,0.07041103307100682,397223
985,6.0,397526,0.6431266000117495,397526,4.041981247982176,0.07133562758675602,397526
986,7.0,397860,0.6428260000117594,397860,3.8581733910623424,0.061193404440394415,397860
987,34.0,398416,0.6423256000117759,398416,4.081588694731966,0.06103492494824966,398416
988,24.0,398807,0.6419737000117874,398807,3.83179994342882,0.05978440912559514,398807
989,24.0,399288,0.6415408000118017,399288,2.9268878483970546,0.061212189650461234,399288
990,26.0,399690,0.6411790000118136,399690,3.867921436159172,0.06234512279801701,399690
991,9.0,400000,0.6408613000118241,400043,4.272129194932349,0.06361377264291217,400043
992,23.0,400000,0.6404518000118375,400498,2.952260178786058,0.06770141591614746,400498
993,25.0,400000,0.6401314000118481,400854,4.012170901291825,0.06595417187847406,400854
994,6.0,400000,0.639830800011858,401188,3.9701697178586515,0.0719104973309322,401188
995,25.0,400000,0.6394384000118709,401624,3.749222816130437,0.07019820153807213,401624
996,8.0,400000,0.6392305000118778,401855,3.0506409796285423,0.06337355460681311,401855
997,8.0,400000,0.6389137000118882,402207,4.188521475785158,0.06181450986398638,402207
998,30.0,400000,0.6386068000118983,402548,4.271557490671834,0.0646084990691055,402548
999,33.0,400000,0.6383188000119078,402868,4.218430569581687,0.05335207864118274,402868
1000,24.0,400000,0.637976800011919,403248,3.5463165320848162,0.0612421409275971,403248
Date/Time End,2019-02-24 13:20:16.074437
