Date/Time Start,2019-02-21 21:00:51.452347
Episode,Score,Mem Lenght,Epsilon,Global Step,Average_q,Average_Loss,Frames
0,3.0,221,1.0,221,0.043623604554666115,0.0,221
1,2.0,412,1.0,412,0.04259152507594743,0.0,412
2,0.0,532,1.0,532,0.04491878024612864,0.0,532
3,4.0,792,1.0,792,0.04496473475144459,0.0,792
4,3.0,1019,0.9999829000000006,1019,0.04400814726686163,0.000999246038663681,1019
5,3.0,1239,0.9997849000000071,1239,0.026144576363202016,0.005899090296332526,1239
6,4.0,1500,0.9995500000000148,1500,0.03190233505070495,0.005898082748341925,1500
7,0.0,1615,0.9994465000000182,1615,0.029820374010697655,0.006440889329520439,1615
8,3.0,1832,0.9992512000000247,1832,0.04781071524981255,0.005855918356602802,1832
9,5.0,2116,0.9989956000000331,2116,0.03969392897954709,0.006928571619284131,2116
10,1.0,2276,0.9988516000000378,2276,0.035547421692172065,0.006980931113059796,2276
11,6.0,2632,0.9985312000000484,2632,0.022327639333566317,0.006951544864666962,2632
12,3.0,2861,0.9983251000000551,2861,0.004429796430501908,0.005940024561732174,2861
13,6.0,3200,0.9980200000000652,3200,0.034195360090242904,0.005163727439968629,3200
14,0.0,3304,0.9979264000000683,3304,0.047819168450167544,0.006600399885760803,3304
15,3.0,3533,0.997720300000075,3533,0.031280497023957785,0.0071447876681546745,3533
16,3.0,3745,0.9975295000000813,3745,0.04116307141452606,0.006970811243847046,3745
17,2.0,3930,0.9973630000000868,3930,0.018009174529563736,0.00567806839653467,3930
18,1.0,4056,0.9972496000000906,4056,0.043256331057775585,0.006492614994328058,4056
19,3.0,4258,0.9970678000000965,4258,0.04322643115157538,0.006141350637875857,4258
20,1.0,4413,0.9969283000001011,4413,0.029353142000975146,0.006238270519468407,4413
21,0.0,4542,0.996812200000105,4542,0.03383466677538069,0.007397800983755954,4542
22,1.0,4707,0.9966637000001098,4707,0.025798917810122172,0.007174739574464073,4707
23,5.0,5042,0.9963622000001198,5042,0.020454102155488374,0.005973288750367407,5042
24,3.0,5268,0.9961588000001265,5268,0.04089662886793371,0.004875849744158723,5268
25,1.0,5417,0.9960247000001309,5417,0.04354150627033423,0.007193464001622317,5417
26,3.0,5657,0.995808700000138,5657,0.045593300570423406,0.006080715679672721,5657
27,0.0,5775,0.9957025000001415,5775,0.017355776995704588,0.0065355111514151555,5775
28,2.0,5945,0.9955495000001465,5945,0.028854561391670037,0.005962865136001817,5945
29,3.0,6163,0.995353300000153,6163,0.03429047962428507,0.007741463912780175,6163
30,3.0,6384,0.9951544000001595,6384,0.04590861681359926,0.006645451690221052,6384
31,6.0,6717,0.9948547000001694,6717,0.03800771408924111,0.006069392132994617,6717
32,6.0,7058,0.9945478000001795,7058,0.028731885562784686,0.006262914156730382,7058
33,4.0,7330,0.9943030000001876,7330,0.025265485587570927,0.006903056167723609,7330
34,1.0,7475,0.9941725000001919,7475,0.041285889929738535,0.00825900711281755,7475
35,0.0,7585,0.9940735000001951,7585,0.022516540031541476,0.00659572077337626,7585
36,2.0,7751,0.9939241000002,7751,0.016460505218794906,0.00747550706623167,7751
37,1.0,7885,0.993803500000204,7885,0.03684149929947818,0.005984459027772641,7885
38,2.0,8060,0.9936460000002092,8060,0.02400686026151691,0.0067860140450440145,8060
39,2.0,8229,0.9934939000002142,8229,0.006911645298989038,0.005294619419749071,8229
40,7.0,8642,0.9931222000002264,8642,0.021598017657825104,0.006706646239382384,8642
41,6.0,8993,0.9928063000002368,8993,0.02052788482713606,0.006917828501546188,8993
42,2.0,9169,0.9926479000002421,9169,-0.001029143221041357,0.006900616947942498,9169
43,4.0,9421,0.9924211000002495,9421,0.007687321743957462,0.007043406530628422,9421
44,1.0,9563,0.9922933000002537,9563,0.01573108948937709,0.006291758048371801,9563
45,1.0,9698,0.9921718000002577,9698,0.014164345701121621,0.007385132547999631,9698
46,2.0,9873,0.9920143000002629,9873,0.007015951108187437,0.005920702773187909,9873
47,2.0,10041,0.9918631000002679,10041,0.04063715595042422,0.006693657613503828,10041
48,2.0,10218,0.9917038000002731,10218,0.046268786498382265,0.006815405404113797,10218
49,3.0,10420,0.9915220000002791,10420,0.044882095409649436,0.0060410710190835475,10420
50,0.0,10517,0.991434700000282,10517,0.04463919613164725,0.006845076568387197,10517
51,2.0,10691,0.9912781000002872,10691,0.04598920884403004,0.006324904377844627,10691
52,6.0,11055,0.9909505000002979,11055,0.04737406035700997,0.007161898559468602,11055
53,2.0,11253,0.9907723000003038,11253,0.04496887055310336,0.005481720822072847,11253
54,3.0,11481,0.9905671000003106,11481,0.04636190173199825,0.006371776942064332,11481
55,5.0,11825,0.9902575000003208,11825,0.04795400231946693,0.006944215786260493,11825
56,1.0,11968,0.990128800000325,11968,0.046949148568865305,0.005735418788670079,11968
57,1.0,12099,0.9900109000003289,12099,0.04422382083330446,0.004736751227993471,12099
58,3.0,12317,0.9898147000003353,12317,0.04678124850701301,0.006161826495497384,12317
59,1.0,12454,0.9896914000003394,12454,0.050900494747788363,0.006847870676038127,12454
60,2.0,12610,0.989551000000344,12610,0.048172602406105935,0.0068975095015654615,12610
61,1.0,12748,0.9894268000003481,12748,0.043675780944202255,0.0056297897670948005,12748
62,1.0,12909,0.9892819000003529,12909,0.04683180058502263,0.005096361803926071,12909
63,4.0,13198,0.9890218000003614,13198,0.049261400817690426,0.006468255495504822,13198
64,4.0,13487,0.98876170000037,13487,0.04349687152822537,0.005137021830727664,13487
65,2.0,13652,0.9886132000003749,13652,0.04383080938097202,0.005443295376409713,13652
66,2.0,13830,0.9884530000003802,13830,0.04338473852807551,0.006748794952993317,13830
67,4.0,14094,0.988215400000388,14094,0.0405156903646209,0.005919743615715395,14094
68,2.0,14271,0.9880561000003932,14271,0.046309679851862,0.005758938163829963,14271
69,2.0,14454,0.9878914000003987,14454,0.045158075423188546,0.00632521426153493,14454
70,1.0,14584,0.9877744000004025,14584,0.04894338115476645,0.006759943910583388,14584
71,2.0,14773,0.9876043000004081,14773,0.041865789819331395,0.006446085206710176,14773
72,4.0,15060,0.9873460000004166,15060,0.04956871036193512,0.006285415435452639,15060
73,1.0,15196,0.9872236000004206,15196,0.04501781982424505,0.0052188313688528816,15196
74,1.0,15343,0.987091300000425,15343,0.04703992901712048,0.0074271367655728065,15343
75,2.0,15502,0.9869482000004297,15502,0.04792653385010905,0.0062135128059450815,15502
76,3.0,15714,0.986757400000436,15714,0.04711101040736122,0.005477746665884246,15714
77,4.0,15936,0.9865576000004426,15936,0.04394765329119321,0.0061389275748166125,15936
78,2.0,16124,0.9863884000004481,16124,0.04447624365739683,0.005832246875604355,16124
79,1.0,16284,0.9862444000004529,16284,0.04564020314719528,0.006159507396921527,16284
80,1.0,16416,0.9861256000004568,16416,0.04825437960751129,0.006533961009925847,16416
81,3.0,16626,0.985936600000463,16626,0.042258811813025245,0.0064686822202323436,16626
82,5.0,16937,0.9856567000004722,16937,0.045936136383718996,0.005287691777303878,16937
83,1.0,17093,0.9855163000004769,17093,0.04462636861568078,0.005265559986862802,17093
84,2.0,17280,0.9853480000004824,17280,0.04364121994153063,0.0053816244172803585,17280
85,3.0,17521,0.9851311000004895,17521,0.0483221567981718,0.006587464927816877,17521
86,2.0,17703,0.9849673000004949,17703,0.0454814925298586,0.005942698495486043,17703
87,1.0,17850,0.9848350000004993,17850,0.049163203838528416,0.006825702069741024,17850
88,2.0,18061,0.9846451000005055,18061,0.046194210754469105,0.006149642305451479,18061
89,4.0,18325,0.9844075000005134,18325,0.04724352065981789,0.006538090573588885,18325
90,2.0,18530,0.9842230000005194,18530,0.0473438177348637,0.00595039006258026,18530
91,3.0,18755,0.9840205000005261,18755,0.04545273300674227,0.005282419461760179,18755
92,6.0,19096,0.9837136000005362,19096,0.03909773098801937,0.0056653623798992424,19096
93,4.0,19399,0.9834409000005452,19399,0.044341696420125046,0.006366280041439426,19399
94,4.0,19658,0.9832078000005529,19658,0.04559949807046003,0.00548500915328811,19658
95,4.0,19922,0.9829702000005607,19922,0.04569459926675667,0.005511818873766529,19922
96,2.0,20118,0.9827938000005665,20118,0.0558455440462852,0.0071073768023074526,20118
97,1.0,20265,0.9826615000005708,20265,0.057913602817626225,0.006655951954054545,20265
98,4.0,20515,0.9824365000005783,20515,0.05517867562174797,0.007171023818125832,20515
99,4.0,20790,0.9821890000005864,20790,0.0634997820718722,0.005954125126915063,20790
100,1.0,20926,0.9820666000005904,20926,0.06033198023214936,0.0060506829933113775,20926
101,2.0,21105,0.9819055000005957,21105,0.05460014974688018,0.00667450804631094,21105
102,3.0,21331,0.9817021000006024,21331,0.04992078847985352,0.005988559965095772,21331
103,1.0,21456,0.9815896000006061,21456,0.06022723737359047,0.005472584870243736,21456
104,2.0,21626,0.9814366000006112,21626,0.05887775495648384,0.006839055705516812,21626
105,1.0,21773,0.9813043000006155,21773,0.0549271736724847,0.0054086843364449634,21773
106,1.0,21918,0.9811738000006198,21918,0.0552499195111209,0.00548792440355916,21918
107,2.0,22099,0.9810109000006252,22099,0.05741326107504618,0.005517121942257441,22099
108,1.0,22254,0.9808714000006298,22254,0.05533236394966802,0.0057902223417195565,22254
109,1.0,22396,0.980743600000634,22396,0.05664547385884003,0.00601926348199285,22396
110,1.0,22541,0.9806131000006383,22541,0.05512422831921742,0.005451841197834161,22541
111,4.0,22811,0.9803701000006463,22811,0.05376105980464706,0.006529383874766171,22811
112,8.0,23283,0.9799453000006603,23283,0.06271501725255432,0.006432965300449477,23283
113,2.0,23461,0.9797851000006655,23461,0.057733048339573184,0.005641435380209841,23461
114,2.0,23644,0.979620400000671,23644,0.05894510317695597,0.006857599939632832,23644
115,0.0,23755,0.9795205000006743,23755,0.0579982273750477,0.007242815727426336,23755
116,1.0,23878,0.9794098000006779,23878,0.0644693810159598,0.006951563580810401,23878
117,4.0,24187,0.979131700000687,24187,0.06551296828151906,0.006508024017647759,24187
118,4.0,24438,0.9789058000006945,24438,0.05356892507033519,0.006773146566550882,24438
119,6.0,24810,0.9785710000007055,24810,0.05535654943957124,0.005904893819912906,24810
120,3.0,25029,0.978373900000712,25029,0.05200308819884034,0.005538316400870245,25029
121,1.0,25178,0.9782398000007164,25178,0.05646076543419153,0.005791819762079524,25178
122,5.0,25479,0.9779689000007253,25479,0.05163589978831947,0.005524496254766682,25479
123,3.0,25713,0.9777583000007323,25713,0.05636136698671895,0.006863644226253892,25713
124,2.0,25887,0.9776017000007374,25887,0.056838748912359106,0.007281073395858386,25887
125,4.0,26137,0.9773767000007448,26137,0.057216166764497756,0.006752165848542063,26137
126,4.0,26376,0.9771616000007519,26376,0.054106709348606764,0.0057065258404607406,26376
127,4.0,26618,0.9769438000007591,26618,0.05111341036794599,0.00570078881254112,26618
128,1.0,26747,0.9768277000007629,26747,0.057059720620628473,0.0062496811253875545,26747
129,2.0,26937,0.9766567000007685,26937,0.05461360557298911,0.005714664082820252,26937
130,3.0,27153,0.9764623000007749,27153,0.054182220802262974,0.0058722183147758055,27153
131,2.0,27339,0.9762949000007805,27339,0.04993247232770407,0.004999300219482862,27339
132,0.0,27461,0.9761851000007841,27461,0.057706087522330834,0.004884816458842743,27461
133,1.0,27589,0.9760699000007879,27589,0.05736036610323936,0.007017892056524033,27589
134,1.0,27734,0.9759394000007922,27734,0.052576103755112354,0.0063835562103561425,27734
135,3.0,27959,0.9757369000007988,27959,0.05709668808513217,0.0063737147543118525,27959
136,3.0,28205,0.9755155000008061,28205,0.05938426792863908,0.006545185026880063,28205
137,0.0,28308,0.9754228000008092,28308,0.06551634903671671,0.006496746429159262,28308
138,3.0,28511,0.9752401000008152,28511,0.05082999687329889,0.005287445505753459,28511
139,1.0,28666,0.9751006000008198,28666,0.05288270461943842,0.005910786251631855,28666
140,3.0,28922,0.9748702000008274,28922,0.0553090708272066,0.006411458959743044,28922
141,4.0,29180,0.974638000000835,29180,0.05496522911297259,0.006487574948720109,29180
142,2.0,29356,0.9744796000008402,29356,0.05519716064869003,0.006393591723064095,29356
143,2.0,29530,0.9743230000008454,29530,0.057468611104735015,0.006127727481736196,29530
144,4.0,29789,0.974089900000853,29789,0.04456710335025456,0.006033687109957662,29789
145,5.0,30094,0.9738154000008621,30094,0.04835972453727097,0.0058900608090000596,30094
146,5.0,30417,0.9735247000008717,30417,0.06792088157436796,0.006120303259907161,30417
147,2.0,30595,0.9733645000008769,30595,0.06584715290685718,0.006918934061942626,30595
148,3.0,30793,0.9731863000008828,30793,0.06368273011211192,0.005411830512926055,30793
149,2.0,30993,0.9730063000008887,30993,0.07123684804886579,0.0069543019979573725,30993
150,1.0,31156,0.9728596000008936,31156,0.0672634488965836,0.006266634486592625,31156
151,1.0,31287,0.9727417000008974,31287,0.06358695945894445,0.004976077861289111,31287
152,1.0,31431,0.9726121000009017,31431,0.06738125279338823,0.0066635936084114495,31431
153,2.0,31621,0.9724411000009073,31621,0.06635120785550068,0.005537696119216362,31621
154,7.0,31997,0.9721027000009185,31997,0.07163202380167043,0.006765814862305017,31997
155,6.0,32355,0.9717805000009291,32355,0.06723727947673318,0.006133854207924315,32355
156,4.0,32626,0.9715366000009371,32626,0.05953521501424128,0.005651163472193931,32626
157,2.0,32826,0.971356600000943,32826,0.06913323219865561,0.00617853792105052,32826
158,3.0,33082,0.9711262000009506,33082,0.067502972233342,0.006087009935924925,33082
159,4.0,33315,0.9709165000009575,33315,0.05800962713527066,0.006023088973446171,33315
160,1.0,33461,0.9707851000009619,33461,0.06330517041560722,0.0049835222888797125,33461
161,5.0,33787,0.9704917000009715,33787,0.06838790537572347,0.0068074694105887635,33787
162,5.0,34090,0.9702190000009805,34090,0.06719549801876835,0.005652682895731048,34090
163,4.0,34313,0.9700183000009871,34313,0.05857569557267989,0.005210661947434664,34313
164,3.0,34524,0.9698284000009934,34524,0.0604151110584137,0.006959228365924414,34524
165,3.0,34732,0.9696412000009995,34732,0.06543812510342552,0.006513145424404543,34732
166,4.0,35023,0.9693793000010081,35023,0.07452236202983922,0.006078682363839051,35023
167,4.0,35296,0.9691336000010162,35296,0.06352490915374441,0.006204629818160859,35296
168,3.0,35520,0.9689320000010229,35520,0.06403802275391561,0.005457158530922308,35520
169,5.0,35855,0.9686305000010328,35855,0.07534508304809456,0.0074210993055868445,35855
170,2.0,36025,0.9684775000010378,36025,0.07060993616195287,0.007945871911215364,36025
171,4.0,36299,0.968230900001046,36299,0.06889347403045118,0.006573434935137938,36299
172,0.0,36412,0.9681292000010493,36412,0.06970185463407398,0.006697538644330374,36412
173,2.0,36595,0.9679645000010547,36595,0.06549531266174681,0.006241494873432853,36595
174,0.0,36702,0.9678682000010579,36702,0.06968276509057696,0.005769931258498142,36702
175,1.0,36864,0.9677224000010627,36864,0.06477021485751058,0.005607615021705706,36864
176,2.0,37050,0.9675550000010682,37050,0.059798214424361465,0.0061957019560816085,37050
177,4.0,37291,0.9673381000010753,37291,0.06919362538212068,0.007264210912252569,37291
178,6.0,37629,0.9670339000010854,37629,0.054341089619687324,0.006067468298812947,37629
179,2.0,37818,0.966863800001091,37818,0.06535229713670791,0.006043423200151271,37818
180,1.0,37963,0.9667333000010953,37963,0.07579047854604393,0.00614984354326915,37963
181,7.0,38335,0.9663985000011063,38335,0.05743836745699887,0.006213975383430533,38335
182,2.0,38513,0.9662383000011115,38513,0.06757681490330214,0.005887457502043351,38513
183,2.0,38703,0.9660673000011172,38703,0.06620830615100108,0.006958109508449477,38703
184,2.0,38857,0.9659287000011217,38857,0.06274207197613531,0.005307396345492103,38857
185,4.0,39122,0.9656902000011296,39122,0.07203751150167213,0.0059835758118596165,39122
186,2.0,39313,0.9655183000011353,39313,0.06659064001125815,0.006360571148343773,39313
187,2.0,39487,0.9653617000011404,39487,0.06144649308474585,0.005510736418576319,39487
188,5.0,39803,0.9650773000011498,39803,0.06585571624904493,0.005518149915092814,39803
189,2.0,39956,0.9649396000011543,39956,0.06589569229316088,0.007325045074847165,39956
190,1.0,40092,0.9648172000011583,40092,0.08006380947635454,0.007819873759050258,40092
191,0.0,40198,0.9647218000011615,40198,0.08137264960217026,0.005550042871927528,40198
192,6.0,40550,0.9644050000011719,40550,0.08744925139895217,0.005726541914933653,40550
193,1.0,40684,0.9642844000011759,40684,0.08686604990220781,0.006443312193884744,40684
194,0.0,40786,0.9641926000011789,40786,0.08152397261822925,0.005630976367861948,40786
195,4.0,41022,0.9639802000011859,41022,0.07240215578447964,0.006373027401515806,41022
196,3.0,41226,0.9637966000011919,41226,0.07015538978956494,0.006090835483131313,41226
197,2.0,41397,0.963642700001197,41397,0.08468406290164468,0.00631274639000521,41397
198,2.0,41571,0.9634861000012022,41571,0.08092997668460868,0.006498315045252545,41571
199,7.0,41979,0.9631189000012143,41979,0.08376247709726586,0.005385417553961637,41979
200,4.0,42245,0.9628795000012221,42245,0.07489816732424542,0.006778874285681327,42245
201,3.0,42455,0.9626905000012284,42455,0.07688005396297999,0.005981457696760203,42455
202,1.0,42588,0.9625708000012323,42588,0.08429723115343797,0.00570568058890758,42588
203,1.0,42745,0.962429500001237,42745,0.0812816233581798,0.006026699677566945,42745
204,3.0,42959,0.9622369000012433,42959,0.0836050672648109,0.005071252315399965,42959
205,6.0,43346,0.9618886000012548,43346,0.08749906029504091,0.00606270950985828,43346
206,3.0,43557,0.961698700001261,43557,0.0836014797760977,0.005096120620386052,43557
207,1.0,43698,0.9615718000012652,43698,0.08143439286566795,0.006318128977361233,43698
208,0.0,43821,0.9614611000012688,43821,0.08595747494600653,0.006308331949628886,43821
209,2.0,44018,0.9612838000012747,44018,0.0795256133914599,0.007080810728374612,44018
210,4.0,44273,0.9610543000012822,44273,0.07773389325422399,0.006661520239290172,44273
211,2.0,44437,0.9609067000012871,44437,0.08367394565082178,0.0076716134115419506,44437
212,1.0,44594,0.9607654000012917,44594,0.07969157521132451,0.0063154657545501725,44594
213,3.0,44823,0.9605593000012985,44823,0.08941390303545123,0.006883480818703894,44823
214,3.0,45028,0.9603748000013046,45028,0.08251247711297942,0.00626916538311911,45028
215,2.0,45193,0.9602263000013095,45193,0.07411074286157435,0.005650637719223927,45193
216,4.0,45472,0.9599752000013178,45472,0.08717025811099664,0.005601663870762149,45472
217,3.0,45689,0.9597799000013242,45689,0.07728329376416272,0.006623453476090974,45689
218,1.0,45823,0.9596593000013282,45823,0.08509801005694403,0.0063315192927558515,45823
219,2.0,46007,0.9594937000013336,46007,0.07535785647190135,0.005465017938129914,46007
220,3.0,46226,0.9592966000013401,46226,0.0816098174684124,0.005562262324592791,46226
221,2.0,46408,0.9591328000013455,46408,0.08933202521159099,0.006769689503236585,46408
222,2.0,46588,0.9589708000013508,46588,0.07908867324392001,0.006233325463563233,46588
223,4.0,46865,0.958721500001359,46865,0.06849881355728053,0.0054756768282025825,46865
224,8.0,47315,0.9583165000013724,47315,0.08720837278498543,0.006378540016317452,47315
225,4.0,47558,0.9580978000013796,47558,0.0714704449530001,0.00579928324150986,47558
226,3.0,47760,0.9579160000013855,47760,0.07502682772603365,0.006571801943668971,47760
227,3.0,47967,0.9577297000013917,47967,0.07592137798594968,0.006438775808006443,47967
228,5.0,48238,0.9574858000013997,48238,0.0729766861978932,0.006130118079830285,48238
229,3.0,48447,0.9572977000014059,48447,0.07196544438743135,0.005939918803982367,48447
230,3.0,48659,0.9571069000014122,48659,0.08588325900008094,0.0069743501845756705,48659
231,0.0,48781,0.9569971000014158,48781,0.08439518560151585,0.00720100586620335,48781
232,2.0,48987,0.9568117000014219,48987,0.07930583658727627,0.00669647721142345,48987
233,5.0,49272,0.9565552000014304,49272,0.08172417565395958,0.006510400583775073,49272
234,2.0,49457,0.9563887000014358,49457,0.08062120885462375,0.00647801056250476,49457
235,3.0,49683,0.9561853000014425,49683,0.08207996947839197,0.006664959280365955,49683
236,2.0,49867,0.956019700001448,49867,0.08398826396011788,0.006067866156172386,49867
237,2.0,50044,0.9558604000014532,50044,0.08794138306951792,0.006707544173564535,50044
238,4.0,50303,0.9556273000014609,50303,0.10727563241503874,0.006860107323427305,50303
239,4.0,50570,0.9553870000014688,50570,0.11179880440681615,0.00688693635046878,50570
240,2.0,50755,0.9552205000014743,50755,0.12039664621288712,0.006885364725894761,50755
241,4.0,51019,0.9549829000014821,51019,0.10899025754946651,0.005369819968302291,51019
242,0.0,51118,0.954893800001485,51118,0.12323975051292266,0.006036406445498943,51118
243,4.0,51396,0.9546436000014933,51396,0.11770776187558826,0.006816285343126942,51396
244,1.0,51530,0.9545230000014973,51530,0.12191212622087393,0.006142051428577727,51530
245,1.0,51676,0.9543916000015016,51676,0.11618227389169065,0.005978943199022057,51676
246,0.0,51792,0.954287200001505,51792,0.11854412817749484,0.007385106665612417,51792
247,3.0,52040,0.9540640000015124,52040,0.12171304298024024,0.006798755633187078,52040
248,0.0,52154,0.9539614000015157,52154,0.12077928033837101,0.0065447351495860956,52154
249,0.0,52263,0.953863300001519,52263,0.13106667407608907,0.007845893874243778,52263
250,2.0,52434,0.953709400001524,52434,0.10966576644551684,0.007261873995330408,52434
251,3.0,52663,0.9535033000015308,52663,0.10946718144625035,0.007599925435027824,52663
252,2.0,52829,0.9533539000015357,52829,0.10678758840244937,0.006349972218516317,52829
253,2.0,52992,0.9532072000015406,52992,0.107024140427449,0.004811712206951793,52992
254,2.0,53160,0.9530560000015456,53160,0.10325867771392777,0.005411604172920869,53160
255,0.0,53262,0.9529642000015486,53262,0.10853031482182297,0.005858707075294303,53262
256,3.0,53462,0.9527842000015545,53462,0.10436714872717857,0.005567817754472344,53462
257,3.0,53670,0.9525970000015607,53670,0.10867768239516479,0.006279638337463649,53670
258,4.0,53930,0.9523630000015684,53930,0.1064578670148666,0.00647131146745848,53930
259,4.0,54199,0.9521209000015763,54199,0.11374630720863554,0.0066893689439501735,54199
260,6.0,54570,0.9517870000015873,54570,0.1072359260603424,0.005911209946360012,54570
261,3.0,54792,0.9515872000015939,54792,0.12163717246001905,0.006797260518101826,54792
262,4.0,55029,0.9513739000016009,55029,0.10885878202784413,0.006834945621119123,55029
263,2.0,55213,0.9512083000016064,55213,0.11115584230941275,0.006334649302476939,55213
264,7.0,55586,0.9508726000016174,55586,0.09736148941133362,0.005942569175274683,55586
265,3.0,55820,0.9506620000016244,55820,0.10783348652796867,0.005880498216216578,55820
266,2.0,55981,0.9505171000016291,55981,0.11400645388209302,0.007291574781803596,55981
267,0.0,56084,0.9504244000016322,56084,0.12407131073544327,0.005741822558916592,56084
268,2.0,56266,0.9502606000016376,56266,0.10572955421694033,0.0072491552121361595,56266
269,2.0,56428,0.9501148000016424,56428,0.11535838043984072,0.006567658240188102,56428
270,3.0,56639,0.9499249000016486,56639,0.10646808585284445,0.00652247281090309,56639
271,4.0,56944,0.9496504000016577,56944,0.12500510567524395,0.006396152728878212,56944
272,2.0,57144,0.9494704000016636,57144,0.11508882828056813,0.0063191611119327714,57144
273,3.0,57352,0.9492832000016698,57352,0.11301619881907335,0.005884577496343669,57352
274,2.0,57548,0.9491068000016756,57548,0.1075088803713419,0.005498485854721886,57548
275,4.0,57836,0.9488476000016841,57836,0.1205065487883985,0.006303836990412037,57836
276,0.0,57970,0.9487270000016881,57970,0.1142677884938112,0.006723860581600934,57970
277,2.0,58140,0.9485740000016931,58140,0.1146838615045828,0.007155487217096379,58140
278,4.0,58399,0.9483409000017008,58399,0.1036381943575664,0.006606318688889405,58399
279,1.0,58547,0.9482077000017052,58547,0.11826615609429977,0.006340636270259573,58547
280,4.0,58794,0.9479854000017125,58794,0.11320126442774105,0.006197576960565255,58794
281,2.0,58992,0.9478072000017184,58992,0.10807479805115497,0.006022555281965146,58992
282,3.0,59236,0.9475876000017256,59236,0.1196520734028738,0.006522978727881294,59236
283,2.0,59401,0.9474391000017305,59401,0.11684529438163295,0.0062103982488748224,59401
284,5.0,59720,0.9471520000017399,59720,0.10007944824553583,0.005532576969692806,59720
285,2.0,59893,0.9469963000017451,59893,0.110963970250477,0.0060066082218316694,59893
286,2.0,60080,0.9468280000017506,60080,0.1278755227352846,0.006860824579006169,60080
287,6.0,60424,0.9465184000017608,60424,0.13224044823369316,0.006231161111835464,60424
288,4.0,60688,0.9462808000017686,60688,0.12789967554536733,0.007851268818340583,60688
289,1.0,60826,0.9461566000017727,60826,0.1355232813436052,0.007004761802699763,60826
290,2.0,61009,0.9459919000017781,61009,0.13527282168630694,0.006028859929463211,61009
291,4.0,61272,0.9457552000017859,61272,0.11001950151113503,0.005934952615396247,61272
292,3.0,61481,0.9455671000017921,61481,0.1176693428076055,0.007272199606592892,61481
293,4.0,61741,0.9453331000017998,61741,0.11326682750995343,0.006321168177195292,61741
294,2.0,61911,0.9451801000018049,61911,0.10702502578496934,0.00626647650694983,61911
295,2.0,62098,0.9450118000018104,62098,0.12245952262279185,0.0055738832017917,62098
296,1.0,62254,0.944871400001815,62254,0.12476632677209683,0.0044676720698799514,62254
297,0.0,62375,0.9447625000018186,62375,0.12325351950058266,0.006992898998046145,62375
298,4.0,62644,0.9445204000018266,62644,0.1209787738589106,0.005659728794082563,62644
299,3.0,62858,0.9443278000018329,62858,0.11271673796054359,0.007011973890878147,62858
300,5.0,63139,0.9440749000018412,63139,0.11919363479385173,0.005435887659506108,63139
301,1.0,63293,0.9439363000018458,63293,0.12406795326765481,0.006472826755046523,63293
302,3.0,63509,0.9437419000018522,63509,0.13069261044815736,0.007083556036571247,63509
303,3.0,63740,0.943534000001859,63740,0.11770627586356489,0.0053785916150611065,63740
304,2.0,63932,0.9433612000018647,63932,0.13015956749829152,0.005351872657532415,63932
305,2.0,64117,0.9431947000018702,64117,0.12295880309633307,0.006769955077804814,64117
306,3.0,64325,0.9430075000018764,64325,0.1264060394695172,0.0065146772414506745,64325
307,6.0,64676,0.9426916000018868,64676,0.12003429251009243,0.00508402275223499,64676
308,3.0,64901,0.9424891000018935,64901,0.12223704006936816,0.00525842533297287,64901
309,3.0,65100,0.9423100000018994,65100,0.11720440323328853,0.006109580091129033,65100
310,2.0,65287,0.9421417000019049,65287,0.12064716825510728,0.00524806768982749,65287
311,3.0,65518,0.9419338000019117,65518,0.12208492982955206,0.007702469048232964,65518
312,1.0,65659,0.9418069000019159,65659,0.12235743578866864,0.005722177803589354,65659
313,4.0,65903,0.9415873000019231,65903,0.11438903163691036,0.00572208516821208,65903
314,2.0,66083,0.9414253000019285,66083,0.118306964635849,0.0055751213919595305,66083
315,3.0,66307,0.9412237000019351,66307,0.11733349625553403,0.005920484527125934,66307
316,1.0,66431,0.9411121000019388,66431,0.12451879812344428,0.006649873436975711,66431
317,1.0,66573,0.940984300001943,66573,0.12408032446679934,0.005184508524213066,66573
318,8.0,66989,0.9406099000019553,66989,0.11814512892697866,0.006771928483942702,66989
319,3.0,67191,0.9404281000019613,67191,0.11544340111241483,0.006820652455608429,67191
320,1.0,67347,0.9402877000019659,67347,0.12611067524323097,0.005701145174346796,67347
321,3.0,67550,0.940105000001972,67550,0.112051555969445,0.0061995972706480745,67550
322,6.0,67890,0.939799000001982,67890,0.13168851382592145,0.005903912881587851,67890
323,0.0,68010,0.9396910000019856,68010,0.13026141002774239,0.006952318922488606,68010
324,5.0,68315,0.9394165000019946,68315,0.12478335568162262,0.0071348619691218385,68315
325,3.0,68530,0.939223000002001,68530,0.12497256384339443,0.006444861646640104,68530
326,0.0,68645,0.9391195000020044,68645,0.12818610823672752,0.005848994791734225,68645
327,2.0,68822,0.9389602000020096,68822,0.12258591195621059,0.0064859561338955945,68822
328,5.0,69145,0.9386695000020192,69145,0.1308983649262703,0.00645894298169608,69145
329,1.0,69293,0.9385363000020236,69293,0.12937764491181117,0.005424199712325464,69293
330,1.0,69417,0.9384247000020273,69417,0.1306845824564657,0.00457948288454469,69417
331,1.0,69543,0.938311300002031,69543,0.1275375797635033,0.005591980786260729,69543
332,2.0,69707,0.9381637000020359,69707,0.12337467737677621,0.006126716062803231,69707
333,2.0,69878,0.9380098000020409,69878,0.12806426990799039,0.0063410975496603445,69878
334,1.0,70016,0.937885600002045,70016,0.11811590270287749,0.006281833680696908,70016
335,2.0,70170,0.9377470000020496,70170,0.11441537612057351,0.006311620548579164,70170
336,1.0,70304,0.9376264000020536,70304,0.12449748547219519,0.00638932105172912,70304
337,2.0,70493,0.9374563000020592,70493,0.11915572965271258,0.0062685308291615454,70493
338,1.0,70632,0.9373312000020633,70632,0.1291959219270473,0.0059176573363958155,70632
339,4.0,70876,0.9371116000020705,70876,0.10244573951988924,0.005606871695344588,70876
340,1.0,71023,0.9369793000020749,71023,0.12655576870960444,0.006525177968462825,71023
341,3.0,71232,0.936791200002081,71232,0.10776512082398794,0.006425930841037175,71232
342,1.0,71386,0.9366526000020856,71386,0.11890535540394968,0.006824309231439196,71386
343,1.0,71538,0.9365158000020901,71538,0.11724483309999893,0.006558757106583806,71538
344,1.0,71673,0.9363943000020941,71673,0.12806815758899406,0.007890935933890567,71673
345,1.0,71811,0.9362701000020982,71811,0.12460307766130005,0.005657514673315007,71811
346,1.0,71955,0.9361405000021025,71955,0.12108418045358525,0.005984921172234358,71955
347,2.0,72132,0.9359812000021077,72132,0.12235191405492987,0.005638196705647735,72132
348,3.0,72389,0.9357499000021153,72389,0.1379795203760904,0.006276439756482376,72389
349,4.0,72627,0.9355357000021224,72627,0.10132347773604032,0.005211935525410411,72627
350,3.0,72818,0.935363800002128,72818,0.11045438854794228,0.005765512435925698,72818
351,1.0,72951,0.935244100002132,72951,0.12358333327268299,0.007210496715106957,72951
352,4.0,73205,0.9350155000021395,73205,0.10828259029961008,0.005242091232356491,73205
353,2.0,73363,0.9348733000021442,73363,0.12596321398321586,0.007268973597276756,73363
354,2.0,73536,0.9347176000021493,73536,0.13112503617485136,0.006484694834908345,73536
355,2.0,73733,0.9345403000021552,73733,0.1325420373436158,0.006511964183585124,73733
356,0.0,73863,0.934423300002159,73863,0.12747754809948114,0.005324202431872366,73863
357,6.0,74202,0.934118200002169,74202,0.1062981220385318,0.006121411464143547,74202
358,7.0,74675,0.9336925000021831,74675,0.14070044876909155,0.006014211799247008,74675
359,4.0,74937,0.9334567000021908,74937,0.11994613365817616,0.007060648449977919,74937
360,3.0,75159,0.9332569000021974,75159,0.11433247651334282,0.006549046611133497,75159
361,1.0,75295,0.9331345000022014,75295,0.12069185056230601,0.007026990766529279,75295
362,2.0,75472,0.9329752000022067,75472,0.12146624240834834,0.006949008434455882,75472
363,2.0,75673,0.9327943000022126,75673,0.13709574448528575,0.006097274258052186,75673
364,1.0,75807,0.9326737000022166,75807,0.13152489499814474,0.006692728528289976,75807
365,4.0,76072,0.9324352000022245,76072,0.11189786465662831,0.006192712938402865,76072
366,1.0,76218,0.9323038000022288,76218,0.12473828549662681,0.006616434851534843,76218
367,2.0,76386,0.9321526000022338,76386,0.12264745354297615,0.007104809673992783,76386
368,3.0,76608,0.9319528000022403,76608,0.10219259506410307,0.006714646174439802,76608
369,4.0,76855,0.9317305000022477,76855,0.1009222237084076,0.00515313313001493,76855
370,0.0,76962,0.9316342000022508,76962,0.13164054971432018,0.0056561797248484095,76962
371,3.0,77194,0.9314254000022577,77194,0.12530436732902608,0.00523508696116143,77194
372,2.0,77382,0.9312562000022633,77382,0.10893608177912996,0.0053994947755229,77382
373,3.0,77618,0.9310438000022703,77618,0.11702534354339211,0.0061611657906415545,77618
374,3.0,77828,0.9308548000022765,77828,0.10584700980356761,0.005765365196280722,77828
375,2.0,77997,0.9307027000022815,77997,0.12280849759747996,0.0048483605567730455,77997
376,2.0,78183,0.930535300002287,78183,0.12087853629422445,0.0051830834885139105,78183
377,4.0,78456,0.9302896000022951,78456,0.13828632159110826,0.005477679920755897,78456
378,2.0,78637,0.9301267000023005,78637,0.11592718423730101,0.0062911184643916545,78637
379,5.0,78940,0.9298540000023094,78940,0.13544820642510658,0.0064333102057722805,78940
380,1.0,79085,0.9297235000023137,79085,0.12752968227041178,0.006818008272025979,79085
381,2.0,79260,0.9295660000023189,79260,0.11502889794962746,0.005186114052755459,79260
382,4.0,79521,0.9293311000023267,79521,0.11209943645073536,0.005505709030288948,79521
383,2.0,79694,0.9291754000023318,79694,0.11087003858447764,0.006002530209584121,79694
384,5.0,80038,0.928865800002342,80038,0.14003990244033726,0.0058974308256089245,80038
385,0.0,80135,0.9287785000023449,80135,0.12683361277137836,0.004543062062758818,80135
386,3.0,80325,0.9286075000023505,80325,0.11722194403409958,0.006113505639606094,80325
387,2.0,80481,0.9284671000023551,80481,0.11471904737827106,0.005557091590518235,80481
388,5.0,80780,0.928198000002364,80780,0.10590600374350978,0.005850351629421394,80780
389,2.0,80941,0.9280531000023687,80941,0.12203488198126325,0.006432952018704494,80941
390,1.0,81098,0.9279118000023734,81098,0.12154704180492718,0.00504357273795649,81098
391,2.0,81277,0.9277507000023787,81277,0.10266195379155973,0.0065533560079209605,81277
392,2.0,81459,0.9275869000023841,81459,0.11804741956702955,0.0057350204102916465,81459
393,8.0,81868,0.9272188000023962,81868,0.0962594839719222,0.0059535383928279615,81868
394,3.0,82070,0.9270370000024022,82070,0.11577000314056284,0.006189678302185297,82070
395,6.0,82406,0.9267346000024121,82406,0.09994636023683208,0.0052570002723953055,82406
396,2.0,82567,0.9265897000024169,82567,0.1174757969305382,0.005313441240133266,82567
397,2.0,82755,0.9264205000024225,82755,0.11304623340355589,0.004553841336715739,82755
398,3.0,82966,0.9262306000024287,82966,0.1233455523212939,0.005605944389334888,82966
399,1.0,83102,0.9261082000024328,83102,0.12742417985025575,0.0059373817926451225,83102
400,3.0,83311,0.925920100002439,83311,0.12042013773222289,0.006434896726814128,83311
401,1.0,83464,0.9257824000024435,83464,0.13518585849042034,0.005569139017204768,83464
402,1.0,83606,0.9256546000024477,83606,0.13050357682604186,0.0058169956549418075,83606
403,0.0,83702,0.9255682000024505,83702,0.13699542296429476,0.007992581853272895,83702
404,5.0,84052,0.9252532000024609,84052,0.12474884573902402,0.005442737608287384,84052
405,3.0,84292,0.925037200002468,84292,0.12124892578770717,0.005091752664588967,84292
406,3.0,84523,0.9248293000024749,84523,0.12272033424346478,0.00590525382807306,84523
407,1.0,84645,0.9247195000024785,84645,0.13180780190913405,0.005462746337395744,84645
408,4.0,84925,0.9244675000024868,84925,0.12167645022273063,0.00585437506956948,84925
409,3.0,85136,0.924277600002493,85136,0.11250491948771815,0.0061857945529180365,85136
410,4.0,85446,0.9239986000025022,85446,0.14263734524288485,0.005660261062333912,85446
411,2.0,85608,0.923852800002507,85608,0.12893215833622731,0.0056406909304123586,85608
412,2.0,85777,0.923700700002512,85777,0.12394683124751028,0.0048487968406603485,85777
413,3.0,85971,0.9235261000025178,85971,0.1102123003952282,0.005284695618627797,85971
414,1.0,86101,0.9234091000025216,86101,0.12944712879566045,0.006707861817715009,86101
415,2.0,86284,0.923244400002527,86284,0.11968882854193286,0.005941414848578963,86284
416,4.0,86549,0.9230059000025349,86549,0.1395365062187303,0.005663402214959892,86549
417,2.0,86728,0.9228448000025402,86728,0.13761106366551787,0.005523250567710816,86728
418,4.0,87016,0.9225856000025487,87016,0.15407759758333364,0.005524006175960494,87016
419,4.0,87288,0.9223408000025568,87288,0.12660361744244308,0.006077674802414175,87288
420,4.0,87547,0.9221077000025645,87547,0.10817337335306705,0.004881052102773467,87547
421,3.0,87736,0.9219376000025701,87736,0.11901557626863005,0.004585701811867126,87736
422,2.0,87915,0.9217765000025754,87915,0.11675185872522813,0.0050057829574641334,87915
423,3.0,88179,0.9215389000025832,88179,0.11712371699060455,0.004509601517948988,88179
424,1.0,88331,0.9214021000025877,88331,0.11433736715269716,0.005766493476609244,88331
425,3.0,88524,0.9212284000025934,88524,0.10959591002353115,0.0050118624322169755,88524
426,1.0,88660,0.9211060000025975,88660,0.12923746457433,0.005570167388695528,88660
427,0.0,88763,0.9210133000026005,88763,0.13072216988188548,0.005891925504364585,88763
428,2.0,88942,0.9208522000026058,88942,0.12117167716252737,0.004900890420015066,88942
429,3.0,89159,0.9206569000026122,89159,0.11771413656423718,0.004918632557654398,89159
430,3.0,89371,0.9204661000026185,89371,0.11111243483874034,0.004666645210818388,89371
431,3.0,89599,0.9202609000026253,89599,0.10852537787797158,0.0055515212340827005,89599
432,1.0,89741,0.9201331000026295,89741,0.1380163934868826,0.0059098324743156894,89741
433,3.0,89952,0.9199432000026357,89952,0.11071346643694205,0.004299738202996812,89952
434,2.0,90122,0.9197902000026408,90122,0.1137861100189826,0.006474921067317208,90122
435,4.0,90370,0.9195670000026481,90370,0.11231511062191378,0.004793386763279364,90370
436,0.0,90485,0.9194635000026515,90485,0.13233954543652743,0.004837054208600539,90485
437,4.0,90748,0.9192268000026593,90748,0.10738635941376705,0.005119920374527145,90748
438,2.0,90914,0.9190774000026642,90914,0.12196054516068425,0.004939583464195504,90914
439,1.0,91070,0.9189370000026689,91070,0.13068884802170289,0.004984831729882735,91070
440,2.0,91256,0.9187696000026744,91256,0.11297862672357149,0.004882794480650891,91256
441,3.0,91456,0.9185896000026803,91456,0.12446189388632774,0.005168493864548509,91456
442,3.0,91665,0.9184015000026865,91665,0.12089875262034566,0.004943736326578853,91665
443,4.0,91902,0.9181882000026935,91902,0.10990508806101884,0.004765041653853537,91902
444,3.0,92110,0.9180010000026997,92110,0.1315001267939806,0.00459939457944249,92110
445,5.0,92448,0.9176968000027097,92448,0.14785184552507288,0.005445418458810352,92448
446,4.0,92679,0.9174889000027165,92679,0.10991336379474376,0.004915298982666381,92679
447,2.0,92852,0.9173332000027217,92852,0.11702553721177096,0.005219878347674176,92852
448,2.0,93043,0.9171613000027273,93043,0.12133230479599917,0.004546676929901459,93043
449,4.0,93322,0.9169102000027356,93322,0.1411061995131995,0.004670335480159501,93322
450,1.0,93454,0.9167914000027395,93454,0.12981388706601027,0.004496247561870736,93454
451,4.0,93723,0.9165493000027475,93723,0.11808641116415258,0.004955592905490925,93723
452,4.0,93999,0.9163009000027557,93999,0.1424000534782375,0.004113150475055538,93999
453,4.0,94258,0.9160678000027633,94258,0.11438250167719646,0.005191585875437273,94258
454,3.0,94480,0.9158680000027699,94480,0.14187502095828186,0.005139991724603418,94480
455,4.0,94728,0.9156448000027773,94728,0.12782182466358907,0.0037157701014049025,94728
456,3.0,94948,0.9154468000027838,94948,0.12662737159566445,0.004950756786307796,94948
457,4.0,95211,0.9152101000027916,95211,0.139714246863648,0.0044346156784962065,95211
458,3.0,95423,0.9150193000027979,95423,0.11585203417629567,0.004531721765556969,95423
459,1.0,95571,0.9148861000028022,95571,0.1414032308636485,0.004228445700932384,95571
460,2.0,95766,0.914710600002808,95766,0.12836375183019882,0.003932699747989924,95766
461,4.0,96041,0.9144631000028162,96041,0.13685858889059588,0.004835173267969036,96041
462,1.0,96194,0.9143254000028207,96194,0.13083133150159923,0.004282823126309238,96194
463,2.0,96365,0.9141715000028258,96365,0.13005068331782582,0.004899602036618346,96365
464,1.0,96496,0.9140536000028296,96496,0.1387927619783023,0.00497266373519105,96496
465,4.0,96761,0.9138151000028375,96761,0.10001018845810081,0.004006103912423604,96761
466,2.0,96928,0.9136648000028424,96928,0.13008039502683513,0.00378525786410371,96928
467,1.0,97074,0.9135334000028468,97074,0.12656263609046806,0.004359402599370136,97074
468,0.0,97177,0.9134407000028498,97177,0.12142131108682132,0.003868400812474276,97177
469,2.0,97345,0.9132895000028548,97345,0.12561686070902006,0.004194133493044882,97345
470,1.0,97477,0.9131707000028587,97477,0.13529899411580779,0.003818874770193802,97477
471,3.0,97694,0.9129754000028651,97694,0.11565885771804142,0.003812263729142627,97694
472,1.0,97822,0.9128602000028689,97822,0.1306805791100487,0.0037027586637350396,97822
473,5.0,98155,0.9125605000028788,98155,0.15759317505288054,0.004155828784128239,98155
474,1.0,98305,0.9124255000028832,98305,0.13325555384159088,0.004224398754765085,98305
475,1.0,98453,0.9122923000028876,98453,0.1142482321608711,0.0035768131619374186,98453
476,3.0,98676,0.9120916000028942,98676,0.13693478476306248,0.0037926375372476268,98676
477,5.0,98968,0.9118288000029029,98968,0.10181838626118556,0.0037597658036571525,98968
478,2.0,99123,0.9116893000029075,99123,0.1377518924974626,0.003745036551047252,99123
479,5.0,99413,0.9114283000029161,99413,0.14917571667967172,0.00454176901355446,99413
480,2.0,99595,0.9112645000029215,99595,0.11568127081289396,0.003553272762184241,99595
481,2.0,99779,0.9110989000029269,99779,0.1248945737986461,0.00436050183786748,99779
482,3.0,99997,0.9109027000029334,99997,0.11179468869616133,0.0037823467357841123,99997
483,1.0,100136,0.9107776000029375,100136,0.14135355357643511,0.004509614228095906,100136
484,0.0,100241,0.9106831000029406,100241,0.13460456090314046,0.005207860381259317,100241
485,2.0,100397,0.9105427000029452,100397,0.14673960476349562,0.005583471249267929,100397
486,3.0,100625,0.910337500002952,100625,0.11789366276117794,0.0040525435860489095,100625
487,1.0,100751,0.9102241000029557,100751,0.13642707585342348,0.004679231584593672,100751
488,3.0,100959,0.9100369000029619,100959,0.13504808868926305,0.003743499452306983,100959
489,4.0,101215,0.9098065000029695,101215,0.12387990421848372,0.003822823837211331,101215
490,3.0,101425,0.9096175000029757,101425,0.11921614344630922,0.0041628687250652415,101425
491,3.0,101677,0.9093907000029832,101677,0.1526452853447861,0.0041794055586006065,101677
492,1.0,101822,0.9092602000029875,101822,0.12685841578861762,0.0036414928802044194,101822
493,4.0,102084,0.9090244000029952,102084,0.12153700420647177,0.003596365314034711,102084
494,0.0,102214,0.9089074000029991,102214,0.1238211806003864,0.0035110199305703506,102214
495,1.0,102357,0.9087787000030033,102357,0.14947649669813942,0.0035548745240353476,102357
496,2.0,102552,0.9086032000030091,102552,0.13459113744589,0.004037361360772197,102552
497,1.0,102699,0.9084709000030134,102699,0.143939642070913,0.004861150227878504,102699
498,0.0,102796,0.9083836000030163,102796,0.13672322526420513,0.0036655569250065925,102796
499,2.0,102958,0.9082378000030211,102958,0.13765339277408742,0.0031356432727315457,102958
500,2.0,103124,0.908088400003026,103124,0.1377679780125618,0.0037151671036247218,103124
501,1.0,103258,0.90796780000303,103258,0.12766369910382513,0.0032380396256593853,103258
502,1.0,103394,0.907845400003034,103394,0.14595750894616633,0.0033175495696548965,103394
503,0.0,103498,0.9077518000030371,103498,0.13445271938466108,0.0033234041424853224,103498
504,2.0,103672,0.9075952000030423,103672,0.13304233645228133,0.003864367681734589,103672
505,8.0,104078,0.9072298000030543,104078,0.14720272610487023,0.003527841829887853,104078
506,4.0,104347,0.9069877000030623,104347,0.12910341812110745,0.0033824539234290256,104347
507,4.0,104613,0.9067483000030702,104613,0.1305034654144954,0.0035364929669474505,104613
508,2.0,104805,0.9065755000030759,104805,0.12304296034077804,0.0033365896043164867,104805
509,3.0,105027,0.9063757000030824,105027,0.12658380274031614,0.003744940488514158,105027
510,1.0,105171,0.9062461000030867,105171,0.12445035545776288,0.0035796686987749934,105171
511,5.0,105469,0.9059779000030955,105469,0.1140909877499478,0.0032476150332244923,105469
512,0.0,105595,0.9058645000030993,105595,0.12463556655815669,0.0038883137366076607,105595
513,3.0,105821,0.905661100003106,105821,0.12344908727481302,0.0035334076419047985,105821
514,2.0,106008,0.9054928000031115,106008,0.1543665468533409,0.0040085543863591115,106008
515,4.0,106270,0.9052570000031193,106270,0.11783537388075399,0.0035827143451535298,106270
516,3.0,106492,0.9050572000031258,106492,0.12326057074037758,0.003518687277932799,106492
517,1.0,106621,0.9049411000031297,106621,0.12682772976483486,0.0038550864954076548,106621
518,1.0,106773,0.9048043000031342,106773,0.1402756134538274,0.0024363176619676538,106773
519,2.0,106935,0.904658500003139,106935,0.1391988734220281,0.002851610728589829,106935
520,4.0,107215,0.9044065000031473,107215,0.11481149191302913,0.002939789076741103,107215
521,4.0,107476,0.904171600003155,107476,0.11495395775499015,0.0037547494294147507,107476
522,2.0,107672,0.9039952000031608,107672,0.12096013341631208,0.0027026874499082327,107672
523,0.0,107790,0.9038890000031643,107790,0.12830082314499355,0.003956651491411691,107790
524,6.0,108141,0.9035731000031747,108141,0.15313226595903054,0.002845737948052537,108141
525,5.0,108449,0.9032959000031838,108449,0.11674130262879583,0.0027318211896095084,108449
526,0.0,108566,0.9031906000031873,108566,0.12710925605561998,0.003370336862784685,108566
527,6.0,108884,0.9029044000031967,108884,0.19256710959305554,0.002864311638278773,108884
528,4.0,109160,0.9026560000032049,109160,0.11574086482110231,0.004441523785132723,109160
529,3.0,109372,0.9024652000032112,109372,0.12245218399560677,0.003030745010636445,109372
530,2.0,109539,0.9023149000032161,109539,0.1328949062767143,0.002607861487774358,109539
531,6.0,109927,0.9019657000032276,109927,0.136011256154665,0.0034852092348299584,109927
532,5.0,110260,0.9016660000032375,110260,0.1331308380709038,0.0042079153009272575,110260
533,1.0,110400,0.9015400000032416,110400,0.15265942183988435,0.004110063153036338,110400
534,1.0,110534,0.9014194000032456,110534,0.1405677158218711,0.003906491385269372,110534
535,2.0,110701,0.9012691000032506,110701,0.15421744520792705,0.0038373189800149487,110701
536,6.0,111040,0.9009640000032606,111040,0.13077818872654332,0.0033566623768280877,111040
537,2.0,111225,0.9007975000032661,111225,0.16203593426459545,0.0037482137900755135,111225
538,3.0,111434,0.9006094000032723,111434,0.15551963484173187,0.004197723997194815,111434
539,3.0,111657,0.9004087000032789,111657,0.14028160982335094,0.0030825474170154596,111657
540,5.0,111949,0.9001459000032875,111949,0.12364012513258686,0.0043993168481592125,111949
541,4.0,112238,0.8998858000032961,112238,0.1383603720516482,0.003247578072039995,112238
542,4.0,112484,0.8996644000033034,112484,0.1764843377882872,0.0036892580739687417,112484
543,3.0,112694,0.8994754000033096,112694,0.13926267113004412,0.003430301006959607,112694
544,2.0,112850,0.8993350000033142,112850,0.15302483947613302,0.0031111180532416957,112850
545,3.0,113084,0.8991244000033212,113084,0.15007351854672799,0.002797378457302345,113084
546,2.0,113256,0.8989696000033263,113256,0.14413398989411288,0.0029914690891695668,113256
547,3.0,113481,0.8987671000033329,113481,0.15005730509757995,0.0028691408641558763,113481
548,0.0,113594,0.8986654000033363,113594,0.14418305891804992,0.003342823965698522,113594
549,2.0,113779,0.8984989000033418,113779,0.14416066996149116,0.002918714719841798,113779
550,1.0,113926,0.8983666000033461,113926,0.14549684676588798,0.002531692749817878,113926
551,2.0,114108,0.8982028000033515,114108,0.16192216508008622,0.00403100015606909,114108
552,2.0,114297,0.8980327000033571,114297,0.13528632881149413,0.003470607514202283,114297
553,1.0,114451,0.8978941000033617,114451,0.13647929075863455,0.00355289338021267,114451
554,6.0,114817,0.8975647000033725,114817,0.1817946487762889,0.0030164155090301515,114817
555,3.0,115028,0.8973748000033788,115028,0.13865931162619477,0.002980542104907546,115028
556,1.0,115179,0.8972389000033832,115179,0.1482205521191982,0.0037572874223781804,115179
557,1.0,115321,0.8971111000033875,115321,0.150032961872262,0.003576537216771689,115321
558,1.0,115484,0.8969644000033923,115484,0.15067198095511805,0.0027475005617314174,115484
559,2.0,115681,0.8967871000033981,115681,0.15664686890422996,0.003208293925311451,115681
560,2.0,115849,0.8966359000034031,115849,0.1512177481005589,0.002756834766214091,115849
561,4.0,116111,0.8964001000034109,116111,0.14064879220633106,0.002979358579353154,116111
562,4.0,116374,0.8961634000034187,116374,0.13581265004868742,0.003440111801529546,116374
563,1.0,116502,0.8960482000034224,116502,0.16704088728874922,0.0023074818186898938,116502
564,1.0,116646,0.8959186000034267,116646,0.13775949004209703,0.0033920821423534006,116646
565,2.0,116842,0.8957422000034325,116842,0.1441407909198683,0.003568678989035923,116842
566,0.0,116966,0.8956306000034362,116966,0.12503115051696378,0.003158656634285205,116966
567,1.0,117095,0.89551450000344,117095,0.15793263253777526,0.0035328146298052726,117095
568,4.0,117341,0.8952931000034473,117341,0.13777326853052388,0.003425079877833775,117341
569,1.0,117487,0.8951617000034516,117487,0.16106594302882887,0.0029122003767316864,117487
570,7.0,117932,0.8947612000034648,117932,0.15945353762487346,0.002983732249306873,117932
571,1.0,118059,0.8946469000034686,118059,0.1454335411233226,0.002398670934637739,118059
572,2.0,118250,0.8944750000034742,118250,0.12606977675285638,0.0030084367039907817,118250
573,3.0,118481,0.8942671000034811,118481,0.16390922594638097,0.003215958536836269,118481
574,2.0,118670,0.8940970000034867,118670,0.1509695681472304,0.0033333187525313984,118670
575,1.0,118799,0.8939809000034905,118799,0.15624371332715647,0.0023965924144510446,118799
576,1.0,118937,0.8938567000034946,118937,0.1306417522870976,0.0035444130386905813,118937
577,3.0,119156,0.8936596000035011,119156,0.1357021891771386,0.0033465872182196895,119156
578,2.0,119322,0.893510200003506,119322,0.1417181891310646,0.0030462392926465438,119322
579,2.0,119506,0.8933446000035115,119506,0.13694743172306081,0.0029601264898148024,119506
580,3.0,119728,0.893144800003518,119728,0.14436111250170716,0.0030321663227926014,119728
581,2.0,119935,0.8929585000035242,119935,0.13373674682660955,0.0027528442442417145,119935
582,2.0,120120,0.8927920000035297,120120,0.16711274973444037,0.003991056700957612,120120
583,7.0,120481,0.8924671000035403,120481,0.23373027096329635,0.003616001328820323,120481
584,3.0,120688,0.8922808000035465,120688,0.18661908481432044,0.004512743370157299,120688
585,1.0,120832,0.8921512000035507,120832,0.17652092573957312,0.00402349707332582,120832
586,5.0,121195,0.8918245000035615,121195,0.1766203351257261,0.0036122512703148273,121195
587,2.0,121379,0.891658900003567,121379,0.17289675083821235,0.0036902199855593726,121379
588,5.0,121681,0.8913871000035759,121681,0.14998716638972429,0.003421192162040704,121681
589,4.0,121951,0.8911441000035839,121951,0.17911563355613638,0.004167968524766534,121951
590,4.0,122215,0.8909065000035917,122215,0.180530611482082,0.002606265837915668,122215
591,0.0,122330,0.8908030000035951,122330,0.15948336383570796,0.0037717080365679144,122330
592,8.0,122767,0.8904097000036081,122767,0.19652696898381825,0.0032434513650972286,122767
593,3.0,122963,0.8902333000036139,122963,0.19763719328508086,0.0028828982502796417,122963
594,1.0,123114,0.8900974000036184,123114,0.18412315253390382,0.0037498991806200776,123114
595,3.0,123315,0.8899165000036243,123315,0.2001283321511093,0.0025500701913776327,123315
596,2.0,123496,0.8897536000036297,123496,0.1836266776968761,0.0032751292573723516,123496
597,2.0,123680,0.8895880000036351,123680,0.17807982764814212,0.003448958974568877,123680
598,4.0,123959,0.8893369000036434,123959,0.17753394647738413,0.0033293883119585445,123959
599,5.0,124262,0.8890642000036524,124262,0.21325981213708128,0.003249984335246217,124262
600,1.0,124385,0.888953500003656,124385,0.1951499944779931,0.0031364915502774416,124385
601,2.0,124575,0.8887825000036617,124575,0.17201078267473924,0.0037191965828242248,124575
602,0.0,124680,0.8886880000036648,124680,0.1574628642627171,0.0033495227089761536,124680
603,7.0,125072,0.8883352000036764,125072,0.1652078998788279,0.0034191182678244203,125072
604,6.0,125434,0.8880094000036871,125434,0.17681598346371677,0.003473903417804112,125434
605,3.0,125661,0.8878051000036938,125661,0.1622300064642524,0.002889355295818527,125661
606,3.0,125856,0.8876296000036996,125856,0.22864662477603326,0.0028920359011233533,125856
607,2.0,126052,0.8874532000037054,126052,0.17078430167570405,0.003179077361650974,126052
608,1.0,126183,0.8873353000037093,126183,0.19192773945458974,0.00370878646708314,126183
609,6.0,126524,0.8870284000037194,126524,0.20870944958103718,0.003115856209988764,126524
610,4.0,126803,0.8867773000037277,126803,0.16343901848493939,0.003288378694935912,126803
611,6.0,127108,0.8865028000037367,127108,0.2275058430726411,0.002661702447961138,127108
612,1.0,127233,0.8863903000037404,127233,0.16267219173908234,0.0024414795598131605,127233
613,6.0,127584,0.8860744000037508,127584,0.2088492329304035,0.002343134896685366,127584
614,0.0,127681,0.8859871000037537,127681,0.15740749454989875,0.0021370386045615757,127681
615,2.0,127860,0.885826000003759,127860,0.1631926246528519,0.002820556477103584,127860
616,3.0,128086,0.8856226000037657,128086,0.17149608061376925,0.0030617867223635127,128086
617,1.0,128249,0.8854759000037705,128249,0.1678401711711123,0.0023525257624255097,128249
618,2.0,128446,0.8852986000037764,128446,0.16488849065328007,0.0031762873930042566,128446
619,3.0,128694,0.8850754000037837,128694,0.19533741948825697,0.0030738758066564194,128694
620,1.0,128839,0.884944900003788,128839,0.18118705410381844,0.0020036649034942643,128839
621,2.0,129016,0.8847856000037932,129016,0.19058319934680637,0.0032501475633564996,129016
622,3.0,129253,0.8845723000038003,129253,0.1904146995725511,0.003396613590137096,129253
623,1.0,129380,0.884458000003804,129380,0.18410504157618274,0.003271331674758277,129380
624,5.0,129671,0.8841961000038127,129671,0.18414852099934803,0.003082689431618381,129671
625,3.0,129887,0.8840017000038191,129887,0.17392301290399498,0.0030969929522581406,129887
626,4.0,130192,0.8837272000038281,130192,0.20943093900797796,0.003913359367956606,130192
627,2.0,130379,0.8835589000038336,130379,0.17112267965620215,0.0032240633213429406,130379
628,4.0,130648,0.8833168000038416,130648,0.18843886804625004,0.0040054493193433715,130648
629,4.0,130932,0.88306120000385,130932,0.1819100530529526,0.0037590545433771,130932
630,4.0,131155,0.8828605000038566,131155,0.19613894726663428,0.004007003354758281,131155
631,2.0,131336,0.882697600003862,131336,0.18123740583493564,0.0025855864955174083,131336
632,0.0,131470,0.882577000003866,131470,0.14573797561339477,0.0041833265099536325,131470
633,6.0,131822,0.8822602000038764,131822,0.17626546056602488,0.003559838575773194,131822
634,5.0,132166,0.8819506000038866,132166,0.2121919607093861,0.0033455050163464094,132166
635,1.0,132291,0.8818381000038903,132291,0.1740006067752838,0.0034545714827254412,132291
636,1.0,132430,0.8817130000038944,132430,0.15874584758882043,0.003513455076598338,132430
637,5.0,132744,0.8814304000039037,132744,0.18258599481385224,0.0033803517286449592,132744
638,1.0,132891,0.8812981000039081,132891,0.15229843141270333,0.0033450288066801262,132891
639,1.0,133046,0.8811586000039127,133046,0.17050271745651,0.0038117157918731532,133046
640,3.0,133265,0.8809615000039192,133265,0.17638691729062225,0.0033669518614833703,133265
641,2.0,133453,0.8807923000039247,133453,0.17896806068242865,0.0026851800577903906,133453
642,0.0,133559,0.8806969000039279,133559,0.16352555450965772,0.0029277375249635814,133559
643,1.0,133727,0.8805457000039328,133727,0.17222393348458268,0.003391262142940832,133727
644,2.0,133892,0.8803972000039377,133892,0.19898060776970602,0.0027924810836504384,133892
645,1.0,134023,0.8802793000039416,134023,0.18141466254041394,0.004222274680329995,134023
646,2.0,134203,0.880117300003947,134203,0.1713719313343366,0.003667891095190296,134203
647,3.0,134415,0.8799265000039532,134415,0.1696528118314608,0.002665601460048149,134415
648,1.0,134557,0.8797987000039574,134557,0.1809213481528658,0.0024339382396160354,134557
649,2.0,134738,0.8796358000039628,134738,0.17393205598902306,0.0035597195369493763,134738
650,9.0,135208,0.8792128000039767,135208,0.18030473253828413,0.0030458364220589344,135208
651,2.0,135420,0.879022000003983,135420,0.18944259838394398,0.0032079887084862247,135420
652,4.0,135694,0.8787754000039911,135694,0.1884540393948555,0.002599289794721221,135694
653,3.0,135913,0.8785783000039976,135913,0.18530307669345647,0.0032991138088544003,135913
654,4.0,136188,0.8783308000040058,136188,0.1566903860460628,0.0027044891644353894,136188
655,2.0,136373,0.8781643000040112,136373,0.17911678004909207,0.0028631068989901955,136373
656,1.0,136519,0.8780329000040156,136519,0.1707471931633884,0.003681152582181337,136519
657,6.0,136853,0.8777323000040255,136853,0.2092839790407769,0.0032766585782972655,136853
658,2.0,137031,0.8775721000040307,137031,0.19013493407643242,0.003531942690918523,137031
659,4.0,137284,0.8773444000040382,137284,0.16781199443717248,0.0025218641950257433,137284
660,2.0,137473,0.8771743000040438,137473,0.19138871062369572,0.0029437724667125153,137473
661,0.0,137572,0.8770852000040468,137572,0.1543639398584462,0.0017066294836107349,137572
662,2.0,137761,0.8769151000040524,137761,0.18449220849723413,0.0024944253004231197,137761
663,1.0,137914,0.8767774000040569,137914,0.18001039365148233,0.0035294866171955387,137914
664,2.0,138084,0.8766244000040619,138084,0.19416043030865052,0.002388042896756601,138084
665,2.0,138249,0.8764759000040668,138249,0.20267436070875688,0.003460820762407049,138249
666,3.0,138469,0.8762779000040734,138469,0.1765748562460596,0.0030174512786867455,138469
667,2.0,138663,0.8761033000040791,138663,0.16374414844304017,0.0027624645268381934,138663
668,2.0,138841,0.8759431000040844,138841,0.1980529265122467,0.0033918123272394115,138841
669,0.0,138948,0.8758468000040875,138948,0.15673746892782014,0.0028084347525853056,138948
670,2.0,139132,0.875681200004093,139132,0.19088544097283613,0.0025551710564484338,139132
671,4.0,139386,0.8754526000041005,139386,0.18570088026091808,0.0028923044509016524,139386
672,5.0,139745,0.8751295000041112,139745,0.19268441021774474,0.0029343237412557907,139745
673,2.0,139930,0.8749630000041166,139930,0.1716590199116114,0.003354272094666895,139930
674,2.0,140085,0.8748235000041212,140085,0.1901502695775801,0.0035160560234808436,140085
675,1.0,140208,0.8747128000041249,140208,0.19300797084967294,0.0034513542014770436,140208
676,2.0,140398,0.8745418000041305,140398,0.18218112517344323,0.003731660092154542,140398
677,5.0,140723,0.8742493000041401,140723,0.2208244462655141,0.0037497123654555674,140723
678,2.0,140900,0.8740900000041454,140900,0.18432150048724674,0.003492091345792507,140900
679,2.0,141070,0.8739370000041504,141070,0.19821435730246936,0.003102298422548783,141070
680,2.0,141249,0.8737759000041557,141249,0.16787727018974347,0.0025714586218432054,141249
681,1.0,141401,0.8736391000041602,141401,0.16464028723145785,0.0030363171594887575,141401
682,3.0,141625,0.8734375000041669,141625,0.1936744475471122,0.0028757338337592436,141625
683,0.0,141720,0.8733520000041697,141720,0.14124445789738704,0.0038827666624504337,141720
684,3.0,141903,0.8731873000041751,141903,0.20752380592901198,0.003662635530268804,141903
685,3.0,142146,0.8729686000041823,142146,0.17677730849250353,0.002854466834518754,142146
686,0.0,142269,0.872857900004186,142269,0.14125270753856597,0.0034951088573581092,142269
687,3.0,142478,0.8726698000041921,142478,0.2026508889700237,0.003093030782119576,142478
688,4.0,142736,0.8724376000041998,142736,0.17903726940700251,0.0030376163480003355,142736
689,2.0,142891,0.8722981000042044,142891,0.17417427407157038,0.0030945885465048523,142891
690,1.0,143039,0.8721649000042088,143039,0.1602033780434647,0.0031087237866567856,143039
691,2.0,143203,0.8720173000042136,143203,0.2047993806077213,0.002593718118699077,143203
692,4.0,143458,0.8717878000042212,143458,0.18810634133862514,0.0027882437046226937,143458
693,1.0,143598,0.8716618000042253,143598,0.17455310842820576,0.00354633994840177,143598
694,3.0,143834,0.8714494000042323,143834,0.19401174139673427,0.002387334069449719,143834
695,2.0,144010,0.8712910000042375,144010,0.1865965829823505,0.002954278311128953,144010
696,4.0,144278,0.8710498000042455,144278,0.18343010661539746,0.0027721344539673033,144278
697,1.0,144406,0.8709346000042493,144406,0.1863165379036218,0.0028363802022113305,144406
698,3.0,144628,0.8707348000042558,144628,0.17695786052190507,0.0029085702331973187,144628
699,2.0,144815,0.8705665000042614,144815,0.18619160720690048,0.003603699777859268,144815
700,5.0,145111,0.8703001000042702,145111,0.20285662621058323,0.002974715266596782,145111
701,3.0,145334,0.8700994000042768,145334,0.16291111453766247,0.0028257062403519635,145334
702,0.0,145446,0.8699986000042801,145446,0.14187397408698285,0.0023776873884539134,145446
703,0.0,145547,0.8699077000042831,145547,0.14664896348915477,0.0028146246933271083,145547
704,2.0,145728,0.8697448000042884,145728,0.19779398098834972,0.0029137695667019385,145728
705,3.0,145953,0.8695423000042951,145953,0.189703163239691,0.0026730082590883182,145953
706,1.0,146093,0.8694163000042993,146093,0.16712518547262464,0.0028254321392783563,146093
707,2.0,146254,0.869271400004304,146254,0.18990479567036125,0.0034378861592412255,146254
708,4.0,146524,0.869028400004312,146524,0.18989622637077613,0.0024627276445244204,146524
709,2.0,146690,0.868879000004317,146690,0.180291706179998,0.0029439434262263624,146690
710,1.0,146831,0.8687521000043211,146831,0.16754395424896942,0.0024621531792816454,146831
711,1.0,146977,0.8686207000043255,146977,0.18521574894859366,0.0024870404548929487,146977
712,4.0,147248,0.8683768000043335,147248,0.18964240603781274,0.0025936682035790403,147248
713,1.0,147414,0.8682274000043384,147414,0.16243616536439184,0.0030217131537806767,147414
714,5.0,147756,0.8679196000043485,147756,0.17641348125990372,0.0029654762864360323,147756
715,4.0,148049,0.8676559000043572,148049,0.20974287706023598,0.0032990950658566194,148049
716,2.0,148212,0.867509200004362,148212,0.201625627608387,0.0026572583020017327,148212
717,4.0,148473,0.8672743000043698,148473,0.16843958238989,0.0024528564100012797,148473
718,2.0,148666,0.8671006000043755,148666,0.1766101835305209,0.002424437697908064,148666
719,2.0,148847,0.8669377000043809,148847,0.18471210207069777,0.0025332551484912097,148847
720,1.0,148997,0.8668027000043853,148997,0.1717043157418569,0.0019793216685502556,148997
721,3.0,149216,0.8666056000043918,149216,0.1522111031290603,0.0022317729625554827,149216
722,3.0,149416,0.8664256000043977,149416,0.2093234333395958,0.0025861256444841274,149416
723,1.0,149568,0.8662888000044022,149568,0.17346992971081482,0.0028197594863166543,149568
724,5.0,149876,0.8660116000044114,149876,0.14635608679094872,0.00247819517630592,149876
725,1.0,150028,0.8658748000044159,150028,0.1611168368866569,0.0020942830027180256,150028
726,3.0,150236,0.865687600004422,150236,0.24990198403023756,0.004106062695882429,150236
727,5.0,150540,0.865414000004431,150540,0.24442628506374986,0.0033194583418327582,150540
728,2.0,150715,0.8652565000044362,150715,0.2506805523804256,0.0033879738196264954,150715
729,0.0,150827,0.8651557000044395,150827,0.19062650709279946,0.0033676046049159985,150827
730,2.0,151015,0.8649865000044451,151015,0.243499533927187,0.003305235491272005,151015
731,3.0,151261,0.8647651000044524,151261,0.22853198926138685,0.0025607868018692618,151261
732,5.0,151538,0.8645158000044606,151538,0.2207296758567383,0.0032614782637082687,151538
733,2.0,151716,0.8643556000044659,151716,0.25252527618006376,0.003507321317607584,151716
734,2.0,151879,0.8642089000044707,151879,0.23595486297929213,0.0034871863152962494,151879
735,4.0,152127,0.863985700004478,152127,0.22580737043772975,0.0036510965092313727,152127
736,2.0,152321,0.8638111000044838,152321,0.21468292821928397,0.0032525098672287886,152321
737,3.0,152544,0.8636104000044904,152544,0.2018879498334209,0.003441140760869652,152544
738,3.0,152749,0.8634259000044965,152749,0.22857985191228913,0.002452330517074343,152749
739,1.0,152894,0.8632954000045008,152894,0.20804599030264492,0.0029184674116550014,152894
740,1.0,153036,0.863167600004505,153036,0.21445398935129945,0.003715454536138847,153036
741,0.0,153155,0.8630605000045085,153155,0.18729073084703013,0.002614915008182704,153155
742,0.0,153268,0.8629588000045119,153268,0.18636993866051194,0.0022499918974642394,153268
743,2.0,153425,0.8628175000045165,153425,0.25982928731638916,0.0033158547992767637,153425
744,8.0,153858,0.8624278000045293,153858,0.20582263471072595,0.0030340395226548873,153858
745,3.0,154086,0.8622226000045361,154086,0.22804303918229907,0.003193898759523188,154086
746,2.0,154274,0.8620534000045417,154274,0.23263231157622438,0.0035006588934769016,154274
747,1.0,154448,0.8618968000045468,154448,0.22010549680254926,0.0032161903993422956,154448
748,6.0,154780,0.8615980000045567,154780,0.2647883122764438,0.003097198949166867,154780
749,1.0,154927,0.861465700004561,154927,0.18890335567954447,0.001927810564047584,154927
750,2.0,155115,0.8612965000045666,155115,0.23590418078163836,0.003156692659955452,155115
751,2.0,155301,0.8611291000045721,155301,0.22785208077840907,0.0031664955370429835,155301
752,4.0,155578,0.8608798000045803,155578,0.20740908954548062,0.0033324443904762004,155578
753,4.0,155827,0.8606557000045877,155827,0.22208294320298008,0.0026349948474741823,155827
754,3.0,156024,0.8604784000045935,156024,0.2587864197752803,0.0028860947952799613,156024
755,0.0,156128,0.8603848000045966,156128,0.19675067554299647,0.0023846087316577234,156128
756,5.0,156402,0.8601382000046047,156402,0.22006170190598842,0.0033908909063295116,156402
757,2.0,156569,0.8599879000046097,156569,0.228907400797941,0.0033182897264077563,156569
758,3.0,156797,0.8597827000046164,156797,0.21093958746968655,0.002839076812705842,156797
759,1.0,156925,0.8596675000046202,156925,0.2476418325677514,0.00246730565083908,156925
760,4.0,157230,0.8593930000046293,157230,0.27286944066891905,0.0028485779265360715,157230
761,3.0,157435,0.8592085000046353,157435,0.22422925408293562,0.0026980803509792256,157435
762,3.0,157657,0.8590087000046419,157657,0.21620005906165182,0.0027232737750940337,157657
763,7.0,158054,0.8586514000046537,158054,0.2565215049822925,0.0030117380395836622,158054
764,3.0,158258,0.8584678000046597,158258,0.2411885154890079,0.0030007018886666916,158258
765,2.0,158419,0.8583229000046645,158419,0.24930211346341957,0.003071660988386402,158419
766,4.0,158692,0.8580772000046726,158692,0.2752859455980224,0.0024969426949910186,158692
767,4.0,158961,0.8578351000046806,158961,0.21229834666261,0.003291189285018135,158961
768,0.0,159084,0.8577244000046842,159084,0.1852233484993136,0.002988861934201436,159084
769,3.0,159344,0.8574904000046919,159344,0.21024419504862565,0.0028853894008464592,159344
770,2.0,159566,0.8572906000046985,159566,0.21582317499964088,0.0028037010066524286,159566
771,4.0,159841,0.8570431000047066,159841,0.21508176012472674,0.0026664904417967508,159841
772,3.0,160056,0.856849600004713,160056,0.23570195505785388,0.0037261845433995194,160056
773,3.0,160247,0.8566777000047187,160247,0.22861112069085007,0.0031246960198010577,160247
774,5.0,160546,0.8564086000047275,160546,0.2470235819601295,0.0032045703122528958,160546
775,4.0,160815,0.8561665000047355,160815,0.2244820080725234,0.0037282664029877183,160815
776,3.0,161083,0.8559253000047434,161083,0.2293438648999627,0.0030160215377039623,161083
777,2.0,161241,0.8557831000047481,161241,0.2276922892543334,0.0025877908041757455,161241
778,6.0,161610,0.855451000004759,161610,0.2323986533373029,0.002883375725694074,161610
779,0.0,161727,0.8553457000047625,161727,0.1719864869219625,0.0024771448050657464,161727
780,3.0,161937,0.8551567000047687,161937,0.24422275608494168,0.003123630657154579,161937
781,2.0,162135,0.8549785000047746,162135,0.22571668811518736,0.002581656221467931,162135
782,2.0,162322,0.8548102000047801,162322,0.21378568388561514,0.003083025634886117,162322
783,4.0,162638,0.8545258000047895,162638,0.2482953066878681,0.0023672301974064667,162638
784,3.0,162853,0.8543323000047959,162853,0.23230399447818134,0.0032366255927373396,162853
785,3.0,163088,0.8541208000048028,163088,0.22145798916512346,0.0028790789935614,163088
786,6.0,163448,0.8537968000048135,163448,0.24721206724643707,0.0030613886593831314,163448
787,4.0,163733,0.853540300004822,163733,0.19452550432138277,0.0029817872254378082,163733
788,1.0,163868,0.853418800004826,163868,0.22224366311673766,0.003233701136681096,163868
789,6.0,164245,0.8530795000048371,164245,0.2771712107588821,0.002363980399266062,164245
790,3.0,164442,0.852902200004843,164442,0.2595758397264529,0.0023107045056575525,164442
791,1.0,164596,0.8527636000048475,164596,0.20740048122870458,0.0025272569050271572,164596
792,1.0,164738,0.8526358000048517,164738,0.221313584018761,0.002802347004086494,164738
793,1.0,164874,0.8525134000048558,164874,0.2137436502996613,0.0034830948964500908,164874
794,0.0,165003,0.8523973000048596,165003,0.16972381546515827,0.0027269678363619847,165003
795,3.0,165240,0.8521840000048666,165240,0.1918042478179127,0.002425021257548434,165240
796,2.0,165417,0.8520247000048718,165417,0.244343608954532,0.002755390598549176,165417
797,3.0,165635,0.8518285000048783,165635,0.2681106909972812,0.003185460991550551,165635
798,1.0,165811,0.8516701000048835,165811,0.20649485831910913,0.003225737399506298,165811
799,2.0,166000,0.8515000000048891,166000,0.23998019241151355,0.0020114729779100453,166000
800,2.0,166190,0.8513290000048948,166190,0.24705839329644252,0.0025591247162274635,166190
801,1.0,166334,0.851199400004899,166334,0.20574823580682278,0.0020450924174737236,166334
802,5.0,166635,0.8509285000049079,166635,0.1990210578291123,0.0027407594737502055,166635
803,2.0,166835,0.8507485000049139,166835,0.17979651495814322,0.002295031442554318,166835
804,1.0,166987,0.8506117000049184,166987,0.20711763967808924,0.0024697105683643664,166987
805,3.0,167189,0.8504299000049244,167189,0.24703980436419495,0.0036982740555794235,167189
806,4.0,167481,0.850167100004933,167481,0.25458107837667204,0.0029382952455070813,167481
807,2.0,167637,0.8500267000049376,167637,0.23506478029183853,0.0025973787541704206,167637
808,4.0,167908,0.8497828000049457,167908,0.24065878085544629,0.002302764476090283,167908
809,2.0,168102,0.8496082000049514,168102,0.2154525507663943,0.0026292920123261263,168102
810,3.0,168346,0.8493886000049586,168346,0.2019932658457365,0.002605544661939169,168346
811,2.0,168520,0.8492320000049638,168520,0.2381467553733409,0.0031946556495543402,168520
812,0.0,168618,0.8491438000049667,168618,0.17571363765366224,0.002182473908166629,168618
813,3.0,168812,0.8489692000049724,168812,0.23872790631559707,0.002651295511858519,168812
814,7.0,169187,0.8486317000049836,169187,0.22595537439982097,0.002808964165393263,169187
815,0.0,169301,0.8485291000049869,169301,0.1613164823829082,0.0016426044721013393,169301
816,4.0,169589,0.8482699000049955,169589,0.32517052659144,0.001968203889570456,169589
817,3.0,169845,0.848039500005003,169845,0.21600409573875368,0.002651886085430988,169845
818,2.0,170016,0.8478856000050081,170016,0.22272668927036532,0.0023936838645924412,170016
819,1.0,170164,0.8477524000050125,170164,0.1845198364273922,0.003067102784100555,170164
820,2.0,170345,0.8475895000050179,170345,0.2112845633570002,0.0024483415025375777,170345
821,1.0,170472,0.8474752000050216,170472,0.19840256740727763,0.0035559751576236193,170472
822,3.0,170740,0.8472340000050296,170740,0.22631735499225444,0.0027909446422172686,170740
823,5.0,171032,0.8469712000050382,171032,0.2176310441469493,0.0027587935243265174,171032
824,2.0,171212,0.8468092000050436,171212,0.21632644534111023,0.002954063231461785,171212
825,4.0,171452,0.8465932000050507,171452,0.18939190537979206,0.0033830474957843156,171452
826,4.0,171714,0.8463574000050584,171714,0.2659675890707788,0.0037864842644838425,171714
827,2.0,171890,0.8461990000050637,171890,0.224130674011328,0.002939636896743733,171890
828,4.0,172155,0.8459605000050715,172155,0.2262063796790141,0.002603815365851778,172155
829,4.0,172429,0.8457139000050796,172429,0.24214092701891043,0.0028413073282702026,172429
830,2.0,172649,0.8455159000050861,172649,0.19996680915355683,0.002870428495556222,172649
831,2.0,172813,0.845368300005091,172813,0.22997313447114898,0.0022960588929247646,172813
832,0.0,172935,0.8452585000050946,172935,0.15516351505381162,0.002986779456149947,172935
833,2.0,173099,0.8451109000050995,173099,0.23731706109715672,0.0031791753437307594,173099
834,3.0,173332,0.8449012000051064,173332,0.18441321038892852,0.0023128845922980165,173332
835,2.0,173526,0.8447266000051121,173526,0.20529489096292516,0.0030664534196026562,173526
836,4.0,173810,0.8444710000051205,173810,0.25114916978587565,0.002947944161706788,173810
837,7.0,174213,0.8441083000051325,174213,0.17417456346469246,0.002489680292227949,174213
838,4.0,174500,0.843850000005141,174500,0.24717328248331355,0.002574173560997192,174500
839,0.0,174622,0.8437402000051446,174622,0.15602184783239834,0.00275806983586708,174622
840,3.0,174877,0.8435107000051522,174877,0.23885656326424842,0.0026270523977205704,174877
841,3.0,175133,0.8432803000051597,175133,0.22244090028107166,0.0025197460689980744,175133
842,2.0,175314,0.8431174000051651,175314,0.212385096602677,0.0023478908322893664,175314
843,1.0,175478,0.84296980000517,175478,0.18282100812691013,0.0018520432416752133,175478
844,2.0,175665,0.8428015000051755,175665,0.2207588215562749,0.002718489354474465,175665
845,2.0,175843,0.8426413000051808,175843,0.186246434959133,0.002601406452791462,175843
846,2.0,176008,0.8424928000051857,176008,0.23469534209280302,0.002315302524772106,176008
847,4.0,176272,0.8422552000051935,176272,0.20208998916275572,0.002737860986681798,176272
848,1.0,176402,0.8421382000051973,176402,0.19465708342882304,0.0023911456867958454,176402
849,2.0,176559,0.841996900005202,176559,0.21692367989546174,0.0023164443037629124,176559
850,2.0,176721,0.8418511000052068,176721,0.24111819892753789,0.0023830298428318786,176721
851,0.0,176836,0.8417476000052102,176836,0.15162818794665128,0.0022282376417222067,176836
852,3.0,177028,0.8415748000052159,177028,0.258986945108821,0.0022645310004160515,177028
853,1.0,177153,0.8414623000052196,177153,0.2143774449825287,0.002321047215024009,177153
854,2.0,177345,0.8412895000052253,177345,0.20463950590540966,0.002610520607959188,177345
855,4.0,177615,0.8410465000052333,177615,0.21465963787502712,0.0027570480153911005,177615
856,2.0,177824,0.8408584000052395,177824,0.194425533690521,0.001894185380413755,177824
857,3.0,178031,0.8406721000052456,178031,0.254147727276392,0.002254583729093035,178031
858,4.0,178292,0.8404372000052533,178292,0.23149642622333833,0.002408448172987651,178292
859,1.0,178456,0.8402896000052582,178456,0.2047134855898415,0.0023014958277621546,178456
860,4.0,178738,0.8400358000052666,178738,0.19646647635926592,0.0025332461886369236,178738
861,3.0,178960,0.8398360000052731,178960,0.2084519077797194,0.002683778326434811,178960
862,3.0,179179,0.8396389000052796,179179,0.25367793100609626,0.002584325191882475,179179
863,2.0,179385,0.8394535000052857,179385,0.19767100342269084,0.0024310825775827856,179385
864,1.0,179529,0.83932390000529,179529,0.18793883195353878,0.002670400693356593,179529
865,5.0,179845,0.8390395000052994,179845,0.21819893431059922,0.0023639397283049322,179845
866,3.0,180050,0.8388550000053054,180050,0.22691739390536053,0.0021721833597417215,180050
867,1.0,180180,0.8387380000053093,180180,0.1893571294271029,0.002821968559874222,180180
868,1.0,180306,0.838624600005313,180306,0.23639731629500313,0.002313809182577109,180306
869,2.0,180497,0.8384527000053187,180497,0.20489925567392278,0.0033319039036460705,180497
870,1.0,180627,0.8383357000053225,180627,0.19889526390112364,0.0026801488583889574,180627
871,3.0,180873,0.8381143000053298,180873,0.22147416281021706,0.002999687643957843,180873
872,3.0,181100,0.8379100000053366,181100,0.2224892520957056,0.0027957424394966365,181100
873,3.0,181336,0.8376976000053435,181336,0.21478539137011868,0.00264227859798219,181336
874,2.0,181554,0.83750140000535,181554,0.2042701400201255,0.0026000528549615276,181554
875,3.0,181775,0.8373025000053566,181775,0.17337453520405885,0.003082154786656189,181775
876,3.0,181989,0.8371099000053629,181989,0.24365630021719176,0.002304691199786367,181989
877,2.0,182186,0.8369326000053687,182186,0.23545538335282185,0.003090723618766917,182186
878,4.0,182452,0.8366932000053766,182452,0.197110457751984,0.0031822771414131,182452
879,2.0,182636,0.8365276000053821,182636,0.18752300496334615,0.0026624288143268686,182636
880,2.0,182819,0.8363629000053875,182819,0.23173423836140034,0.0025033264780271406,182819
881,6.0,183138,0.8360758000053969,183138,0.17748525575223761,0.0021985375320485597,183138
882,1.0,183265,0.8359615000054007,183265,0.22689061723356171,0.0026107272039846826,183265
883,1.0,183404,0.8358364000054048,183404,0.21248503147269324,0.0027554378295803054,183404
884,4.0,183687,0.8355817000054132,183687,0.20600566731324887,0.002248900723094433,183687
885,5.0,184002,0.8352982000054225,184002,0.250560048080626,0.0026729498964240994,184002
886,3.0,184215,0.8351065000054289,184215,0.24884850780169168,0.0023665719405906996,184215
887,6.0,184579,0.8347789000054396,184579,0.22113096869581347,0.002619775779369245,184579
888,6.0,184939,0.8344549000054503,184939,0.1985129846466912,0.0027095141253286985,184939
889,5.0,185214,0.8342074000054585,185214,0.22190369020808826,0.0023306258926591413,185214
890,8.0,185604,0.83385640000547,185604,0.21396505053226764,0.002288978309624303,185604
891,4.0,185860,0.8336260000054776,185860,0.2787594896508381,0.0022291985339961684,185860
892,1.0,186013,0.8334883000054821,186013,0.21611479548067827,0.002096249303315215,186013
893,1.0,186185,0.8333335000054872,186185,0.19404832187087037,0.001963532029168523,186185
894,1.0,186314,0.833217400005491,186314,0.19427335169888282,0.0017483125959907463,186314
895,3.0,186509,0.8330419000054968,186509,0.24937481834338263,0.002119310665912986,186509
896,3.0,186751,0.832824100005504,186751,0.225422636167077,0.00287087654019273,186751
897,4.0,186997,0.8326027000055113,186997,0.2501415335308246,0.0021115422701339826,186997
898,3.0,187221,0.8324011000055179,187221,0.24580762914514967,0.0022968783171108953,187221
899,3.0,187430,0.8322130000055241,187430,0.25852820006283844,0.002665923475903352,187430
900,1.0,187566,0.8320906000055281,187566,0.20129867665031376,0.002539646168877559,187566
901,2.0,187735,0.8319385000055332,187735,0.21170195884253146,0.001861989015169833,187735
902,3.0,187967,0.83172970000554,187967,0.19609459630888085,0.002463453292468079,187967
903,3.0,188180,0.8315380000055463,188180,0.20516797928183292,0.002152231070248546,188180
904,2.0,188376,0.8313616000055521,188376,0.17621631053637485,0.0024492564754874198,188376
905,1.0,188539,0.831214900005557,188539,0.1870404778082678,0.002337693966863723,188539
906,3.0,188757,0.8310187000055634,188757,0.23516534788346072,0.0031177209251119172,188757
907,3.0,188976,0.8308216000055699,188976,0.25130354949872785,0.0021927433921203345,188976
908,2.0,189149,0.830665900005575,189149,0.24370086382579254,0.002640164641515726,189149
909,2.0,189336,0.8304976000055806,189336,0.20406467917768714,0.001778471584963789,189336
910,2.0,189515,0.8303365000055859,189515,0.21135561642700068,0.0021118963243034615,189515
911,1.0,189642,0.8302222000055897,189642,0.22148932739505617,0.002163545545302863,189642
912,2.0,189810,0.8300710000055946,189810,0.24540619889185541,0.0022409626758200744,189810
913,4.0,190065,0.8298415000056022,190065,0.2700087307130589,0.002643874899413455,190065
914,5.0,190349,0.8295859000056106,190349,0.27270411825935603,0.0035452081987463776,190349
915,2.0,190514,0.8294374000056155,190514,0.2717398742834727,0.0032552164439535276,190514
916,3.0,190722,0.8292502000056217,190722,0.29882903311115044,0.002362182640354149,190722
917,4.0,190977,0.8290207000056292,190977,0.22652333565786772,0.0028418259699737615,190977
918,5.0,191283,0.8287453000056383,191283,0.3135958989850836,0.003147439068509342,191283
919,4.0,191542,0.828512200005646,191542,0.26203468073749175,0.002553645745383865,191542
920,3.0,191785,0.8282935000056532,191785,0.28577557684462745,0.0027677363700136627,191785
921,4.0,192047,0.8280577000056609,192047,0.25352160621235387,0.002630059641318481,192047
922,1.0,192191,0.8279281000056652,192191,0.23726446967985895,0.0031422155776049798,192191
923,2.0,192359,0.8277769000056702,192359,0.2743118412437893,0.003052840677333907,192359
924,1.0,192546,0.8276086000056757,192546,0.2062596548049845,0.0027527960656129227,192546
925,1.0,192671,0.8274961000056794,192671,0.23395854330062865,0.0030753508825437166,192671
926,2.0,192862,0.8273242000056851,192862,0.24312148707387335,0.0026029837991267016,192862
927,1.0,193015,0.8271865000056896,193015,0.20819375581211513,0.0022638371435212416,193015
928,1.0,193163,0.827053300005694,193163,0.24370958293611938,0.0026395754944501647,193163
929,1.0,193300,0.826930000005698,193300,0.2179858027583491,0.0022216649598783616,193300
930,1.0,193458,0.8267878000057027,193458,0.20663741363000265,0.0020723977534003154,193458
931,5.0,193748,0.8265268000057113,193748,0.27151677094656845,0.0026522371015744286,193748
932,1.0,193902,0.8263882000057159,193902,0.2280865191639244,0.002893702755512083,193902
933,2.0,194070,0.8262370000057209,194070,0.24508179600040117,0.0028237213722864646,194070
934,3.0,194296,0.8260336000057276,194296,0.26988595104323027,0.0023034697785392503,194296
935,4.0,194544,0.8258104000057349,194544,0.283491404667016,0.0024586885874962336,194544
936,3.0,194765,0.8256115000057415,194765,0.28002592718978814,0.0022709383806387567,194765
937,1.0,194938,0.8254558000057466,194938,0.22168065719521804,0.0028578641566947894,194938
938,2.0,195141,0.8252731000057526,195141,0.2557317253404063,0.0027205360354568917,195141
939,0.0,195258,0.8251678000057561,195258,0.17746209104855856,0.002476880745514511,195258
940,1.0,195423,0.825019300005761,195423,0.22069783752614802,0.002095246072955585,195423
941,2.0,195607,0.8248537000057664,195607,0.2644704118694948,0.002718777859310807,195607
942,2.0,195786,0.8246926000057717,195786,0.2577706059264071,0.002086134914272366,195786
943,1.0,195935,0.8245585000057761,195935,0.23672648604284197,0.0022980563547470036,195935
944,2.0,196107,0.8244037000057812,196107,0.28347746975893195,0.0028093436669096687,196107
945,1.0,196258,0.8242678000057857,196258,0.2447840320748209,0.0026057927374109713,196258
946,3.0,196463,0.8240833000057918,196463,0.2738218218815036,0.0021235686179929096,196463
947,2.0,196628,0.8239348000057967,196628,0.23695931777809606,0.001823619808948768,196628
948,4.0,196870,0.8237170000058038,196870,0.2806926063023323,0.0022593558058075316,196870
949,1.0,197022,0.8235802000058083,197022,0.23060891561602292,0.0027972682127686936,197022
950,2.0,197182,0.8234362000058131,197182,0.26297870762646197,0.00201465578816169,197182
951,2.0,197354,0.8232814000058182,197354,0.27512320304332777,0.0021111299832460477,197354
952,0.0,197479,0.8231689000058219,197479,0.1762377302646637,0.001882330282474868,197479
953,2.0,197654,0.8230114000058271,197654,0.27349021128245765,0.002040535151484489,197654
954,5.0,197962,0.8227342000058362,197962,0.24169381262807102,0.0025005566009198236,197962
955,7.0,198376,0.8223616000058485,198376,0.21654435596316332,0.002610965017031075,198376
956,2.0,198577,0.8221807000058544,198577,0.257887141621528,0.0024366363793535076,198577
957,3.0,198791,0.8219881000058608,198791,0.2506345351722753,0.0024725821158681697,198791
958,0.0,198921,0.8218711000058646,198921,0.18296342056531173,0.001935881795417607,198921
959,4.0,199199,0.8216209000058728,199199,0.2910338291804567,0.0022461698294228625,199199
960,2.0,199380,0.8214580000058782,199380,0.24810285973285442,0.002827839997921201,199380
961,3.0,199582,0.8212762000058842,199582,0.27895454059142877,0.002205899285742123,199582
962,3.0,199799,0.8210809000058906,199799,0.27341827351926107,0.002367480466606885,199799
963,0.0,199918,0.8209738000058941,199918,0.18046752720319925,0.002747936197629926,199918
964,1.0,200084,0.8208244000058991,200084,0.22689795027296228,0.0023874608704789416,200084
965,0.0,200191,0.8207281000059022,200191,0.23212850901568047,0.004006150552745099,200191
966,4.0,200433,0.8205103000059094,200433,0.31074387672518894,0.003138379562150183,200433
967,3.0,200675,0.8202925000059166,200675,0.25638313258975004,0.0037247657383578515,200675
968,2.0,200847,0.8201377000059217,200847,0.3275354014233101,0.0033333153515677835,200847
969,2.0,201045,0.8199595000059275,201045,0.30805803323634945,0.0028282386948844896,201045
970,5.0,201387,0.8196517000059377,201387,0.3284947182874233,0.002750857391688096,201387
971,2.0,201562,0.8194942000059429,201562,0.2965697056906564,0.0025422542340155425,201562
972,2.0,201735,0.819338500005948,201735,0.31247606236121556,0.003768700943294794,201735
973,5.0,202042,0.8190622000059571,202042,0.3387867668552585,0.00299950727684983,202042
974,3.0,202287,0.8188417000059643,202287,0.27691701455992096,0.002753328480781531,202287
975,2.0,202456,0.8186896000059694,202456,0.30547458515364745,0.0027272058243569836,202456
976,0.0,202573,0.8185843000059728,202573,0.22327904033864665,0.0029167766644496024,202573
977,5.0,202868,0.8183188000059816,202868,0.21860939163272664,0.003205893851123095,202868
978,1.0,203004,0.8181964000059856,203004,0.26054978304926085,0.002241800221728387,203004
979,3.0,203238,0.8179858000059925,203238,0.30617521040969425,0.0025818464112093444,203238
980,2.0,203414,0.8178274000059977,203414,0.3071469742466103,0.002803828098876693,203414
981,3.0,203632,0.8176312000060042,203632,0.33218101678638284,0.0025741436465393963,203632
982,4.0,203874,0.8174134000060114,203874,0.34225699330164383,0.00290475212952049,203874
983,1.0,204017,0.8172847000060156,204017,0.2705553893025938,0.0021759381051089004,204017
984,2.0,204206,0.8171146000060212,204206,0.2722919701583802,0.002161399090255145,204206
985,3.0,204419,0.8169229000060275,204419,0.3299815695330571,0.0025158988278000637,204419
986,4.0,204679,0.8166889000060352,204679,0.32533392757177354,0.0025677041618529565,204679
987,1.0,204819,0.8165629000060394,204819,0.2570608094334602,0.0025082551116481356,204819
988,1.0,204946,0.8164486000060431,204946,0.257496937522738,0.002128193444708971,204946
989,2.0,205146,0.8162686000060491,205146,0.2758662720769644,0.0021948098642315017,205146
990,5.0,205445,0.8159995000060579,205445,0.36136306717642974,0.0022394825009846,205445
991,5.0,205734,0.8157394000060665,205734,0.2680512039719156,0.002263895143382372,205734
992,3.0,205974,0.8155234000060736,205974,0.26365012700359025,0.003158413518273543,205974
993,2.0,206155,0.815360500006079,206155,0.2980026233920735,0.002411032580106149,206155
994,3.0,206369,0.8151679000060853,206369,0.3069894127199583,0.0021663381570947975,206369
995,0.0,206500,0.8150500000060892,206500,0.21441567308120146,0.003010385879826419,206500
996,5.0,206801,0.8147791000060981,206801,0.2780368884536515,0.0023978192414225935,206801
997,2.0,206986,0.8146126000061036,206986,0.2870899946302981,0.0028883475782365436,206986
998,2.0,207174,0.8144434000061092,207174,0.29266754886571394,0.002583091352364058,207174
999,2.0,207362,0.8142742000061147,207362,0.2991685548678358,0.002382919558356739,207362
1000,5.0,207682,0.8139862000061242,207682,0.323397106025368,0.0020755350582703615,207682
Date/Time End,2019-02-21 22:27:39.171394
