Date/Time Start,2019-02-23 23:47:29.195897
Episode,Score,Mem Lenght,Epsilon,Global Step,Average_q,Average_Loss,Frames
0,5.0,632,1.0,632,0.022467666623901716,0.0,632
1,4.0,1014,0.9999874000000004,1014,0.013946936107411278,0.00018947920792477684,1014
2,8.0,1793,0.9992863000000235,1793,-0.07048870601352969,0.0052046592456453915,1793
3,8.0,2588,0.998570800000047,2588,-0.06560801041997828,0.004864272533175711,2588
4,4.0,2996,0.9982036000000591,2996,-0.0727697918100246,0.005263085245650134,2996
5,12.0,3828,0.9974548000000838,3828,-0.05920148154949017,0.005365373636707842,3828
6,6.0,4459,0.9968869000001025,4459,-0.060526416024485406,0.0057559894739536545,4459
7,9.0,5250,0.9961750000001259,5250,-0.06002043651277965,0.005579554715591769,5250
8,6.0,5877,0.9956107000001445,5877,-0.06214321584424429,0.004595962068742955,5877
9,12.0,6725,0.9948475000001696,6725,-0.05800258518275717,0.0053694517241723895,6725
10,11.0,7542,0.9941122000001938,7542,-0.05712811105327186,0.005862152176559191,7542
11,10.0,8324,0.993408400000217,8324,-0.05599742370855321,0.005140503153704819,8324
12,2.0,8686,0.9930826000002277,8686,-0.052982869717544616,0.005928816237870877,8686
13,4.0,9073,0.9927343000002392,9073,-0.061422121321219346,0.00531292008386458,9073
14,7.0,9711,0.9921601000002581,9711,-0.05940135170159669,0.0056291469396986095,9711
15,9.0,10534,0.9914194000002825,10534,-0.022580629857404118,0.005206412393753932,10534
16,6.0,11178,0.9908398000003016,11178,-0.017787286078973865,0.005366351495078041,11178
17,11.0,12030,0.9900730000003268,12030,-0.014954687472205486,0.005215792254884818,12030
18,10.0,12820,0.9893620000003502,12820,-0.012241080554225776,0.00524972593252469,12820
19,10.0,13619,0.9886429000003739,13619,-0.013015234619099297,0.005363537535165423,13619
20,9.0,14411,0.9879301000003974,14411,-0.010292437361468646,0.00510959269849256,14411
21,7.0,15076,0.9873316000004171,15076,-0.01864815942971106,0.005533869582553538,15076
22,4.0,15437,0.9870067000004278,15437,0.020373413442450878,0.005044860935909771,15437
23,8.0,16213,0.9863083000004508,16213,-0.015805836692548442,0.00551120844608432,16213
24,6.0,16886,0.9857026000004707,16886,-0.019777134932677246,0.005753962135397435,16886
25,11.0,17681,0.9849871000004943,17681,-0.015952006415844714,0.00501825943659316,17681
26,3.0,18057,0.9846487000005054,18057,-0.00873284039900024,0.006397545417151358,18057
27,3.0,18453,0.9842923000005172,18453,-0.015313736572297234,0.005209263719661242,18453
28,10.0,19276,0.9835516000005415,19276,-0.014235872096344738,0.0049070392528631655,19276
29,9.0,20055,0.9828505000005646,20055,-0.012240312077745853,0.00534957931209245,20055
30,10.0,20827,0.9821557000005875,20827,0.01148740630452111,0.005273356501708139,20827
31,11.0,21604,0.9814564000006105,21604,0.00837555503475083,0.005481648792360191,21604
32,10.0,22392,0.9807472000006339,22392,0.005422660920220583,0.005706635054155201,22392
33,6.0,23038,0.980165800000653,23038,-0.002581283672144723,0.006063238999519541,23038
34,10.0,23815,0.979466500000676,23815,-0.00038907236804373017,0.005537709195356619,23815
35,7.0,24469,0.9788779000006954,24469,0.0007099284696469613,0.00554956261513306,24469
36,8.0,25242,0.9781822000007183,25242,0.009480708622088099,0.005103582653642769,25242
37,6.0,25878,0.9776098000007372,25878,-0.0038984170236255763,0.005328734266454919,25878
38,6.0,26515,0.977036500000756,26515,-0.005842301661215922,0.005068453807702502,26515
39,5.0,26915,0.9766765000007679,26915,-0.0003867354243993759,0.005242936774830014,26915
40,5.0,27525,0.976127500000786,27525,0.016877070915137158,0.005300656319777176,27525
41,10.0,28361,0.9753751000008107,28361,0.007565197365527803,0.005488878479626731,28361
42,10.0,29138,0.9746758000008338,29138,0.005470090486981848,0.005481444118155509,29138
43,5.0,29528,0.9743248000008453,29528,0.0008131797115008036,0.005420807847221089,29528
44,3.0,29889,0.973999900000856,29889,0.047022585764816265,0.005923027472248542,29889
45,6.0,30562,0.973394200000876,30562,0.028645674198489488,0.005764648681623709,30562
46,4.0,30951,0.9730441000008875,30951,0.047647952353509965,0.005750668964813796,30951
47,5.0,31365,0.9726715000008997,31365,0.031998956229555724,0.0052325038893247,31365
48,15.0,32312,0.9718192000009278,32312,0.058290582797327795,0.005369435225771935,32312
49,10.0,33090,0.9711190000009509,33090,0.040980910676457274,0.00529583858188676,33090
50,6.0,33717,0.9705547000009694,33717,0.04987088301808735,0.005139744696632994,33717
51,10.0,34489,0.9698599000009923,34489,0.03431750162760365,0.005679653815171438,34489
52,4.0,34885,0.969503500001004,34885,0.048138172036469584,0.0051530022263415794,34885
53,9.0,35671,0.9687961000010273,35671,0.04364010376936303,0.005753235814045554,35671
54,4.0,36065,0.968441500001039,36065,0.05667797581949815,0.004271815054823773,36065
55,7.0,36718,0.9678538000010584,36718,0.04513740666199242,0.004961307518749593,36718
56,11.0,37525,0.9671275000010823,37525,0.04705059183749937,0.005206847493087771,37525
57,6.0,38156,0.966559600001101,38156,0.03135287426648257,0.005244460082824177,38156
58,12.0,39015,0.9657865000011264,39015,0.036068879557953445,0.006017843626056851,39015
59,12.0,39873,0.9650143000011518,39873,0.048605842980402054,0.0053503802860442535,39873
60,5.0,40274,0.9646534000011637,40274,0.05369533229609975,0.0047464088999194225,40274
61,8.0,41061,0.963945100001187,41061,0.06724086756968287,0.006144216365818531,41061
62,5.0,41470,0.9635770000011992,41470,0.07230676583544987,0.005665513157825615,41470
63,6.0,42097,0.9630127000012177,42097,0.07489016451880312,0.005165120034476377,42097
64,9.0,42882,0.962306200001241,42882,0.07001142695688518,0.00536533684434909,42882
65,3.0,43264,0.9619624000012523,43264,0.08965781152111854,0.005229088459343327,43264
66,10.0,44045,0.9612595000012755,44045,0.05328958301725064,0.004860836038422118,44045
67,6.0,44684,0.9606844000012944,44684,0.07554268460656649,0.0055817393407158016,44684
68,10.0,45483,0.9599653000013181,45483,0.06629511497644369,0.0049859788894864735,45483
69,9.0,46269,0.9592579000013414,46269,0.06580332421600515,0.00562716611591701,46269
70,6.0,46906,0.9586846000013602,46906,0.08934292695199957,0.005344776836647162,46906
71,7.0,47557,0.9580987000013795,47557,0.053721259712898234,0.0054532699235860715,47557
72,10.0,48340,0.9573940000014027,48340,0.05704904183279128,0.005044538860906515,48340
73,6.0,49125,0.956687500001426,49125,0.07343938630192902,0.00554128886977393,49125
74,11.0,49980,0.9559180000014513,49980,0.07127983059886603,0.005721195224313098,49980
75,5.0,50367,0.9555697000014628,50367,0.10856098431891711,0.006245566198788222,50367
76,6.0,51016,0.954985600001482,51016,0.07367063303677529,0.005711796944462734,51016
77,6.0,51648,0.9544168000015008,51648,0.10266434999560065,0.0052374765784660195,51648
78,4.0,52036,0.9540676000015123,52036,0.09927268769860882,0.005507421409909268,52036
79,7.0,52719,0.9534529000015325,52719,0.08390724461520224,0.0055307384113157144,52719
80,5.0,53130,0.9530830000015447,53130,0.08141155995047876,0.005638704756309517,53130
81,7.0,53905,0.9523855000015676,53905,0.08702121173422182,0.005140399491590928,53905
82,5.0,54327,0.9520057000015801,54327,0.0832630268373125,0.004826722297599121,54327
83,8.0,55106,0.9513046000016032,55106,0.1115905965997602,0.0057096993996369,55106
84,9.0,55902,0.9505882000016268,55902,0.08781127845540868,0.004797898909683183,55902
85,11.0,56699,0.9498709000016504,56699,0.07993679717790751,0.005336540625386459,56699
86,8.0,57490,0.9491590000016739,57490,0.1118454031561479,0.005084778975471886,57490
87,3.0,57879,0.9488089000016854,57879,0.1508802661006662,0.005182470143034966,57879
88,10.0,58642,0.948122200001708,58642,0.07833204735778419,0.005484444530759581,58642
89,5.0,59038,0.9477658000017197,59038,0.08506646471549616,0.004828358748519083,59038
90,9.0,59818,0.9470638000017428,59818,0.08205223286237855,0.005530259230867019,59818
91,8.0,60604,0.9463564000017661,60604,0.11376059709386971,0.0053465770224254295,60604
92,6.0,61240,0.945784000001785,61240,0.08292363958620706,0.005245037667186778,61240
93,15.0,62186,0.944932600001813,62186,0.12370168032758647,0.005688401282384468,62186
94,8.0,62969,0.9442279000018362,62969,0.12127083456702768,0.0053266317676433144,62969
95,9.0,63753,0.9435223000018594,63753,0.1224211145819602,0.005788040471181413,63753
96,4.0,64140,0.9431740000018709,64140,0.1206163989779484,0.004640263343253654,64140
97,12.0,64952,0.942443200001895,64952,0.11362351658593478,0.005486185153686926,64952
98,11.0,65831,0.941652100001921,65831,0.1017771294918992,0.0053880417787309535,65831
99,6.0,66458,0.9410878000019396,66458,0.14935773850806308,0.005521256000622489,66458
100,12.0,67310,0.9403210000019648,67310,0.10596481830476315,0.005016615268917595,67310
101,16.0,68316,0.9394156000019946,68316,0.1219608527487866,0.004953330796342202,68316
102,6.0,68956,0.9388396000020136,68956,0.08685706272372044,0.004982825560477977,68956
103,5.0,69594,0.9382654000020325,69594,0.13680874592504905,0.005405739670300777,69594
104,4.0,69982,0.937916200002044,69982,0.12414670195046466,0.005979980622739567,69982
105,3.0,70361,0.9375751000020552,70361,0.2452420888070538,0.005790230589965635,70361
106,9.0,71126,0.9368866000020779,71126,0.15713057866673064,0.005257455713172318,71126
107,9.0,71958,0.9361378000021026,71958,0.14146725295666748,0.005882713425132981,71958
108,11.0,72749,0.935425900002126,72749,0.12399533770592264,0.0063983151960083934,72749
109,8.0,73528,0.9347248000021491,73528,0.15370654234894587,0.006065625793932559,73528
110,6.0,74153,0.9341623000021676,74153,0.10875613357722759,0.005493688416294754,74153
111,6.0,74783,0.9335953000021863,74783,0.09892897104164437,0.0053812479034518,74783
112,4.0,75163,0.9332533000021975,75163,0.1628077103805385,0.005875853548652805,75163
113,9.0,75937,0.9325567000022205,75937,0.12465896784238883,0.00557271705850723,75937
114,10.0,76725,0.9318475000022438,76725,0.14964909521806133,0.0056059733056817865,76725
115,4.0,77111,0.9315001000022552,77111,0.14743829299478642,0.005248037962272517,77111
116,8.0,77858,0.9308278000022774,77858,0.14366131181887276,0.004923341950438131,77858
117,6.0,78495,0.9302545000022963,78495,0.14597967554182048,0.005604799200998717,78495
118,2.0,78864,0.9299224000023072,78864,0.1945334064110427,0.004813780121877222,78864
119,8.0,79638,0.9292258000023301,79638,0.1309512204151283,0.005218966712598591,79638
120,2.0,80003,0.9288973000023409,80003,0.21070641343520113,0.005150181500875863,80003
121,11.0,80816,0.928165600002365,80816,0.14428572088644953,0.005361894439689089,80816
122,5.0,81202,0.9278182000023765,81202,0.15092496846566084,0.006115387556299331,81202
123,4.0,81598,0.9274618000023882,81598,0.15935065707831522,0.005513366971732613,81598
124,6.0,82225,0.9268975000024068,82225,0.11430207005979721,0.005618932691188377,82225
125,6.0,82843,0.9263413000024251,82843,0.15708290584518012,0.005805317146274014,82843
126,6.0,83476,0.9257716000024439,83476,0.10937885247100304,0.0050942375232297474,83476
127,10.0,84260,0.9250660000024671,84260,0.14845241894422823,0.005618581240877556,84260
128,9.0,85040,0.9243640000024902,85040,0.1270290709912586,0.0056365129080521185,85040
129,6.0,85647,0.9238177000025082,85647,0.16108706063871722,0.00613178713913883,85647
130,11.0,86478,0.9230698000025328,86478,0.1465405560940253,0.005159722581458075,86478
131,6.0,87116,0.9224956000025517,87116,0.13631990101468694,0.005348319870423085,87116
132,9.0,87900,0.9217900000025749,87900,0.12793192154091157,0.005503494585317807,87900
133,7.0,88544,0.921210400002594,88544,0.13403101623208719,0.005824720363002231,88544
134,7.0,89168,0.9206488000026125,89168,0.15561992103138414,0.004885360439554158,89168
135,8.0,89962,0.919934200002636,89962,0.14156465664018011,0.005642451964633543,89962
136,11.0,90805,0.919175500002661,90805,0.16604903432698578,0.005459138410739558,90805
137,6.0,91462,0.9185842000026805,91462,0.1283657731292727,0.006013457456728921,91462
138,3.0,91840,0.9182440000026917,91840,0.32432858896732486,0.005198531871236227,91840
139,6.0,92479,0.9176689000027106,92479,0.12973709908461253,0.005755035015952071,92479
140,10.0,93255,0.9169705000027336,93255,0.13942573996279964,0.0055332409046781154,93255
141,6.0,93857,0.9164287000027515,93857,0.19770673848998013,0.005849055126856663,93857
142,10.0,94647,0.9157177000027749,94647,0.17793282075679,0.005635783562016352,94647
143,9.0,95437,0.9150067000027983,95437,0.19765558438021927,0.004956598011189202,95437
144,4.0,95847,0.9146377000028104,95847,0.173193668601353,0.0052199664477063,95847
145,6.0,96492,0.9140572000028295,96492,0.16529487281922223,0.005353804540102074,96492
146,5.0,96906,0.9136846000028418,96906,0.14080285851884147,0.004969053570974668,96906
147,9.0,97683,0.9129853000028648,97683,0.1397033823963298,0.004949536615475638,97683
148,6.0,98326,0.9124066000028839,98326,0.1177878519882264,0.005914605178907467,98326
149,4.0,98708,0.9120628000028952,98708,0.26512592428251713,0.005486090553530397,98708
150,6.0,99374,0.9114634000029149,99374,0.15695913558037164,0.005418406676793123,99374
151,5.0,99788,0.9110908000029272,99788,0.14429783572303356,0.0060571246534900335,99788
152,8.0,100575,0.9103825000029505,100575,0.20769087579977027,0.0053820114268551805,100575
153,6.0,101206,0.9098146000029692,101206,0.14598989081694472,0.005888205621546141,101206
154,12.0,102049,0.9090559000029942,102049,0.21934565909710643,0.0051278540161710335,102049
155,9.0,102816,0.9083656000030169,102816,0.18175913045010403,0.005429945961844903,102816
156,6.0,103491,0.9077581000030369,103491,0.16824936616475936,0.005548798719634457,103491
157,9.0,104346,0.9069886000030623,104346,0.16107782358140277,0.00521743381555922,104346
158,6.0,104980,0.906418000003081,104980,0.1760297830125511,0.005612917901106746,104980
159,10.0,105789,0.905689900003105,105789,0.20626580465829047,0.00525381029469113,105789
160,11.0,106641,0.9049231000031303,106641,0.1783726035897126,0.005957134568627157,106641
161,6.0,107289,0.9043399000031495,107289,0.1420029632166534,0.005083194537112349,107289
162,11.0,108096,0.9036136000031734,108096,0.20762822371959463,0.004915884217861757,108096
163,9.0,108874,0.9029134000031964,108874,0.2174213917514161,0.005232699413546379,108874
164,9.0,109657,0.9022087000032196,109657,0.21012347676264334,0.005099577988095514,109657
165,11.0,110527,0.9014257000032454,110527,0.15623406869648346,0.005476859201250287,110527
166,5.0,110925,0.9010675000032572,110925,0.20596468998540438,0.005085403581770563,110925
167,11.0,111751,0.9003241000032817,111751,0.22271382094520994,0.00504070275520103,111751
168,12.0,112608,0.8995528000033071,112608,0.19908273481745425,0.005218677955070418,112608
169,9.0,113397,0.8988427000033304,113397,0.23740327799945352,0.005503465253772705,113397
170,4.0,113798,0.8984818000033423,113798,0.22111275378252354,0.0045207917931671966,113798
171,6.0,114456,0.8978896000033618,114456,0.14752672982506884,0.005315525797076752,114456
172,3.0,114819,0.8975629000033726,114819,0.40856320264213014,0.00475622693658165,114819
173,9.0,115612,0.8968492000033961,115612,0.22346558785101242,0.0052837014313837725,115612
174,12.0,116438,0.8961058000034205,116438,0.223572612564208,0.005325911331141861,116438
175,10.0,117213,0.8954083000034435,117213,0.23600453523498388,0.004865979932271124,117213
176,10.0,118069,0.8946379000034689,118069,0.21964584721826783,0.005073148210621499,118069
177,4.0,118461,0.8942851000034805,118461,0.2795179069840482,0.005190831569572245,118461
178,9.0,119224,0.8935984000035031,119224,0.2234299166755431,0.004792449636368672,119224
179,6.0,119843,0.8930413000035214,119843,0.16787373853368934,0.005014133053278454,119843
180,4.0,120226,0.8926966000035328,120226,0.22398272944813685,0.00496975145629922,120226
181,5.0,120849,0.8921359000035513,120849,0.23666827989828865,0.005608903613191152,120849
182,6.0,121502,0.8915482000035706,121502,0.23176671206882682,0.005265655748748112,121502
183,9.0,122281,0.8908471000035937,122281,0.2549732103274325,0.0054491882636165485,122281
184,9.0,123046,0.8901586000036164,123046,0.2335993334772735,0.005035654878551201,123046
185,9.0,123828,0.8894548000036395,123828,0.18833127375537306,0.005196036929912988,123828
186,7.0,124466,0.8888806000036584,124466,0.2393638339560759,0.005619367756745793,124466
187,10.0,125273,0.8881543000036823,125273,0.2179060410875527,0.005781933318986875,125273
188,6.0,125897,0.8875927000037008,125897,0.17616734824304542,0.00513761894809506,125897
189,10.0,126681,0.8868871000037241,126681,0.21924386078275607,0.00493631913921453,126681
190,4.0,127075,0.8865325000037357,127075,0.2609764832878003,0.004892479788173973,127075
191,6.0,127698,0.8859718000037542,127698,0.17912577512116437,0.005832512798956611,127698
192,11.0,128564,0.8851924000037799,128564,0.20291438654353347,0.004642689572390455,128564
193,4.0,128954,0.8848414000037914,128954,0.26966156967175314,0.004754748877372222,128954
194,8.0,129734,0.8841394000038145,129734,0.23898942963882852,0.005203007665169515,129734
195,6.0,130362,0.8835742000038331,130362,0.23260949036124262,0.004725205168351112,130362
196,5.0,130777,0.8832007000038454,130777,0.233252084619893,0.00535810771598116,130777
197,3.0,131161,0.8828551000038568,131161,0.3437688601576762,0.004615341339748132,131161
198,4.0,131530,0.8825230000038677,131530,0.4352239682528425,0.004914453952548947,131530
199,6.0,132160,0.8819560000038864,132160,0.28524040596352684,0.004914862515718033,132160
200,11.0,132948,0.8812468000039098,132948,0.2759063099454828,0.005371919064439076,132948
201,10.0,133719,0.8805529000039326,133719,0.23981217024352608,0.0052869192559712045,133719
202,8.0,134499,0.8798509000039557,134499,0.2663797199427604,0.005556054905042775,134499
203,5.0,135114,0.8792974000039739,135114,0.3112833819738248,0.004921302925894696,135114
204,6.0,135751,0.8787241000039928,135751,0.25210243766890544,0.004898541001561887,135751
205,6.0,136366,0.878170600004011,136366,0.32271863182749205,0.0047871016669399444,136366
206,4.0,136761,0.8778151000040227,136761,0.35268379622905316,0.004782880360704163,136761
207,10.0,137620,0.8770420000040482,137620,0.27005965589644326,0.004912573339434382,137620
208,6.0,138260,0.8764660000040672,138260,0.2163143841404235,0.005255888521924134,138260
209,10.0,139028,0.8757748000040899,139028,0.32496259943764016,0.004815673959209714,139028
210,6.0,139651,0.8752141000041084,139651,0.20298159563014012,0.004346921425138041,139651
211,12.0,140505,0.8744455000041337,140505,0.2888876012847072,0.005093260418620414,140505
212,11.0,141285,0.8737435000041568,141285,0.31207975329687965,0.004928767359561812,141285
213,4.0,141690,0.8733790000041688,141690,0.31819091431658575,0.005302780591106663,141690
214,11.0,142449,0.8726959000041913,142449,0.31285701416388684,0.005097675550197115,142449
215,4.0,142847,0.8723377000042031,142847,0.32388858547686933,0.004922515462443991,142847
216,9.0,143615,0.8716465000042258,143615,0.3299633990924728,0.004446904901707664,143615
217,8.0,144397,0.870942700004249,144397,0.3666109219919938,0.004770338343417086,144397
218,6.0,145058,0.8703478000042686,145058,0.23968762419441556,0.004720898814428578,145058
219,4.0,145465,0.8699815000042807,145465,0.31082280991136735,0.004909283587942472,145465
220,6.0,146094,0.8694154000042993,146094,0.2432519023399948,0.004763482740903658,146094
221,9.0,146875,0.8687125000043224,146875,0.3382356765175598,0.0048052958688031226,146875
222,4.0,147271,0.8683561000043342,147271,0.33032767998637874,0.0049902527326879074,147271
223,10.0,148074,0.867633400004358,148074,0.29741500703105295,0.0046759275674218585,148074
224,8.0,148841,0.8669431000043807,148841,0.32037749043344055,0.004975103994680726,148841
225,19.0,149938,0.8659558000044132,149938,0.3439845597301843,0.0050636370040181514,149938
226,6.0,150575,0.8653825000044321,150575,0.24242469230944544,0.004858910113524096,150575
227,14.0,151529,0.8645239000044603,151529,0.28877543803671496,0.005100308461121476,151529
228,11.0,152313,0.8638183000044836,152313,0.26064887844567775,0.004694219461289693,152313
229,9.0,153079,0.8631289000045063,153079,0.30093385436263315,0.004768648970848303,153079
230,5.0,153469,0.8627779000045178,153469,0.27783771386035744,0.005194428831843349,153469
231,10.0,154256,0.8620696000045411,154256,0.3037123460455157,0.004552858373426253,154256
232,11.0,155088,0.8613208000045658,155088,0.2939867001707451,0.0047349277830422715,155088
233,5.0,155487,0.8609617000045776,155487,0.2682419377507497,0.004821438291419372,155487
234,9.0,156294,0.8602354000046015,156294,0.28483095192702435,0.004481283970636055,156294
235,9.0,157060,0.8595460000046242,157060,0.30471323818629775,0.00445366848254693,157060
236,11.0,157896,0.858793600004649,157896,0.31721452255309984,0.004780984839763432,157896
237,6.0,158552,0.8582032000046684,158552,0.2506456731040621,0.004613486917883054,158552
238,10.0,159323,0.8575093000046913,159323,0.2936049591720916,0.004823629827849838,159323
239,9.0,160080,0.8568280000047137,160080,0.32092499862150675,0.004828231373513942,160080
240,10.0,160856,0.8561296000047367,160856,0.2675416394180052,0.004831398849513714,160856
241,12.0,161677,0.855390700004761,161677,0.3502893514985652,0.004649838275718105,161677
242,9.0,162484,0.8546644000047849,162484,0.33947516184258636,0.004781133206396755,162484
243,6.0,163115,0.8540965000048036,163115,0.2616123319935591,0.004755915809677701,163115
244,8.0,163888,0.8534008000048265,163888,0.304674442117747,0.004594759839967334,163888
245,6.0,164516,0.8528356000048452,164516,0.249354737502327,0.004859437985745389,164516
246,10.0,165279,0.8521489000048678,165279,0.2887077740470477,0.004454676882077929,165279
247,6.0,165922,0.8515702000048868,165922,0.24312256977634147,0.0048707223201857105,165922
248,5.0,166608,0.8509528000049071,166608,0.4015126449541995,0.0042595641095296115,166608
249,6.0,167245,0.850379500004926,167245,0.3705751775841417,0.004640785526706116,167245
250,4.0,167616,0.850045600004937,167616,0.34911459421292146,0.004696240364688429,167616
251,10.0,168418,0.8493238000049608,168418,0.28829077293775845,0.004757602562109749,168418
252,3.0,169034,0.848769400004979,169034,0.40152691736478696,0.00455896596236902,169034
253,5.0,169652,0.8482132000049973,169652,0.3846077647747345,0.003981522408822283,169652
254,8.0,170421,0.8475211000050201,170421,0.3405791660056235,0.004587526716146878,170421
255,8.0,171205,0.8468155000050434,171205,0.32841962212649156,0.0047773736401277534,171205
256,5.0,171584,0.8464744000050546,171584,0.33954192547614154,0.004660355871674448,171584
257,10.0,172356,0.8457796000050775,172356,0.29625617670512955,0.004516029542263319,172356
258,6.0,172993,0.8452063000050963,172993,0.3840491557011331,0.004723415966757925,172993
259,5.0,173613,0.8446483000051147,173613,0.40830713853600525,0.004470937563324227,173613
260,5.0,173995,0.844304500005126,173995,0.3891425015043994,0.005133080184907672,173995
261,6.0,174637,0.843726700005145,174637,0.28524731472714854,0.004260922244382221,174637
262,6.0,175285,0.8431435000051642,175285,0.29883665316105806,0.004344889775354575,175285
263,4.0,175655,0.8428105000051752,175655,0.41679922106700973,0.004331351837970795,175655
264,10.0,176466,0.8420806000051992,176466,0.32528009865336516,0.004299385333570115,176466
265,8.0,177273,0.8413543000052232,177273,0.39876839809368975,0.004329967752318019,177273
266,10.0,178052,0.8406532000052462,178052,0.3118926085249565,0.004413120499063362,178052
267,7.0,178818,0.8399638000052689,178818,0.37625453427589595,0.004457359702898404,178818
268,6.0,179460,0.839386000005288,179460,0.3114983504667089,0.0043740410659087944,179460
269,6.0,180122,0.8387902000053076,180122,0.3384160665159319,0.004228865731211401,180122
270,3.0,180483,0.8384653000053183,180483,0.6100267082287664,0.004487293073262534,180483
271,9.0,181263,0.8377633000053414,181263,0.3506927917018915,0.0045729167079582855,181263
272,6.0,181886,0.8372026000053598,181886,0.33669856567396206,0.004747890642497324,181886
273,6.0,182542,0.8366122000053793,182542,0.3050524843998662,0.005063733283106292,182542
274,4.0,182928,0.8362648000053907,182928,0.3805037756580763,0.004615540685731715,182928
275,10.0,183712,0.835559200005414,183712,0.3507765041075039,0.004455852491873327,183712
276,6.0,184365,0.8349715000054333,184365,0.2701740134022502,0.004601334161536945,184365
277,9.0,185143,0.8342713000054564,185143,0.3613049315868046,0.004682439538941403,185143
278,6.0,185773,0.833704300005475,185773,0.3259752436821896,0.004388831865545066,185773
279,10.0,186579,0.8329789000054989,186579,0.33412463978284196,0.004297126401314008,186579
280,3.0,186963,0.8326333000055103,186963,0.4891092054507074,0.004119762521365071,186963
281,12.0,187770,0.8319070000055342,187770,0.3537714029402649,0.004533910235790236,187770
282,6.0,188410,0.8313310000055532,188410,0.2800633810664294,0.004101491531082501,188410
283,9.0,189198,0.8306218000055765,189198,0.3208856946992012,0.0042061300102552174,189198
284,6.0,189857,0.830028700005596,189857,0.3245573204055949,0.004357191085605564,189857
285,4.0,190263,0.8296633000056081,190263,0.3394003131890238,0.004397524257530022,190263
286,6.0,190903,0.829087300005627,190903,0.2637992716103327,0.004057087691580819,190903
287,8.0,191685,0.8283835000056502,191685,0.38582998050181455,0.004408859071465295,191685
288,6.0,192319,0.827812900005669,192319,0.29697258730510057,0.004169599978245534,192319
289,10.0,193099,0.8271109000056921,193099,0.38555508580727454,0.0042666484671197115,193099
290,13.0,194199,0.8261209000057247,194199,0.4432497851652178,0.004384056207438169,194199
291,6.0,194847,0.8255377000057439,194847,0.3158139481071245,0.004192108609043507,194847
292,9.0,195640,0.8248240000057674,195640,0.31807316775806016,0.004229783062865103,195640
293,3.0,196014,0.8244874000057785,196014,0.45393219323241135,0.004044958060815243,196014
294,17.0,197874,0.8228134000058336,197874,0.3879721327734891,0.004275144354691566,197874
295,6.0,198279,0.8224489000058456,198279,0.36414499814495627,0.003913527931428779,198279
296,3.0,198662,0.8221042000058569,198662,0.44503526555923817,0.004105166988489862,198662
297,5.0,199048,0.8217568000058684,199048,0.43491231360583726,0.0040273646268525545,199048
298,6.0,199686,0.8211826000058873,199686,0.4075006615592395,0.004156108396147892,199686
299,3.0,200044,0.8208604000058979,200044,0.5628367318829012,0.004341451578247413,200044
300,10.0,200825,0.820157500005921,200825,0.3388138933801277,0.004048887114300662,200825
301,10.0,201605,0.8194555000059441,201605,0.31040863634970706,0.004305300555148652,201605
302,9.0,202368,0.8187688000059667,202368,0.3425502446120017,0.004464368117833754,202368
303,9.0,203138,0.8180758000059896,203138,0.31712328090344544,0.004168123947705941,203138
304,12.0,203934,0.8173594000060131,203934,0.34588125478663484,0.004290409479630279,203934
305,6.0,204543,0.8168113000060312,204543,0.3956938801250728,0.003883475613195758,204543
306,8.0,205342,0.8160922000060549,205342,0.3585910842065071,0.0041064834576433765,205342
307,8.0,206121,0.815391100006078,206121,0.4042874359608232,0.004206184898332761,206121
308,5.0,206523,0.8150293000060899,206523,0.3085714037442089,0.004001904421037675,206523
309,4.0,206920,0.8146720000061016,206920,0.38428139842352277,0.00426584988973521,206920
310,12.0,207736,0.8139376000061258,207736,0.33910085059994577,0.003934750733659551,207736
311,5.0,208341,0.8133931000061437,208341,0.4330843545681189,0.004142427923829364,208341
312,12.0,209194,0.812625400006169,209194,0.3475887094169052,0.003871944924339637,209194
313,9.0,209963,0.8119333000061918,209963,0.33892606769449846,0.00437599498658533,209963
314,6.0,210601,0.8113591000062107,210601,0.3100010878041527,0.004194166863280229,210601
315,3.0,210978,0.8110198000062219,210978,0.4589630230589318,0.0049188436623952975,210978
316,11.0,211808,0.8102728000062465,211808,0.42190452714237464,0.004251918538841026,211808
317,6.0,212449,0.8096959000062655,212449,0.2967196824828195,0.003898597103739724,212449
318,5.0,213079,0.8091289000062841,213079,0.3953976717201017,0.004241129003732191,213079
319,8.0,213847,0.8084377000063069,213847,0.407426096367999,0.004253689208136772,213847
320,10.0,214633,0.8077303000063302,214633,0.4199844287523559,0.004319499989942044,214633
321,11.0,215482,0.8069662000063553,215482,0.426991239484088,0.004206371545023476,215482
322,9.0,216260,0.8062660000063784,216260,0.34621092167163414,0.004354122907397933,216260
323,10.0,217100,0.8055100000064033,217100,0.47910035571881704,0.004153785977853528,217100
324,6.0,217753,0.8049223000064226,217753,0.33397811835497665,0.003909202365343392,217753
325,10.0,218572,0.8041852000064469,218572,0.38820971705028573,0.00409269771573571,218572
326,3.0,218946,0.803848600006458,218946,0.4605956535766469,0.004219896141000785,218946
327,10.0,219737,0.8031367000064814,219737,0.34661114797485915,0.0038984545374668275,219737
328,13.0,220853,0.8021323000065145,220853,0.43686454811911213,0.004126944526505079,220853
329,6.0,221492,0.8015572000065334,221492,0.3178144498015513,0.004253000548129088,221492
330,6.0,222118,0.800993800006552,222118,0.3460893297966677,0.004191361393830843,222118
331,12.0,222966,0.8002306000065771,222966,0.4653338399399423,0.004173250573279253,222966
332,11.0,223778,0.7994998000066011,223778,0.3935369813053185,0.00449842482741023,223778
333,11.0,224568,0.7987888000066246,224568,0.4477299497568909,0.004115630773999846,224568
334,9.0,225367,0.7980697000066482,225367,0.35781428382938285,0.0038665244047639564,225367
335,9.0,226128,0.7973848000066708,226128,0.3768761380038343,0.0038858615568717857,226128
336,4.0,226497,0.7970527000066817,226497,0.5118615377118917,0.003960688837357799,226497
337,5.0,226900,0.7966900000066937,226900,0.3429792145493604,0.004249171181925672,226900
338,14.0,227992,0.795707200006726,227992,0.4571716214356187,0.004135062839337386,227992
339,11.0,228826,0.7949566000067507,228826,0.42466369864019415,0.00408489240097327,228826
340,6.0,229449,0.7943959000067692,229449,0.36795121073770676,0.00376326931151113,229449
341,9.0,230240,0.7936840000067926,230240,0.35864346178175527,0.0038712095197073245,230240
342,9.0,231086,0.7929226000068177,231086,0.4481712802804249,0.004385187344791546,231086
343,6.0,231714,0.7923574000068363,231714,0.3927116329799507,0.0040816589554561935,231714
344,7.0,232366,0.7917706000068556,232366,0.4011013189707797,0.004393813523606389,232366
345,6.0,233002,0.7911982000068745,233002,0.3498692369943707,0.004112855917839121,233002
346,11.0,233802,0.7904782000068982,233802,0.3680758103355765,0.004116372791686445,233802
347,10.0,234574,0.789783400006921,234574,0.38875334281377844,0.003746087635656785,234574
348,6.0,235194,0.7892254000069394,235194,0.4131084290843817,0.003918041840745812,235194
349,9.0,235956,0.788539600006962,235956,0.3984307267524674,0.00393124603710823,235956
350,3.0,236329,0.788203900006973,236329,0.5092166796146864,0.0036536669419471664,236329
351,10.0,237158,0.7874578000069976,237158,0.5016092485439289,0.004114300387216939,237158
352,12.0,237999,0.7867009000070225,237999,0.4997017391282937,0.003884816079132766,237999
353,4.0,238394,0.7863454000070342,238394,0.4258041464452502,0.0041297645531697905,238394
354,10.0,239193,0.7856263000070579,239193,0.40232251285667414,0.004183306835452794,239193
355,6.0,239831,0.7850521000070768,239831,0.3310254883359779,0.003810717991900303,239831
356,11.0,240686,0.7842826000071021,240686,0.38367028641596174,0.00427373240545953,240686
357,9.0,241464,0.7835824000071252,241464,0.40876333804796317,0.004154692208306872,241464
358,9.0,242233,0.782890300007148,242233,0.4412260002641901,0.004281600265209932,242233
359,10.0,243028,0.7821748000071715,243028,0.3738162397588574,0.004158431348652995,243028
360,6.0,243674,0.7815934000071907,243674,0.4635703044456225,0.004174847176893912,243674
361,9.0,244474,0.7808734000072144,244474,0.4329272436723113,0.003962996966183709,244474
362,6.0,245122,0.7802902000072336,245122,0.39975362733282427,0.004193382018625185,245122
363,5.0,245536,0.7799176000072459,245536,0.3847705732833072,0.0038175157638708724,245536
364,7.0,246180,0.7793380000072649,246180,0.39108641575790526,0.004267038741633108,246180
365,6.0,246804,0.7787764000072834,246804,0.3074808347528466,0.0039974648591921255,246804
366,10.0,247577,0.7780807000073063,247577,0.3770459957305164,0.003764896828893278,247577
367,10.0,248385,0.7773535000073303,248385,0.44963048460275523,0.0036235117744455587,248385
368,6.0,249006,0.7767946000073487,249006,0.46390683536872196,0.0038899303097675304,249006
369,10.0,249814,0.7760674000073726,249814,0.39779627892548347,0.003790542734674487,249814
370,9.0,250600,0.7753600000073959,250600,0.3888242389276889,0.004135872612586754,250600
371,4.0,251007,0.774993700007408,251007,0.4468194304871618,0.004258506603785551,251007
372,9.0,251794,0.7742854000074313,251794,0.424901759699271,0.0039694796662761095,251794
373,6.0,252430,0.7737130000074501,252430,0.3349873423927797,0.004060397180097116,252430
374,11.0,253235,0.772988500007474,253235,0.4653998294926208,0.004096176019097499,253235
375,6.0,253874,0.7724134000074929,253874,0.32324530412217073,0.004009397646958075,253874
376,6.0,254517,0.771834700007512,254517,0.4159360107028651,0.003849072680179635,254517
377,10.0,255322,0.7711102000075358,255322,0.40142258708799106,0.004119245435750424,255322
378,3.0,255690,0.7707790000075467,255690,0.6582417838356417,0.0036704201525224007,255690
379,4.0,256086,0.7704226000075585,256086,0.44690568410236425,0.004110287533334522,256086
380,12.0,256944,0.7696504000075839,256944,0.41316205429864095,0.004072262379328616,256944
381,10.0,257745,0.7689295000076076,257745,0.40307344646005894,0.0037198976316584038,257745
382,10.0,258538,0.7682158000076311,258538,0.4315450562523563,0.0037740674041241555,258538
383,4.0,259155,0.7676605000076494,259155,0.5758664032121339,0.003947845175903822,259155
384,11.0,259939,0.7669549000076726,259939,0.42413875211163293,0.003694868963326111,259939
385,6.0,260606,0.7663546000076924,260606,0.38411599026805815,0.004161831205356461,260606
386,5.0,261016,0.7659856000077045,261016,0.3887120009195514,0.004250812040366482,261016
387,6.0,261657,0.7654087000077235,261657,0.3495035337141821,0.004042651925125928,261657
388,11.0,262453,0.7646923000077471,262453,0.4631167471820685,0.0039904727632141535,262453
389,6.0,263088,0.7641208000077659,263088,0.35779902795403024,0.003745690981195653,263088
390,4.0,263482,0.7637662000077776,263482,0.44242216732712264,0.003857121846817675,263482
391,6.0,264119,0.7631929000077965,264119,0.4267462551289675,0.0038471840054006574,264119
392,6.0,264752,0.7626232000078152,264752,0.3526937258775577,0.004012502530717702,264752
393,9.0,265543,0.7619113000078387,265543,0.44012537946649055,0.0037908085320773623,265543
394,11.0,266389,0.7611499000078638,266389,0.4951811286292741,0.0038105278099357562,266389
395,11.0,267184,0.7604344000078873,267184,0.4190519501062684,0.0036988032601023993,267184
396,9.0,267985,0.759713500007911,267985,0.42744307902719497,0.0036443804134425827,267985
397,11.0,268779,0.7589989000079346,268779,0.4645492065913731,0.003996981074117178,268779
398,6.0,269413,0.7584283000079534,269413,0.3577081703225427,0.003764621188407999,269413
399,10.0,270206,0.7577146000079769,270206,0.42930297451129024,0.0039557154269605375,270206
400,10.0,271005,0.7569955000080005,271005,0.4691753577399015,0.003919405977465201,271005
401,12.0,271860,0.7562260000080259,271860,0.42333128528985364,0.003996070279254393,271860
402,11.0,272666,0.7555006000080497,272666,0.4496803951747808,0.004129262309501649,272666
403,8.0,273432,0.7548112000080724,273432,0.45814447887922705,0.0038015595484713724,273432
404,10.0,274241,0.7540831000080964,274241,0.4611580823450286,0.0037904973568873104,274241
405,9.0,275015,0.7533865000081194,275015,0.4190582470193467,0.0037701504176933178,275015
406,10.0,275817,0.7526647000081431,275817,0.4193339193485993,0.003729460833674329,275817
407,4.0,276228,0.7522948000081553,276228,0.4455482727347209,0.004034533157570508,276228
408,9.0,277009,0.7515919000081784,277009,0.4169738636126744,0.003616759139464908,277009
409,5.0,277644,0.7510204000081973,277644,0.5165221811572868,0.003986129695439608,277644
410,11.0,278436,0.7503076000082207,278436,0.40736868838789037,0.003663569224311622,278436
411,12.0,279251,0.7495741000082449,279251,0.45177299736376186,0.0034924458769475756,279251
412,5.0,279612,0.7492492000082556,279612,0.5639958893183691,0.003911510617807611,279612
413,6.0,280260,0.7486660000082748,280260,0.3448339562725138,0.004019693929405077,280260
414,6.0,280906,0.7480846000082939,280906,0.3545131126920413,0.0036370940001421224,280906
415,8.0,281665,0.7474015000083164,281665,0.4623686860466428,0.003699229202004412,281665
416,9.0,282438,0.7467058000083393,282438,0.4520924610662892,0.003890495096651999,282438
417,4.0,282835,0.7463485000083511,282835,0.5088943997093052,0.003918317857993677,282835
418,6.0,283463,0.7457833000083697,283463,0.3636174991038764,0.003791382019050274,283463
419,10.0,284246,0.7450786000083929,284246,0.4143334434701946,0.003994772914301373,284246
420,10.0,285043,0.7443613000084165,285043,0.4016264004579078,0.003597624976749718,285043
421,6.0,285699,0.7437709000084359,285699,0.34612482594803157,0.0036616550823077333,285699
422,17.0,286667,0.7428997000084646,286667,0.4724557165379736,0.0034086308308864063,286667
423,10.0,287457,0.742188700008488,287457,0.4312203468872777,0.0036559602854290057,287457
424,10.0,288269,0.7414579000085121,288269,0.42089800159056934,0.0034987863454365017,288269
425,10.0,289060,0.7407460000085355,289060,0.5172900710956637,0.0037761948963815012,289060
426,6.0,289419,0.7404229000085462,289419,0.6032085362562396,0.0035471025265624853,289419
427,6.0,290070,0.7398370000085654,290070,0.44842736237609443,0.0039020318817320466,290070
428,6.0,290688,0.7392808000085838,290688,0.47817957390425275,0.003487817796305482,290688
429,5.0,291088,0.7389208000085956,291088,0.42013267419300976,0.003895153717676294,291088
430,10.0,291875,0.7382125000086189,291875,0.4546196432417351,0.0038079650373093956,291875
431,6.0,292505,0.7376455000086376,292505,0.39113812587918745,0.003806424992609887,292505
432,10.0,293280,0.7369480000086606,293280,0.5053449961254673,0.0038332809284780055,293280
433,9.0,294059,0.7362469000086836,294059,0.4794639362660697,0.0037445780221583257,294059
434,6.0,294688,0.7356808000087023,294688,0.3768088273313163,0.0036221392272171283,294688
435,11.0,295557,0.734898700008728,295557,0.44763535957341916,0.003879992078963755,295557
436,10.0,296356,0.7341796000087517,296356,0.44222478790486114,0.003487772191619706,296356
437,11.0,297207,0.7334137000087769,297207,0.4736587037097063,0.0036384431664699514,297207
438,9.0,297965,0.7327315000087994,297965,0.5004161336609115,0.003359581003568226,297965
439,5.0,298348,0.7323868000088107,298348,0.5749306903067519,0.0034710051002182726,298348
440,4.0,298722,0.7320502000088218,298722,0.562239818932379,0.003489620150250562,298722
441,6.0,299367,0.7314697000088409,299367,0.4030035454462203,0.0034506066342682197,299367
442,7.0,300044,0.730860400008861,300044,0.4759377916694304,0.0035666340652184677,300044
443,10.0,300829,0.7301539000088842,300829,0.42052497653065213,0.0038064295134231283,300829
444,9.0,301613,0.7294483000089075,301613,0.46511181374555643,0.003711000838532583,301613
445,10.0,302390,0.7287490000089305,302390,0.4242109684333531,0.003703420902993422,302390
446,7.0,302781,0.7283971000089421,302781,0.5109048111893028,0.003521736585246304,302781
447,6.0,303427,0.7278157000089612,303427,0.370338682875314,0.0035568749341622122,303427
448,10.0,304239,0.7270849000089853,304239,0.42207029820626296,0.003320098951446888,304239
449,13.0,305049,0.7263559000090093,305049,0.458229808776099,0.003748517894699169,305049
450,11.0,305925,0.7255675000090352,305925,0.41842190741421015,0.0036655360652971323,305925
451,7.0,306586,0.7249726000090548,306586,0.4567507269838754,0.003475108841992774,306586
452,4.0,306968,0.7246288000090662,306968,0.5543780297879617,0.0038519784409238307,306968
453,6.0,307614,0.7240474000090853,307614,0.37335504577624906,0.0034049003463939133,307614
454,10.0,308405,0.7233355000091087,308405,0.4622302420729331,0.003506548819904817,308405
455,5.0,308771,0.7230061000091196,308771,0.5545958097047005,0.003005233076811371,308771
456,12.0,309619,0.7222429000091447,309619,0.5094053086227263,0.003766361142965561,309619
457,6.0,310239,0.7216849000091631,310239,0.35667155293687697,0.0031296260008070198,310239
458,10.0,311039,0.7209649000091868,311039,0.47893565910402686,0.0035662476717334356,311039
459,8.0,311831,0.7202521000092102,311831,0.45662199363413486,0.0034049620155587254,311831
460,9.0,312592,0.7195672000092328,312592,0.4819199562307726,0.003665698927442596,312592
461,12.0,313660,0.7186060000092644,313660,0.43028141384114155,0.0037800466484764735,313660
462,10.0,314456,0.717889600009288,314456,0.40810522311203296,0.0037330802919149477,314456
463,9.0,315243,0.7171813000093114,315243,0.4907057204791445,0.003485692192847974,315243
464,6.0,315884,0.7166044000093303,315884,0.49970494007892247,0.0034066237379486606,315884
465,6.0,316508,0.7160428000093488,316508,0.476377048338644,0.003314156104188908,316508
466,9.0,317279,0.7153489000093717,317279,0.42911505257534455,0.0035953487438088144,317279
467,6.0,317901,0.7147891000093901,317901,0.4179452581337123,0.003758742249845168,317901
468,5.0,318313,0.7144183000094023,318313,0.3972935270047882,0.0037389406394688143,318313
469,11.0,319108,0.7137028000094259,319108,0.5391492140555532,0.003620648485353603,319108
470,5.0,319724,0.7131484000094441,319724,0.5759143421015183,0.003651333159888798,319724
471,9.0,320498,0.7124518000094671,320498,0.5092602901025952,0.003582241383309895,320498
472,6.0,321121,0.7118911000094855,321121,0.4090097372511321,0.004055704131990037,321121
473,6.0,321764,0.7113124000095046,321764,0.39537516906625747,0.00356336942713032,321764
474,9.0,322534,0.7106194000095274,322534,0.4601309807221224,0.003613847993274957,322534
475,9.0,323351,0.7098841000095516,323351,0.5118289610674215,0.0035597838411455906,323351
476,11.0,324227,0.7090957000095776,324227,0.5015119031479914,0.003374579465863259,324227
477,9.0,325016,0.7083856000096009,325016,0.412670828071535,0.0035550097828630314,325016
478,6.0,325653,0.7078123000096198,325653,0.3906537605277036,0.0034975353430107153,325653
479,11.0,326476,0.7070716000096442,326476,0.5354431130326968,0.0035670460728356415,326476
480,10.0,327278,0.706349800009668,327278,0.4759287614784113,0.00341964216908368,327278
481,7.0,327904,0.7057864000096865,327904,0.4485702599151828,0.0036233477696598604,327904
482,6.0,328553,0.7052023000097057,328553,0.472503320794719,0.003798883180365394,328553
483,8.0,329317,0.7045147000097284,329317,0.45788126395459416,0.0032813294756171996,329317
484,6.0,329953,0.7039423000097472,329953,0.34515600766307153,0.003822343982518182,329953
485,10.0,330784,0.7031944000097718,330784,0.5764286625596877,0.003420223385045444,330784
486,7.0,331192,0.7028272000097839,331192,0.5357260402182445,0.0033558700316444075,331192
487,9.0,331965,0.7021315000098068,331965,0.5335846585336046,0.003149052553520722,331965
488,10.0,332845,0.7013395000098329,332845,0.5056707867336544,0.0036612669539119284,332845
489,8.0,333630,0.7006330000098562,333630,0.6118146317494902,0.003333802440850313,333630
490,12.0,334453,0.6998923000098806,334453,0.5566892688358395,0.0032579093571907343,334453
491,9.0,335231,0.6991921000099036,335231,0.4740794834209209,0.003246647617577292,335231
492,3.0,335621,0.6988411000099152,335621,0.6892838399379682,0.003403741682996042,335621
493,12.0,336476,0.6980716000099405,336476,0.5329127902524513,0.0034656756026847342,336476
494,11.0,337254,0.6973714000099636,337254,0.5285544007212153,0.003620297830809383,337254
495,9.0,338027,0.6966757000099865,338027,0.47803763813431943,0.003448793556178856,338027
496,7.0,338682,0.6960862000100059,338682,0.4367620216981145,0.0032961155271481095,338682
497,11.0,339467,0.6953797000100291,339467,0.5427276170842207,0.0034550355933087576,339467
498,9.0,340248,0.6946768000100523,340248,0.5316217842484405,0.0034356684913717465,340248
499,6.0,340890,0.6940990000100713,340890,0.5074370108962616,0.0034598210023939493,340890
500,5.0,341271,0.6937561000100826,341271,0.5009919549301853,0.0036119485566981644,341271
501,8.0,342040,0.6930640000101054,342040,0.5058879203348383,0.003306019633833709,342040
502,10.0,342838,0.692345800010129,342838,0.47393877819217833,0.003496336183234417,342838
503,11.0,343652,0.6916132000101531,343652,0.537157486803848,0.0035464750739493513,343652
504,11.0,344424,0.690918400010176,344424,0.5157645873995642,0.0033840235201548423,344424
505,9.0,345236,0.6901876000102001,345236,0.5706319547180325,0.0037530362090638382,345236
506,9.0,346006,0.6894946000102229,346006,0.456633299574643,0.00353416093132253,346006
507,10.0,346800,0.6887800000102464,346800,0.5010768698636321,0.0035704333545999033,346800
508,5.0,347185,0.6884335000102578,347185,0.5519749821780564,0.0033782106158232873,347185
509,9.0,347972,0.6877252000102811,347972,0.5642531868330708,0.0032081761791414,347972
510,18.0,349850,0.6860350000103368,349850,0.6064559578363952,0.0034623560613763634,349850
511,11.0,350652,0.6853132000103606,350652,0.5491038777138527,0.003622626084164441,350652
512,8.0,351423,0.6846193000103834,351423,0.479725856251831,0.0036345072465162995,351423
513,8.0,352212,0.6839092000104068,352212,0.5705421384239832,0.0037951230768870363,352212
514,5.0,352609,0.6835519000104185,352609,0.5245053777916906,0.0035501490431393188,352609
515,6.0,353246,0.6829786000104374,353246,0.4908088422036807,0.003814556515982866,353246
516,10.0,354050,0.6822550000104612,354050,0.46450030211526067,0.0035065611117358424,354050
517,9.0,354852,0.681533200010485,354852,0.6107996876103028,0.0035044394979358504,354852
518,10.0,355637,0.6808267000105083,355637,0.505501350224208,0.0035769401229754872,355637
519,12.0,356467,0.6800797000105329,356467,0.4840406033468534,0.0036142938822074457,356467
520,11.0,357243,0.6793813000105559,357243,0.4999135531408271,0.0038094595634602323,357243
521,12.0,358043,0.6786613000105796,358043,0.6343634737376124,0.0036612833704748483,358043
522,12.0,358885,0.6779035000106045,358885,0.5922269524028635,0.003432770048243529,358885
523,9.0,359671,0.6771961000106278,359671,0.5107373903782768,0.00371521266173816,359671
524,10.0,360461,0.6764851000106512,360461,0.5792703580818599,0.0035108877634747494,360461
525,12.0,361290,0.6757390000106758,361290,0.5477222401931864,0.0036610197009764775,361290
526,5.0,361699,0.6753709000106879,361699,0.4946458878446471,0.003190117386840899,361699
527,9.0,362491,0.6746581000107114,362491,0.5466554794893271,0.003495090427543001,362491
528,10.0,363261,0.6739651000107342,363261,0.4982089019247464,0.0035594269796954954,363261
529,11.0,364096,0.6732136000107589,364096,0.5343231665695499,0.0034710006763974573,364096
530,9.0,364879,0.6725089000107821,364879,0.5522702186823957,0.0036375170156102755,364879
531,10.0,365686,0.671782600010806,365686,0.525319512273373,0.00366932890926692,365686
532,11.0,366520,0.6710320000108307,366520,0.5526265167950584,0.0036468981108873887,366520
533,6.0,367163,0.6704533000108498,367163,0.44651912547891287,0.0034402243842437436,367163
534,9.0,367937,0.6697567000108727,367937,0.5415385283472002,0.0035831139669846865,367937
535,10.0,368728,0.6690448000108962,368728,0.5434823727468323,0.0035532010400840864,368728
536,9.0,369526,0.6683266000109198,369526,0.5260530907502001,0.0033752347171912903,369526
537,10.0,370327,0.6676057000109435,370327,0.623712880567144,0.003573629608204572,370327
538,11.0,371118,0.666893800010967,371118,0.48761158215656747,0.003664735091272353,371118
539,10.0,371907,0.6661837000109904,371907,0.5368105391293047,0.0035756343932284093,371907
540,9.0,372711,0.6654601000110142,372711,0.5424535826626998,0.003536106446287039,372711
541,4.0,373107,0.6651037000110259,373107,0.5530261952580526,0.004071158616767721,373107
542,10.0,373875,0.6644125000110487,373875,0.5171445978533787,0.003354993808936039,373875
543,9.0,374662,0.663704200011072,374662,0.5503859913504412,0.0035944178395282142,374662
544,16.0,375734,0.6627394000111038,375734,0.6621086472756604,0.0037874063933187826,375734
545,8.0,376523,0.6620293000111271,376523,0.525300690151175,0.003642368185974561,376523
546,9.0,377311,0.6613201000111505,377311,0.6044515482514038,0.003775622260050321,377311
547,17.0,378346,0.6603886000111812,378346,0.7456199423126553,0.0035730578204400945,378346
548,11.0,379165,0.6596515000112054,379165,0.5307674635069783,0.0033513021617215264,379165
549,12.0,380011,0.6588901000112305,380011,0.5726336099330697,0.0034726460176494178,380011
550,7.0,380667,0.6582997000112499,380667,0.608589513522641,0.003303874318456709,380667
551,10.0,381459,0.6575869000112734,381459,0.5408732622410312,0.003467310880902611,381459
552,10.0,382254,0.656871400011297,382254,0.5476969936733725,0.003660090435508627,382254
553,12.0,383088,0.6561208000113217,383088,0.5875168857957533,0.0033104362009384624,383088
554,10.0,383872,0.6554152000113449,383872,0.5346756321853217,0.003777352498107167,383872
555,11.0,384692,0.6546772000113692,384692,0.6523659837500351,0.003624914670803175,384692
556,10.0,385473,0.6539743000113923,385473,0.5371938701313604,0.003592416242493326,385473
557,11.0,386298,0.6532318000114168,386298,0.5747784813877308,0.003458520363995128,386298
558,11.0,387094,0.6525154000114404,387094,0.5845897572873225,0.003438907483125798,387094
559,5.0,387510,0.6521410000114527,387510,0.5535166131583258,0.0034507563030694234,387510
560,11.0,388327,0.6514057000114769,388327,0.5928912396785533,0.00340665043277536,388327
561,5.0,388712,0.6510592000114883,388712,0.59675372076499,0.0037194455664623046,388712
562,12.0,389546,0.650308600011513,389546,0.5990551800625644,0.0037062294490239527,389546
563,10.0,390340,0.6495940000115366,390340,0.6691014522062592,0.003445411159521173,390340
564,10.0,391159,0.6488569000115608,391159,0.6745054610391967,0.0034910626801854324,391159
565,9.0,391944,0.6481504000115841,391944,0.5610890811131258,0.0035972877674377195,391944
566,12.0,392800,0.6473800000116094,392800,0.645076742857068,0.0035360052508248176,392800
567,11.0,393596,0.646663600011633,393596,0.616536947631806,0.003690327429645531,393596
568,11.0,394374,0.6459634000116561,394374,0.6154062184852316,0.0034134453458078253,394374
569,6.0,394992,0.6454072000116744,394992,0.4944690644777226,0.0035057429286981345,394992
570,6.0,395638,0.6448258000116935,395638,0.4871486364157392,0.0037324841764262494,395638
571,6.0,396262,0.644264200011712,396262,0.5035292561977911,0.003523685167238,396262
572,9.0,397045,0.6435595000117352,397045,0.5590718358869297,0.003407248159802708,397045
573,10.0,397828,0.6428548000117584,397828,0.5548769521454437,0.0036842030370316564,397828
574,12.0,398677,0.6420907000117836,398677,0.5987572459365791,0.0035451642443353006,398677
575,9.0,399444,0.6414004000118063,399444,0.6687390151320722,0.0033633186936626184,399444
576,15.0,400000,0.6405472000118344,400392,0.7506707341799254,0.003572456402337436,400392
577,12.0,400000,0.6398209000118583,401199,0.5686966467561037,0.003614772878515983,401199
578,11.0,400000,0.6390973000118821,402003,0.5567712561408086,0.0037353604904040625,402003
579,10.0,400000,0.6383854000119056,402794,0.5311884890050261,0.003610952833756291,402794
580,10.0,400000,0.6376780000119289,403580,0.5274852035951069,0.0034445945848740455,403580
581,11.0,400000,0.6369418000119531,404398,0.6940806337010598,0.003671885182204216,404398
582,10.0,400000,0.6362551000119757,405161,0.5372821780929872,0.0035990141465271877,405161
583,6.0,400000,0.6356872000119944,405792,0.48111897298443335,0.003342211651545691,405792
584,12.0,400000,0.6349906000120173,406566,0.5943126162990581,0.003533708331044595,406566
585,11.0,400000,0.6342391000120421,407401,0.6558657477805001,0.0034827462416685963,407401
586,6.0,400000,0.6336469000120616,408059,0.47277684940030873,0.003824980246350042,408059
587,9.0,400000,0.632934100012085,408851,0.5679296219834324,0.003639736320606475,408851
588,10.0,400000,0.6322096000121089,409656,0.6546258140887533,0.0036179418019771066,409656
589,11.0,400000,0.6315031000121322,410441,0.5763296238556029,0.0035017635100847407,410441
590,11.0,400000,0.6307948000121555,411228,0.564350789495693,0.003702698855785407,411228
591,11.0,400000,0.6300460000121801,412060,0.5805672485954486,0.003780909351007722,412060
592,10.0,400000,0.6292855000122052,412905,0.5893095356825541,0.003456685656114046,412905
593,12.0,400000,0.628562800012229,413708,0.6132102371152875,0.003743351888858828,413708
594,9.0,400000,0.6278518000122524,414498,0.5396244038509417,0.0036324254137646596,414498
595,10.0,400000,0.6271363000122759,415293,0.5802374158827763,0.0036041398261785038,415293
596,18.0,400000,0.6261454000123086,416394,0.7190761755099631,0.0036312490528797076,416394
597,11.0,400000,0.6253633000123343,417263,0.6502242687365128,0.003528922808440177,417263
598,5.0,400000,0.625007800012346,417658,0.5818401629223099,0.0034747535110115297,417658
599,9.0,400000,0.6243058000123691,418438,0.5695550154034908,0.00335069332232263,418438
600,11.0,400000,0.6235345000123945,419295,0.57646572029994,0.003316206163009509,419295
601,12.0,400000,0.622820800012418,420088,0.567337965491741,0.0033957868118472114,420088
602,11.0,400000,0.6221107000124414,420877,0.5638826466690754,0.003708042277305603,420877
603,9.0,400000,0.6214015000124647,421665,0.5685180245052437,0.0037482230652458753,421665
604,11.0,400000,0.6206779000124886,422469,0.6205654084422991,0.0035579045393590502,422469
605,11.0,400000,0.6199552000125124,423272,0.5963521869771953,0.0035631464147904903,423272
606,9.0,400000,0.6192514000125355,424054,0.5693778253882132,0.0035482286140644244,424054
607,11.0,400000,0.6185341000125592,424851,0.6816816030624071,0.0034626470895517975,424851
608,11.0,400000,0.6178051000125832,425661,0.6708656018346916,0.003827394354933252,425661
609,10.0,400000,0.6170878000126068,426458,0.5651942342052346,0.0034532818646088987,426458
610,6.0,400000,0.6165091000126258,427101,0.5189174154938473,0.003451876293548816,427101
611,10.0,400000,0.6157981000126492,427891,0.6441736293084259,0.003555416155428201,427891
612,10.0,400000,0.6150817000126728,428687,0.6278329620502852,0.003493641893534123,428687
613,5.0,400000,0.6147262000126845,429082,0.6093245758097383,0.0030820724202166726,429082
614,6.0,400000,0.6141385000127039,429735,0.500738504446849,0.003378418844935212,429735
615,5.0,400000,0.6137623000127163,430153,0.6017126337977118,0.0034713948598219546,430153
616,9.0,400000,0.6130675000127391,430925,0.6388234183423878,0.0035355461835924543,430925
617,12.0,400000,0.6123313000127634,431743,0.6075020735322846,0.0036624916232860486,431743
618,9.0,400000,0.6116320000127864,432520,0.6231874188976398,0.0034446994954359955,432520
619,12.0,400000,0.6108940000128107,433340,0.6231012927504574,0.0033332213821534134,433340
620,11.0,400000,0.610155100012835,434161,0.592478543846674,0.003572271647926899,434161
621,10.0,400000,0.6094414000128585,434954,0.6653227826103587,0.0034146690192135595,434954
622,15.0,400000,0.6085864000128867,435904,0.6836870458486833,0.0034816755895735697,435904
623,10.0,400000,0.6078754000129101,436694,0.6617129282294949,0.0036802515579657216,436694
624,12.0,400000,0.6071590000129337,437490,0.7305983033162265,0.0035366628797592926,437490
625,12.0,400000,0.6064282000129577,438302,0.6163178197764264,0.0034101067799137187,438302
626,10.0,400000,0.6057271000129808,439081,0.6357183831149714,0.0035055161938573375,439081
627,14.0,400000,0.6048982000130081,440002,0.7597625687410984,0.0033471178586601587,440002
628,11.0,400000,0.604110700013034,440877,0.6426782503213201,0.003577467190500881,440877
629,6.0,400000,0.6035473000130526,441503,0.6570834730879758,0.0034337084000809685,441503
630,12.0,400000,0.602806600013077,442326,0.6811624104439995,0.0034810668059097397,442326
631,10.0,400000,0.6021190000130996,443090,0.6684308405282922,0.0035991983216058423,443090
632,6.0,400000,0.6015340000131189,443740,0.5682568408892705,0.0035824455988432207,443740
633,10.0,400000,0.6008149000131425,444539,0.5898797151461262,0.00327497169559586,444539
634,10.0,400000,0.6000886000131664,445346,0.6337407208988363,0.003623769035448333,445346
635,13.0,400000,0.5993281000131915,446191,0.6915082519223704,0.0033551937256410674,446191
636,11.0,400000,0.5985649000132166,447039,0.6565469116025235,0.0035433371779635186,447039
637,12.0,400000,0.597822400013241,447864,0.7071930000456896,0.0032484193657397885,447864
638,11.0,400000,0.597096100013265,448671,0.6366943445015131,0.0033155095803283348,448671
639,11.0,400000,0.5963716000132888,449476,0.6209192605214829,0.0035092265736702136,449476
640,11.0,400000,0.595576900013315,450359,0.7426572437582712,0.003458014205233948,450359
641,17.0,400000,0.5938732000133711,452252,0.7786499018068989,0.0034508621401920505,452252
642,10.0,400000,0.5931577000133946,453047,0.6970330570666295,0.0036100012720298937,453047
643,7.0,400000,0.5925916000134133,453676,0.6290893670532776,0.003448531641771081,453676
644,10.0,400000,0.5918770000134368,454470,0.6300329792146718,0.0033560436833602954,454470
645,11.0,400000,0.5911633000134603,455263,0.6171309906063885,0.003456148447693193,455263
646,9.0,400000,0.5904649000134833,456039,0.7346684645630956,0.0034369872403649145,456039
647,12.0,400000,0.5897197000135078,456867,0.6327085371268688,0.0035498479248619536,456867
648,15.0,400000,0.5888773000135356,457803,0.7800676268485621,0.003145481119521035,457803
649,9.0,400000,0.5881690000135589,458590,0.7649008914392815,0.0034618053824999966,458590
650,11.0,400000,0.5874643000135821,459373,0.6714749067146355,0.0033676794685597628,459373
651,6.0,400000,0.5868928000136009,460008,0.578603619935475,0.003489281702786684,460008
652,10.0,400000,0.5861746000136245,460806,0.6231561738969689,0.003321751230009738,460806
653,12.0,400000,0.5854447000136486,461617,0.6593679878332465,0.0034124267694288254,461617
654,6.0,400000,0.5848705000136675,462255,0.5851271304777798,0.0033752882775281655,462255
655,11.0,400000,0.5841496000136912,463056,0.694772738512238,0.003441716359678851,463056
656,4.0,400000,0.5837869000137031,463459,0.6844705640160417,0.003515539198181368,463459
657,11.0,400000,0.5830543000137273,464273,0.6891309929421259,0.0037083095702939353,464273
658,11.0,400000,0.5823496000137505,465056,0.6965672700912103,0.0037840576374089754,465056
659,6.0,400000,0.5817925000137688,465675,0.5425475043679477,0.003537682843938476,465675
660,10.0,400000,0.5810860000137921,466460,0.6656493008421485,0.0034084914869459784,466460
661,9.0,400000,0.5803768000138154,467248,0.6603599028463291,0.0034166263819135592,467248
662,9.0,400000,0.5796667000138388,468037,0.6202537543948915,0.003384497076904765,468037
663,6.0,400000,0.5790781000138582,468691,0.584198638887945,0.0033717554460713263,468691
664,11.0,400000,0.5783725000138814,469475,0.6483406052753633,0.00364632210700193,469475
665,16.0,400000,0.5775184000139095,470424,0.7568940118944432,0.0033510782077169543,470424
666,6.0,400000,0.5769478000139283,471058,0.7698507913467636,0.0035791935552314086,471058
667,11.0,400000,0.5762341000139518,471851,0.6174535081072383,0.0036387546850435324,471851
668,9.0,400000,0.5755204000139753,472644,0.6125676917736648,0.003394245030519918,472644
669,10.0,400000,0.5747986000139991,473446,0.6401393533013111,0.003428518026203505,473446
670,10.0,400000,0.574101100014022,474221,0.7095295812045375,0.0032674652515655204,474221
671,10.0,400000,0.5733838000140457,475018,0.7061695032653725,0.0033846088125147836,475018
672,9.0,400000,0.5726638000140694,475818,0.6306102080456912,0.0033644336846191435,475818
673,10.0,400000,0.5719429000140931,476619,0.7058792141790545,0.0032816051015210046,476619
674,7.0,400000,0.5713732000141118,477252,0.6398669706560424,0.0033766144613413904,477252
675,6.0,400000,0.5707891000141311,477901,0.5796804332127006,0.0035635048721038747,477901
676,6.0,400000,0.5704174000141433,478314,0.6989692229119109,0.003295915126467922,478314
677,10.0,400000,0.5697136000141665,479096,0.6990810524472191,0.003334281352862818,479096
678,11.0,400000,0.5689828000141905,479908,0.658121267709826,0.0032093615976596375,479908
679,9.0,400000,0.5682970000142131,480670,0.7634925925786414,0.003359415329393278,480670
680,10.0,400000,0.5675869000142365,481459,0.6748950213326096,0.0035593132930704487,481459
681,10.0,400000,0.5668615000142604,482265,0.756308811122815,0.003734200249111774,482265
682,11.0,400000,0.5661586000142835,483046,0.7036691559490565,0.0033163223607527038,483046
683,12.0,400000,0.5654188000143079,483868,0.680290838744301,0.003425411380790038,483868
684,6.0,400000,0.5648410000143269,484510,0.6272287570938143,0.003545141979303817,484510
685,10.0,400000,0.5641246000143505,485306,0.7316912643648871,0.003412621515368968,485306
686,10.0,400000,0.5634199000143737,486089,0.7599122644726801,0.003564520042311129,486089
687,5.0,400000,0.5630563000143857,486493,0.7192909311466288,0.0034021522003625944,486493
688,11.0,400000,0.5623435000144091,487285,0.679337793885909,0.0033952881535191815,487285
689,9.0,400000,0.5616361000144324,488071,0.7421146066285879,0.0036659493886361505,488071
690,9.0,400000,0.5609224000144559,488864,0.7501657395465077,0.0032848654460431457,488864
691,12.0,400000,0.5601664000144808,489704,0.7000470254038061,0.003644000920515585,489704
692,5.0,400000,0.559795600014493,490116,0.7336670269882216,0.003688815654932467,490116
693,4.0,400000,0.5594473000145045,490503,0.8039446307938228,0.003341058714725005,490503
694,10.0,400000,0.5587408000145277,491288,0.6485774145859062,0.003150548843131549,491288
695,13.0,400000,0.558002800014552,492108,0.7194817412553765,0.003738922286649496,492108
696,12.0,400000,0.5572432000145771,492952,0.7506026859037684,0.003639100423165193,492952
697,9.0,400000,0.5565340000146004,493740,0.7299534849217398,0.0036407383137750725,493740
698,10.0,400000,0.5558284000146236,494524,0.6809541968229625,0.003151852243031406,494524
699,5.0,400000,0.5554603000146358,494933,0.7299868126734544,0.003516534420497679,494933
700,12.0,400000,0.5547277000146599,495747,0.7767008694772053,0.003282015619548358,495747
701,11.0,400000,0.5540068000146836,496548,0.7423928996336445,0.00360846299400202,496548
702,10.0,400000,0.5532877000147073,497347,0.7611484445715428,0.0036056085171842964,497347
703,10.0,400000,0.5525812000147305,498132,0.6490304351327526,0.0032727875112805063,498132
704,12.0,400000,0.5518207000147556,498977,0.6841435505617299,0.0035169695946939026,498977
705,16.0,400000,0.5509432000147845,499952,0.8954759636903421,0.0031956909926464925,499952
706,11.0,400000,0.5502124000148085,500764,0.7285168203043526,0.003322994443797277,500764
707,10.0,400000,0.5494942000148322,501562,0.7780085837930665,0.0035717186078465402,501562
708,10.0,400000,0.548769700014856,502367,0.6949475226194962,0.0035313749289276044,502367
709,6.0,400000,0.5481865000148752,503015,0.6383222567814367,0.003609777411861334,503015
710,10.0,400000,0.5474710000148988,503810,0.7730238655640644,0.0032292764315948346,503810
711,13.0,400000,0.5467276000149233,504636,0.7641522372569934,0.0033382592002858947,504636
712,10.0,400000,0.5460310000149462,505410,0.7592306331531637,0.0034970841462647504,505410
713,11.0,400000,0.5453200000149696,506200,0.6826812462338918,0.003449227193759495,506200
714,10.0,400000,0.5446171000149927,506981,0.7801216188221979,0.00359401787923668,506981
715,6.0,400000,0.5439853000150136,507683,0.6313412871498328,0.0033625679600060494,507683
716,10.0,400000,0.5432770000150369,508470,0.7784164705073515,0.0034750831242650157,508470
717,10.0,400000,0.5425588000150605,509268,0.7078108674003964,0.003432928515987104,509268
718,13.0,400000,0.5418217000150848,510087,0.7102388651161403,0.003359956763484612,510087
719,9.0,400000,0.541117900015108,510869,0.8372591787477588,0.003418472000856853,510869
720,12.0,400000,0.5403403000151336,511733,0.7382247145632627,0.003247564593847427,511733
721,11.0,400000,0.5396230000151572,512530,0.7397836819758529,0.0033445124216205375,512530
722,6.0,400000,0.539049700015176,513167,0.6442832169671261,0.003360238708027535,513167
723,10.0,400000,0.5383216000152,513976,0.722815538578113,0.003225963740443813,513976
724,6.0,400000,0.5377402000152192,514622,0.6214167702562484,0.0034904500474340944,514622
725,5.0,400000,0.5373694000152314,515034,0.741767243889061,0.003328139730390089,515034
726,10.0,400000,0.536652100015255,515831,0.7295329412597336,0.0034694136229198812,515831
727,11.0,400000,0.5359402000152784,516622,0.7241429657346832,0.003236837104724087,516622
728,11.0,400000,0.5351770000153036,517470,0.676908845169786,0.003579581257893225,517470
729,12.0,400000,0.5344363000153279,518293,0.7700397105545783,0.003284903442154566,518293
730,9.0,400000,0.5337289000153512,519079,0.7014875372364624,0.003256443275324467,519079
731,11.0,400000,0.533006200015375,519882,0.7049880689323171,0.003088745763925499,519882
732,12.0,400000,0.5322961000153984,520671,0.7455917207007172,0.0035014976534864977,520671
733,12.0,400000,0.531549100015423,521501,0.703987167955163,0.003771539473154369,521501
734,10.0,400000,0.5308444000154462,522284,0.7944076613333947,0.0033618166800869374,522284
735,11.0,400000,0.5301379000154695,523069,0.8463056580655893,0.003201732095620138,523069
736,11.0,400000,0.5294323000154927,523853,0.8152408998231498,0.003575162171041391,523853
737,10.0,400000,0.5287204000155161,524644,0.6798002662139505,0.003314749039961237,524644
738,6.0,400000,0.528148000015535,525280,0.6669782257679874,0.003449049313856895,525280
739,6.0,400000,0.5275828000155536,525908,0.6553587851820478,0.0034117095760182125,525908
740,6.0,400000,0.5270113000155724,526543,0.6438548685293498,0.0033656455666710456,526543
741,10.0,400000,0.5263156000155953,527316,0.8755969947630499,0.0036326820549029823,527316
742,6.0,400000,0.5257333000156145,527963,0.6661830611031796,0.0034962662639077668,527963
743,7.0,400000,0.5251636000156332,528596,0.7009690669946385,0.003456382943360697,528596
744,9.0,400000,0.5244517000156567,529387,0.7282326795565796,0.003496586444405615,529387
745,10.0,400000,0.5237614000156794,530154,0.6891396240351875,0.0033841819468338643,530154
746,6.0,400000,0.5232673000156957,530703,0.6121993581671098,0.003494076704023701,530703
747,9.0,400000,0.5225680000157187,531480,0.7589808522005645,0.0032892375385887357,531480
748,10.0,400000,0.521797600015744,532336,0.7048952524315253,0.0035095677615394143,532336
749,6.0,400000,0.5214385000157559,532735,0.7512438398293385,0.0032196211168935805,532735
750,9.0,400000,0.5207401000157789,533511,0.7471733024708697,0.0034633260962699444,533511
751,6.0,400000,0.5201506000157983,534166,0.6507379959557803,0.0032085078177468865,534166
752,10.0,400000,0.5194324000158219,534964,0.729164853318592,0.003335215414593867,534964
753,9.0,400000,0.5187223000158453,535753,0.8211307306177867,0.0032582003071048994,535753
754,11.0,400000,0.5180167000158685,536537,0.7324998347582866,0.003225286837342927,536537
755,10.0,400000,0.517302100015892,537331,0.7324155931002096,0.0031307007890104925,537331
756,6.0,400000,0.5167315000159108,537965,0.6732352887418368,0.0030967615504766746,537965
757,12.0,400000,0.5160061000159347,538771,0.7504613413741216,0.003434852109715012,538771
758,9.0,400000,0.5153122000159576,539542,0.7913651533241247,0.0032248837554292214,539542
759,7.0,400000,0.5147281000159768,540191,0.6981232300377774,0.0033097659865141673,540191
760,10.0,400000,0.5140027000160007,540997,0.7824527218235338,0.0032320529095457044,540997
761,10.0,400000,0.5133034000160237,541774,0.7113455806689833,0.00340079639622093,541774
762,11.0,400000,0.5125996000160469,542556,0.8081086284059393,0.003345961858051867,542556
763,6.0,400000,0.5120272000160657,543192,0.6457570591273735,0.003120316004888711,543192
764,12.0,400000,0.5113027000160896,543997,0.8010811804429344,0.0033205342830103816,543997
765,12.0,400000,0.5105431000161146,544841,0.8241770733236137,0.0033363921442830504,544841
766,10.0,400000,0.5098087000161388,545657,0.7578400079270496,0.0032182875338013913,545657
767,15.0,400000,0.5088232000161712,546752,0.9048003253871447,0.003323626860159717,546752
768,11.0,400000,0.5080942000161952,547562,0.7750937905760459,0.003223045296315966,547562
769,6.0,400000,0.5074966000162149,548226,0.6459876507610441,0.0034126832122046286,548226
770,11.0,400000,0.5067442000162397,549062,0.7781632277383759,0.0033331610915559103,549062
771,12.0,400000,0.5059873000162646,549903,0.8062271337942901,0.0032063102208514777,549903
772,11.0,400000,0.5052376000162893,550736,0.7338983439991311,0.0029235116736407167,550736
773,6.0,400000,0.5046814000163076,551354,0.6637626818251648,0.003117073227134895,551354
774,7.0,400000,0.5041495000163251,551945,0.6917929854968881,0.0030552987716445943,551945
775,10.0,400000,0.5034187000163491,552757,0.8113060466431338,0.003494366874158201,552757
776,10.0,400000,0.5027140000163723,553540,0.853207750224519,0.0033212450588034886,553540
777,6.0,400000,0.502146100016391,554171,0.6568461453952427,0.003183550549495416,554171
778,10.0,400000,0.5014342000164145,554962,0.728472223455927,0.00338293215823295,554962
779,11.0,400000,0.500720500016438,555755,0.7229463404507234,0.0033522828908262524,555755
780,13.0,400000,0.4999447000164601,556617,0.7852405983513856,0.0031958705700529857,556617
781,6.0,400000,0.4993588000164432,557268,0.6458112137841373,0.003198140237282621,557268
782,11.0,400000,0.4986352000164224,558072,0.8311728508911322,0.0034644228257980215,558072
783,11.0,400000,0.49794040001640244,558844,0.8911707520948173,0.0034488106176312626,558844
784,6.0,400000,0.4973581000163857,559491,0.6734619147994971,0.0032074279603033747,559491
785,12.0,400000,0.4966102000163642,560322,0.8227848279526374,0.0033459335042468567,560322
786,6.0,400000,0.4961269000163503,560859,0.6379591370178335,0.003250685500579815,560859
787,13.0,400000,0.4954150000163298,561650,0.721275038357857,0.003385964702785677,561650
788,11.0,400000,0.49465450001630795,562495,0.7831270962953567,0.0033663709019379658,562495
789,9.0,400000,0.49395250001628777,563275,0.845189722130696,0.003465465561618121,563275
790,18.0,400000,0.4926853000162513,564683,1.008980292572894,0.003510748229752442,564683
791,9.0,400000,0.4919860000162312,565460,0.8189245447650686,0.003095770499061019,565460
792,9.0,400000,0.4912903000162112,566233,0.7959952670382034,0.0033581017249310206,566233
793,9.0,400000,0.49059910001619134,567001,0.8293765165726654,0.0036100616897935347,567001
794,10.0,400000,0.4899061000161714,567771,0.7982067962552046,0.0032941052052131914,567771
795,6.0,400000,0.4893454000161553,568394,0.6787083064643951,0.003655798435328905,568394
796,6.0,400000,0.4887694000161387,569034,0.6737159480922855,0.003511034834718885,569034
797,10.0,400000,0.4880620000161184,569820,0.718019963258702,0.0030891354201031548,569820
798,11.0,400000,0.4872970000160964,570670,0.7277117588590173,0.0032467694037169328,570670
799,10.0,400000,0.4865950000160762,571450,0.8358629905069486,0.003266338358718293,571450
800,9.0,400000,0.4858885000160559,572235,0.7448767920967879,0.0031256803068937435,572235
801,6.0,400000,0.4853296000160398,572856,0.67451054048567,0.003134912709051656,572856
802,12.0,400000,0.48459340001601864,573674,0.8545924062433045,0.003163749604034215,573674
803,11.0,400000,0.4838860000159983,574460,0.7508218950063521,0.0032204709762044407,574460
804,6.0,400000,0.4833019000159815,575109,0.6825505846821472,0.003296045935084937,575109
805,11.0,400000,0.48259090001596106,575899,0.8140109111047998,0.003333901319891521,575899
806,9.0,400000,0.48189520001594105,576672,0.8087694256688152,0.0034381796054004116,576672
807,6.0,400000,0.4813228000159246,577308,0.6758631926803094,0.0035638195319202255,577308
808,10.0,400000,0.48061540001590425,578094,0.8310239833729868,0.003205286243578843,578094
809,12.0,400000,0.47988100001588313,578910,0.8447661925216808,0.003089589388407915,578910
810,12.0,400000,0.4791151000158611,579761,0.7655376283108277,0.00316702277093787,579761
811,11.0,400000,0.4783978000158405,580558,0.7859454080742905,0.0034499455401393463,580558
812,12.0,400000,0.4776256000158183,581416,0.7545030842467899,0.003159365837866851,581416
813,9.0,400000,0.47692180001579804,582198,0.8130643924369532,0.0033701330454915268,582198
814,10.0,400000,0.47623330001577824,582963,0.8202892917628382,0.0030769742593120515,582963
815,10.0,400000,0.475530400015758,583744,0.7966510397924657,0.0032289367344733636,583744
816,6.0,400000,0.474939100015741,584401,0.6621016883369268,0.0032361035407191254,584401
817,8.0,400000,0.4742389000157209,585179,0.8267978616920719,0.0030584742706705956,585179
818,8.0,400000,0.47355310001570117,585941,0.8246575247819029,0.003424827396268333,585941
819,6.0,400000,0.4729672000156843,586592,0.6610344174087689,0.003236821039952481,586592
820,6.0,400000,0.4723867000156676,587237,0.6853763293734817,0.0034899462412865904,587237
821,8.0,400000,0.4716874000156475,588014,0.8458171795809131,0.0031305175642285165,588014
822,6.0,400000,0.4711087000156309,588657,0.690962520788654,0.0032852349517154354,588657
823,12.0,400000,0.47040490001561064,589439,0.7943065571396247,0.0033777537480633242,589439
824,10.0,400000,0.46971370001559076,590207,0.810257693490712,0.0032794911793037804,590207
825,11.0,400000,0.46899100001557,591010,0.7725353612475199,0.0035176645892403746,591010
826,16.0,400000,0.4680937000155442,592007,0.9463797031846664,0.003275766433502707,592007
827,11.0,400000,0.46738270001552373,592797,0.7171961728813527,0.0033575952080700288,592797
828,16.0,400000,0.4665268000154991,593748,0.8870093933963751,0.0032868414494974323,593748
829,11.0,400000,0.46581850001547875,594535,0.7325220782087295,0.0034630456849476477,594535
830,6.0,400000,0.46524880001546237,595168,0.6702930848886617,0.0031069862617398238,595168
831,9.0,400000,0.4645585000154425,595935,0.8102964373812993,0.0031276436428044046,595935
832,6.0,400000,0.4639771000154258,596581,0.687118348645352,0.0032716007443594,596581
833,11.0,400000,0.46322740001540424,597414,0.830172850501065,0.0032903743797543126,597414
834,11.0,400000,0.4625416000153845,598176,0.7721751339127385,0.0030031931674257017,598176
835,6.0,400000,0.46197280001536817,598808,0.6840017382055521,0.0033600974833622984,598808
836,6.0,400000,0.4614031000153518,599441,0.776091987134721,0.003026877295663198,599441
837,12.0,400000,0.46068490001533113,600239,0.7841593136352704,0.0032237189384466177,600239
838,13.0,400000,0.4599460000153099,601060,0.866217750525068,0.003237105674951493,601060
839,10.0,400000,0.45923860001528954,601846,0.7506979538587517,0.003079644644550882,601846
840,11.0,400000,0.4585024000152684,602664,0.8408470479521017,0.00332959144833981,602664
841,11.0,400000,0.4577860000152478,603460,0.7593673234945865,0.003275774650858661,603460
842,12.0,400000,0.45704440001522645,604284,0.7879570885154518,0.0033795355966238947,604284
843,12.0,400000,0.4563082000152053,605102,0.8478770133991405,0.003256722595373312,605102
844,10.0,400000,0.45561160001518525,605876,0.8326423031107092,0.0033918586565233953,605876
845,10.0,400000,0.4549006000151648,606666,0.8541254274641411,0.0032723020488850158,606666
846,12.0,400000,0.454141900015143,607509,0.8640949267933802,0.003209495765125558,607509
847,6.0,400000,0.4535785000151268,608135,0.6852707613509493,0.003212711227023394,608135
848,11.0,400000,0.45287200001510647,608920,0.7498519487156989,0.0032422372488865544,608920
849,6.0,400000,0.4523203000150906,609533,0.6956981928566346,0.003152522637237617,609533
850,11.0,400000,0.45158050001506933,610355,0.7928075838353658,0.0032306795385272477,610355
851,12.0,400000,0.4508605000150486,611155,0.7456835126224906,0.003195758479851065,611155
852,6.0,400000,0.45028000001503193,611800,0.6933128126485403,0.0033573494006720796,611800
853,11.0,400000,0.44957170001501157,612587,0.7773009453920275,0.0030266909624581265,612587
854,11.0,400000,0.44886790001499133,613369,0.8739004343405099,0.003124347754993507,613369
855,6.0,400000,0.44829190001497476,614009,0.7014277182053774,0.003259082814793146,614009
856,11.0,400000,0.4475620000149538,614820,0.8692842176236882,0.003396715681146401,614820
857,6.0,400000,0.446977900014937,615469,0.7137864617335227,0.003461904624582502,615469
858,6.0,400000,0.4466170000149266,615870,0.828165952664361,0.0030006628184947428,615870
859,10.0,400000,0.4459069000149062,616659,0.9478095059952355,0.003257932606641869,616659
860,11.0,400000,0.44517610001488517,617471,0.8549684913177502,0.0033594842075553477,617471
861,9.0,400000,0.44447950001486514,618245,0.7679707005292716,0.003313450333758592,618245
862,11.0,400000,0.44373880001484384,619068,0.8354698032828757,0.0032968765288339036,619068
863,10.0,400000,0.4430215000148232,619865,0.8819950669442994,0.003264500277685533,619865
864,10.0,400000,0.442319500014803,620645,0.7729079878960664,0.0034175612753852666,620645
865,5.0,400000,0.4418461000147894,621171,0.7022885474245358,0.0032823970931991154,621171
866,11.0,400000,0.44112430001476866,621973,0.8190967660406581,0.0032567449400397112,621973
867,10.0,400000,0.44041060001474813,622766,0.8348235582268103,0.003239389882394504,622766
868,6.0,400000,0.43983460001473157,623406,0.6949719508294947,0.003149086651910693,623406
869,11.0,400000,0.4390777000147098,624247,0.8457335633060736,0.0031713209970503733,624247
870,9.0,400000,0.4383784000146897,625024,0.8399204246249131,0.0030633503778063316,625024
871,10.0,400000,0.43768540001466977,625794,0.9148466303170502,0.00320762156750009,625794
872,6.0,400000,0.4371193000146535,626423,0.7288789008943948,0.0032354398854598787,626423
873,11.0,400000,0.4364245000146335,627195,0.9039711661038466,0.0033273569125681513,627195
874,6.0,400000,0.4358359000146166,627849,0.6953913160351985,0.0030604254548093988,627849
875,10.0,400000,0.4351339000145964,628629,0.8161456333139003,0.0029274287210099806,628629
876,12.0,400000,0.4343968000145752,629448,0.8109908590277473,0.003229079508294848,629448
877,6.0,400000,0.43381810001455856,630091,0.7011704105148049,0.0032482494323200824,630091
878,5.0,400000,0.4334608000145483,630488,0.9006363655668062,0.0034400037185157595,630488
879,6.0,400000,0.43287220001453136,631142,0.7187599449757407,0.00324587264236715,631142
880,11.0,400000,0.4320811000145086,632021,0.7911068551386446,0.0033207147877395314,632021
881,10.0,400000,0.4313512000144876,632832,0.8930034500933752,0.003332579349519044,632832
882,12.0,400000,0.4306033000144661,633663,0.841149626360258,0.0033304519363593255,633663
883,15.0,400000,0.42972130001444075,634643,1.0545109307583498,0.003240066740307862,634643
884,11.0,400000,0.4290166000144205,635426,0.8771061852745626,0.003340015420058295,635426
885,12.0,400000,0.4282651000143989,636261,0.863732094447056,0.002875091161224768,636261
886,6.0,400000,0.4276990000143826,636890,0.7099913252674529,0.003364089015698792,636890
887,12.0,400000,0.42696370001436146,637707,0.8975135364650658,0.0033252309391393602,637707
888,12.0,400000,0.4262599000143412,638489,0.8055214359689399,0.003262659551113096,638489
889,4.0,400000,0.42590620001433105,638882,0.9660332426618377,0.0033463761937667074,638882
890,9.0,400000,0.42520690001431094,639659,0.8579893350371063,0.0033341348268621468,639659
891,11.0,400000,0.42447970001429003,640467,0.8027967555485297,0.0031568145264593635,640467
892,16.0,400000,0.4235995000142647,641445,0.9773718724160594,0.0032723163669868913,641445
893,12.0,400000,0.4228615000142435,642265,0.8041196447865265,0.0032904041049400027,642265
894,11.0,400000,0.42216130001422336,643043,0.8585552843838241,0.003177026878673689,643043
895,11.0,400000,0.4214323000142024,643853,0.8202237225609061,0.0033774938210155126,643853
896,7.0,400000,0.4207474000141827,644614,0.9767592213901051,0.0032235855981187452,644614
897,12.0,400000,0.42000130001416125,645443,0.8834228723684036,0.00298211128046917,645443
898,11.0,400000,0.4192903000141408,646233,0.7662107553568822,0.003169775168231653,646233
899,9.0,400000,0.4185937000141208,647007,0.8338220823719829,0.002971779288428815,647007
900,12.0,400000,0.4178611000140997,647821,0.8611911111660027,0.0034252455387537937,647821
901,6.0,400000,0.41727790001408294,648469,0.7197333052064534,0.003204919880200005,648469
902,6.0,400000,0.41670730001406653,649103,0.7100993241844493,0.0032389065533208407,649103
903,6.0,400000,0.41614750001405043,649725,0.7391346857622505,0.0030690668481780166,649725
904,13.0,400000,0.41541400001402934,650540,0.8598962679048258,0.0030784095377886975,650540
905,12.0,400000,0.41470570001400897,651327,0.8219590033990304,0.0030536970965958613,651327
906,5.0,400000,0.41422870001399525,651857,0.7325649612635936,0.003098489106841438,651857
907,12.0,400000,0.41346280001397323,652708,0.8529533217502396,0.0029814372481228335,652708
908,12.0,400000,0.4126960000139512,653560,0.8182799761214167,0.0030000522475035975,653560
909,6.0,400000,0.41211730001393454,654203,0.7048112899296762,0.003293234477492055,654203
910,6.0,400000,0.411542200013918,654842,0.7226394988328265,0.0031453172295683694,654842
911,10.0,400000,0.41083480001389766,655628,0.8648032958195107,0.0030674069699999857,655628
912,11.0,400000,0.41013820001387763,656402,0.8884350402372136,0.0029276203264037713,656402
913,12.0,400000,0.40940830001385664,657213,0.8726477299055542,0.003043876706547036,657213
914,12.0,400000,0.40865770001383506,658047,0.8040332985903433,0.002914236239611972,658047
915,6.0,400000,0.4080961000138189,658671,0.7562929975370375,0.0031411225618984853,658671
916,12.0,400000,0.407369800013798,659478,0.8025368820538898,0.0030546912974594312,659478
917,10.0,400000,0.4066588000137776,660268,0.7497840203627756,0.0030789603307899206,660268
918,12.0,400000,0.4059118000137561,661098,0.8712411243154342,0.003294826576244984,661098
919,8.0,400000,0.405212500013736,661875,0.9323987565560691,0.0030911762949511973,661875
920,9.0,400000,0.4045114000137158,662654,0.8555511200898572,0.0031578398680040046,662654
921,11.0,400000,0.40375360001369404,663496,0.829822642750808,0.0031302368519728176,663496
922,9.0,400000,0.403056100013674,664271,0.8416154417684001,0.0030543853427028103,664271
923,6.0,400000,0.4024621000136569,664931,0.6914189953582757,0.0034546447023537687,664931
924,12.0,400000,0.40173040001363586,665744,0.7921215548634822,0.0032751560698214377,665744
925,11.0,400000,0.40098610001361445,666571,0.8186109731967101,0.0033154393147698017,666571
926,11.0,400000,0.4002643000135937,667373,0.8756100376162148,0.002815994101233503,667373
927,11.0,400000,0.3995650000135736,668150,0.8781237245718331,0.003315989528097958,668150
928,11.0,400000,0.39881980001355216,668978,0.8338174162531532,0.0028918965601608055,668978
929,11.0,400000,0.39811420001353187,669762,0.8610779747690017,0.002892227061906573,669762
930,6.0,400000,0.39754360001351546,670396,0.7310106296809126,0.0029363374770734656,670396
931,9.0,400000,0.39683710001349515,671181,0.7947715752064043,0.0031022842365070868,671181
932,12.0,400000,0.3960973000134739,672003,0.8703176600183303,0.003092797615370201,672003
933,11.0,400000,0.3953503000134524,672833,0.8925216832613371,0.002876596118489011,672833
934,11.0,400000,0.39464650001343216,673615,0.8155906947848894,0.0032004960030323263,673615
935,11.0,400000,0.3939211000134113,674421,0.844876980959038,0.0028675526707000144,674421
936,10.0,400000,0.39323800001339165,675180,0.8694787826953512,0.0029293529956614752,675180
937,11.0,400000,0.39250360001337053,675996,0.8855608084293849,0.0029176500840335127,675996
938,11.0,400000,0.3917800000133497,676800,0.8700345122714096,0.0031829122667500877,676800
939,11.0,400000,0.3910519000133288,677609,0.8274653742391482,0.0031490092000930384,677609
940,11.0,400000,0.390295000013307,678450,0.8487873751311324,0.0031824982183842557,678450
941,12.0,400000,0.3895804000132865,679244,0.8904851617324412,0.003221856053637532,679244
942,6.0,400000,0.389216800013276,679648,0.8641208083470269,0.002739381724792777,679648
943,10.0,400000,0.38849770001325534,680447,0.8983305981930565,0.0031340286781931545,680447
944,12.0,400000,0.3877687000132344,681257,0.8657454585863484,0.003044798238638409,681257
945,10.0,400000,0.38705770001321393,682047,0.8221411175365689,0.0031183841400278757,682047
946,12.0,400000,0.3863152000131926,682872,0.9168186940388247,0.0030772288610354404,682872
947,12.0,400000,0.3855367000131702,683737,0.8694827911137156,0.0029647781004566655,683737
948,9.0,400000,0.38483200001314993,684520,0.791281856777263,0.002815030170222483,684520
949,11.0,400000,0.38413720001312995,685292,0.8457379780729045,0.0029040072826168575,685292
950,8.0,400000,0.3835378000131127,685958,0.7377498674768586,0.0027122709989025433,685958
951,10.0,400000,0.38281870001309204,686757,0.791555262915557,0.0030273721119268297,686757
952,12.0,400000,0.382086100013071,687571,0.8697621150248906,0.002823629861020229,687571
953,10.0,400000,0.38138320001305076,688352,0.8588768951642528,0.0028499313610226987,688352
954,11.0,400000,0.3806308000130291,689188,0.9191073074883394,0.0030361186372785736,689188
955,10.0,400000,0.3799144000130085,689984,0.8286434549033342,0.0029232091018543977,689984
956,12.0,400000,0.3791971000129879,690781,0.8423149119805512,0.0030370737803054665,690781
957,11.0,400000,0.3784780000129672,691580,0.711831034479362,0.002912988119994119,691580
958,5.0,400000,0.3781126000129567,691986,0.8409812462153693,0.003056682351795415,691986
959,6.0,400000,0.3775132000129395,692652,0.7235486777583221,0.00324029787696161,692652
960,10.0,400000,0.3767761000129183,693471,0.8914448470968903,0.003009295792509921,693471
961,7.0,400000,0.37624240001290293,694064,0.6907735880319827,0.002932912727645528,694064
962,6.0,400000,0.37566280001288627,694708,0.7067396772666747,0.0027714054830093406,694708
963,11.0,400000,0.3749410000128655,695510,0.8359811343345559,0.0026298007113726095,695510
964,12.0,400000,0.3742318000128451,696298,0.7896769348683242,0.0029091302213938033,696298
965,12.0,400000,0.373531600012825,697076,0.8565321401585191,0.0028026857244489467,697076
966,12.0,400000,0.3727711000128031,697921,0.7707271079692615,0.002918737524632673,697921
967,10.0,400000,0.37205560001278254,698716,0.8197723688007151,0.003026959089285536,698716
968,11.0,400000,0.3713491000127622,699501,0.8549002166956093,0.0028054081482640734,699501
969,11.0,400000,0.37062370001274136,700307,0.8552799364990987,0.0029526147932922306,700307
970,6.0,400000,0.37000450001272356,700995,0.6732609248503523,0.0030222342184272346,700995
971,6.0,400000,0.36937180001270536,701698,0.704575473593699,0.00287620735143667,701698
972,11.0,400000,0.3686599000126849,702489,0.9236480591043962,0.0032717847948120944,702489
973,10.0,400000,0.3679408000126642,703288,0.8444206245681819,0.003064597992651419,703288
974,11.0,400000,0.3672316000126438,704076,0.8998198361906606,0.002742248360333677,704076
975,14.0,400000,0.36625510001261574,705161,1.015645896028813,0.002881409729010649,705161
976,11.0,400000,0.36556660001259594,705926,0.8006380973201171,0.0031966130148004617,705926
977,10.0,400000,0.3648547000125755,706717,0.8706800476677349,0.003072214742896398,706717
978,11.0,400000,0.36414100001255495,707510,0.8279227864227409,0.0030345971699969076,707510
979,9.0,400000,0.36345250001253515,708275,0.8882359037991443,0.003064725842909717,708275
980,10.0,400000,0.36273970001251465,709067,0.7866461189332032,0.0028718564222395392,709067
981,11.0,400000,0.36200530001249354,709883,0.8778235976419905,0.0030636044768078707,709883
982,5.0,400000,0.3616363000124829,710293,0.8706850554521491,0.0031367127186613065,710293
983,12.0,400000,0.3608875000124614,711125,0.8792360582603858,0.0030007375081158197,711125
984,10.0,400000,0.360179200012441,711912,0.8860099936682811,0.0029882102469143573,711912
985,10.0,400000,0.35946730001242055,712703,0.8570795936130844,0.002935357576317958,712703
986,5.0,400000,0.3591046000124101,713106,0.8775686408131945,0.0027915568261554064,713106
987,12.0,400000,0.3583657000123889,713927,0.9068909382921769,0.002841880766755133,713927
988,12.0,400000,0.3576124000123672,714764,0.8936748553864132,0.0028759741193297504,714764
989,5.0,400000,0.3572470000123567,715170,0.8702977463382805,0.0032193856955399242,715170
990,12.0,400000,0.3565099000123355,715989,0.9271363979512519,0.002813530925013721,715989
991,12.0,400000,0.3557449000123135,716839,0.899333054440863,0.0028631812903126153,716839
992,10.0,400000,0.35503030001229297,717633,0.9102621138170924,0.002815016388051682,717633
993,13.0,400000,0.35429590001227185,718449,0.9282227504961923,0.003044992755901915,718449
994,10.0,400000,0.3535912000122516,719232,0.8839919824976269,0.003105837186872198,719232
995,9.0,400000,0.35288470001223127,720017,0.860915449451489,0.0028630763582053304,720017
996,7.0,400000,0.3523231000122151,720641,0.8349201319357141,0.0031532069058299293,720641
997,11.0,400000,0.35155270001219296,721497,0.8783699529785141,0.0030692873363044205,721497
998,7.0,400000,0.3509731000121763,722141,0.7819617664360482,0.0032982580932359768,722141
999,12.0,400000,0.35022430001215477,722973,0.8473310028740133,0.0028301442488415118,722973
1000,6.0,400000,0.3496555000121384,723605,0.7770299425560839,0.0030561031516863524,723605
Date/Time End,2019-02-24 04:52:04.122787
