Date/Time Start,2019-03-16 14:53:24.219533
EPISODES,BATCH_SIZE,GAMMA,NO_OP_STEPS,LEARNING_RATE,MIN_GRAD
1001,32,0.99,30,0.0005,0.01
Episode,Score,Mem Lenght,Epsilon,Global Step,Average_q,Average_Loss,Frames
0,2.0,187,1.0,187,0.048114764379626286,0.0,187
1,2.0,349,1.0,349,0.04800674066315463,0.0,349
2,2.0,514,1.0,514,0.047719280670086545,0.0,514
3,3.0,729,1.0,729,0.04879775537654411,0.0,729
4,5.0,1053,0.9999523000000016,1053,0.04518660436740812,0.0010024475703984434,1053
5,5.0,1379,0.9996589000000112,1379,0.042606658587929294,0.006513629549470999,1379
6,3.0,1607,0.999453700000018,1607,0.04498948686217007,0.00752967163353197,1607
7,1.0,1744,0.999330400000022,1744,0.045392921656696464,0.006794363800017758,1744
8,5.0,2062,0.9990442000000315,2062,0.04387442316016499,0.007205375559054078,2062
9,5.0,2377,0.9987607000000408,2377,0.04412392224111254,0.006923173890956807,2377
10,2.0,2559,0.9985969000000462,2559,0.04451866893118227,0.0075659287178875805,2559
11,6.0,2907,0.9982837000000565,2907,0.042215502997539164,0.006395976738235993,2907
12,4.0,3168,0.9980488000000642,3168,0.04864886976864146,0.007624787597500423,3168
13,2.0,3353,0.9978823000000697,3353,0.04402883934813577,0.0074287311007808325,3353
14,3.0,3572,0.9976852000000762,3572,0.04382553954340824,0.007662848493320996,3572
15,4.0,3859,0.9974269000000847,3859,0.037751831114292145,0.005829716242732651,3859
16,5.0,4153,0.9971623000000934,4153,0.041184241104186795,0.006973266201613751,4153
17,0.0,4277,0.9970507000000971,4277,0.04049948248411379,0.0059619501298877895,4277
18,2.0,4442,0.996902200000102,4442,0.044501060552217746,0.0068935526776344475,4442
19,6.0,4812,0.996569200000113,4812,0.0409304678440094,0.007232237373790594,4812
20,5.0,5128,0.9962848000001223,5128,0.04018993807744376,0.006680781045412879,5128
21,2.0,5320,0.996112000000128,5320,0.04621922738927727,0.006504032534242772,5320
22,3.0,5510,0.9959410000001336,5510,0.038999354800111366,0.006410762984638782,5510
23,0.0,5629,0.9958339000001372,5629,0.04104501805698671,0.005325779575073016,5629
24,3.0,5820,0.9956620000001428,5820,0.04328089481443947,0.006580517007052016,5820
25,3.0,6061,0.99544510000015,6061,0.04155991789092661,0.006829836352798832,6061
26,2.0,6243,0.9952813000001554,6243,0.03978853874358829,0.005855131376537739,6243
27,2.0,6400,0.99514000000016,6400,0.042753479437558514,0.008599452010330308,6400
28,3.0,6613,0.9949483000001663,6613,0.039500408941451376,0.006288131400318709,6613
29,1.0,6763,0.9948133000001708,6763,0.0498617409914732,0.007888666517998596,6763
30,3.0,6995,0.9946045000001776,6995,0.04298992840380504,0.006621164772053001,6995
31,1.0,7139,0.9944749000001819,7139,0.042984260078002184,0.00808521151587153,7139
32,3.0,7360,0.9942760000001885,7360,0.03925815450524852,0.006532738773855202,7360
33,6.0,7722,0.9939502000001992,7722,0.043109632184656944,0.006615113861135992,7722
34,4.0,7972,0.9937252000002066,7972,0.045355217091739175,0.0069913571665092605,7972
35,0.0,8081,0.9936271000002098,8081,0.0429653725287783,0.006904645433378141,8081
36,3.0,8296,0.9934336000002162,8296,0.041224262889388,0.006498372924346937,8296
37,2.0,8483,0.9932653000002217,8483,0.03872982596849057,0.005593512811962055,8483
38,2.0,8660,0.993106000000227,8660,0.04077973669279093,0.006932145363106876,8660
39,4.0,8912,0.9928792000002344,8912,0.04040935490694311,0.006276760973977371,8912
40,1.0,9074,0.9927334000002392,9074,0.04173198763143133,0.0060549968236528785,9074
41,1.0,9199,0.992620900000243,9199,0.039095150128006934,0.00481017939105368,9199
42,2.0,9391,0.9924481000002486,9391,0.03645951246532301,0.005539652913190214,9391
43,1.0,9533,0.9923203000002528,9533,0.038991714775247474,0.006083749810322459,9533
44,5.0,9811,0.9920701000002611,9811,0.04089169385809478,0.006462646075227593,9811
45,0.0,9909,0.991981900000264,9909,0.04126550088047373,0.006721976161631518,9909
46,1.0,10046,0.991858600000268,10046,0.04186343252115006,0.005738093371665476,10046
47,2.0,10232,0.9916912000002736,10232,0.05780293177613007,0.005984541528705841,10232
48,1.0,10377,0.9915607000002779,10377,0.05727088728855396,0.0060721306975241975,10377
49,4.0,10648,0.9913168000002859,10648,0.06018146245681932,0.006379658371424672,10648
50,1.0,10789,0.9911899000002901,10789,0.05850478462505002,0.006224222380380705,10789
51,3.0,11004,0.9909964000002964,11004,0.0589075562739095,0.007014864133241137,11004
52,1.0,11150,0.9908650000003008,11150,0.06036572247641544,0.0065429041453968885,11150
53,0.0,11257,0.9907687000003039,11257,0.05643008503122864,0.006365246765029118,11257
54,2.0,11417,0.9906247000003087,11417,0.0578146664891392,0.006430299536168605,11417
55,1.0,11573,0.9904843000003133,11573,0.05929701355023262,0.006908641265745712,11573
56,5.0,11858,0.9902278000003217,11858,0.05864851332285948,0.006167206418123035,11858
57,1.0,12015,0.9900865000003264,12015,0.06151611566733403,0.007153278432379938,12015
58,2.0,12176,0.9899416000003312,12176,0.06001203474791154,0.006870736499103321,12176
59,4.0,12422,0.9897202000003384,12422,0.05723776020170227,0.006382583719309102,12422
60,4.0,12720,0.9894520000003473,12720,0.05510190373049086,0.005948225677393139,12720
61,3.0,12928,0.9892648000003534,12928,0.0549359223447167,0.007021959903865466,12928
62,2.0,13105,0.9891055000003587,13105,0.05717001907990477,0.006105346263047258,13105
63,2.0,13309,0.9889219000003647,13309,0.05386600091907324,0.006039733892062121,13309
64,1.0,13434,0.9888094000003684,13434,0.05842236444354057,0.006142235007690033,13434
65,1.0,13586,0.9886726000003729,13586,0.057840124140248486,0.006460755339419752,13586
66,2.0,13756,0.988519600000378,13756,0.06311777810401777,0.007036648726438323,13756
67,1.0,13883,0.9884053000003817,13883,0.05243695175319206,0.004520330881788377,13883
68,4.0,14130,0.9881830000003891,14130,0.053628204971069265,0.0064638703256513315,14130
69,6.0,14502,0.9878482000004001,14502,0.05342694789531731,0.0065675101155960956,14502
70,3.0,14727,0.9876457000004067,14727,0.053541404224104354,0.00588692575914643,14727
71,2.0,14942,0.9874522000004131,14942,0.06040205700799476,0.0069638196051528215,14942
72,2.0,15112,0.9872992000004182,15112,0.058583510864306895,0.005977251908895115,15112
73,4.0,15393,0.9870463000004265,15393,0.05775324883622207,0.006588376752132526,15393
74,4.0,15681,0.986787100000435,15681,0.057760714941347636,0.005865588280332506,15681
75,0.0,15803,0.9866773000004386,15803,0.06284285581014196,0.007016173218856193,15803
76,6.0,16163,0.9863533000004493,16163,0.05174192569942938,0.00538396659688058,16163
77,2.0,16316,0.9862156000004538,16316,0.05522243797876476,0.006714343279015214,16316
78,2.0,16492,0.986057200000459,16492,0.0591454376805235,0.007039573767459925,16492
79,5.0,16816,0.9857656000004686,16816,0.05607921193227356,0.006014002584761104,16816
80,6.0,17153,0.9854623000004786,17153,0.055366612307572574,0.005700624508299316,17153
81,2.0,17363,0.9852733000004849,17363,0.05870908802109105,0.0074979332734073974,17363
82,9.0,17885,0.9848035000005003,17885,0.057504283342781654,0.006752551786574335,17885
83,2.0,18053,0.9846523000005053,18053,0.05855350054445721,0.006806955058393561,18053
84,2.0,18221,0.9845011000005103,18221,0.059344640955151545,0.006791553510105413,18221
85,2.0,18387,0.9843517000005152,18387,0.05964663164712578,0.0066140462806003365,18387
86,6.0,18729,0.9840439000005253,18729,0.05313466451190717,0.005951273478147637,18729
87,6.0,19110,0.9837010000005366,19110,0.05512916202854922,0.006297749869558356,19110
88,3.0,19324,0.983508400000543,19324,0.05601328068247465,0.006549518124166268,19324
89,1.0,19463,0.9833833000005471,19463,0.05715677755878126,0.005267482962245339,19463
90,1.0,19600,0.9832600000005511,19600,0.05467727182120302,0.005465860925015762,19600
91,3.0,19830,0.983053000000558,19830,0.05921895103934018,0.006548227407098318,19830
92,2.0,20009,0.9828919000005633,20009,0.055758647724736335,0.004811502864080538,20009
93,5.0,20339,0.982594900000573,20339,0.08245373491310712,0.00621652301140123,20339
94,4.0,20586,0.9823726000005804,20586,0.07645796518395787,0.004886146821856366,20586
95,3.0,20821,0.9821611000005873,20821,0.08283877648571704,0.006672724686436692,20821
96,4.0,21159,0.9818569000005973,21159,0.08749205392052437,0.006452615345002823,21159
97,3.0,21371,0.9816661000006036,21371,0.08258343603954,0.006728950072153205,21371
98,4.0,21648,0.9814168000006118,21648,0.08265460508502348,0.0074573993260264775,21648
99,3.0,21880,0.9812080000006187,21880,0.08637766655662964,0.0067300047035995045,21880
100,4.0,22153,0.9809623000006268,22153,0.08077650312538985,0.007173362526439869,22153
101,5.0,22461,0.9806851000006359,22461,0.08519108484608012,0.006997268338999994,22461
102,2.0,22667,0.980499700000642,22667,0.08654163987601846,0.005970282506319404,22667
103,1.0,22815,0.9803665000006464,22815,0.08913006608349246,0.006839756122478837,22815
104,4.0,23081,0.9801271000006543,23081,0.08337425040011119,0.005909300940819455,23081
105,4.0,23355,0.9798805000006624,23355,0.08949856691225602,0.007115146200333643,23355
106,4.0,23585,0.9796735000006692,23585,0.08535907482323439,0.005504083263416681,23585
107,0.0,23691,0.9795781000006724,23691,0.0852380502477007,0.00690804958386887,23691
108,3.0,23909,0.9793819000006788,23909,0.08789245681751759,0.007039086077475911,23909
109,1.0,24067,0.9792397000006835,24067,0.08268117673600776,0.006449726314241172,24067
110,0.0,24166,0.9791506000006864,24166,0.09053871374238621,0.0065533798110985605,24166
111,2.0,24340,0.9789940000006916,24340,0.0841860138736237,0.006648575958259808,24340
112,2.0,24510,0.9788410000006966,24510,0.08304464080754448,0.006271557193009786,24510
113,1.0,24653,0.9787123000007009,24653,0.08213707528539471,0.005230227707203098,24653
114,6.0,25016,0.9783856000007116,25016,0.07824764735278347,0.006049212242411139,25016
115,2.0,25184,0.9782344000007166,25184,0.08347483143387806,0.006620044730490398,25184
116,1.0,25320,0.9781120000007206,25320,0.08569178423460792,0.0059723668501539895,25320
117,5.0,25633,0.9778303000007299,25633,0.08303876749623698,0.005687791147677878,25633
118,0.0,25739,0.977734900000733,25739,0.08504027542921733,0.0050476530047816135,25739
119,4.0,26024,0.9774784000007415,26024,0.0877859301472965,0.006944927972475406,26024
120,4.0,26282,0.9772462000007491,26282,0.0841395984613156,0.006735624063529298,26282
121,1.0,26447,0.977097700000754,26447,0.0897788284402905,0.00613433371031671,26447
122,3.0,26657,0.9769087000007602,26657,0.0825113072281792,0.0055968765317066715,26657
123,3.0,26903,0.9766873000007675,26903,0.09101439112933671,0.007156818925046182,26903
124,3.0,27110,0.9765010000007737,27110,0.07681911363117937,0.004931096258434007,27110
125,6.0,27443,0.9762013000007835,27443,0.08200340807527393,0.005620030629586552,27443
126,2.0,27627,0.976035700000789,27627,0.08525910374263058,0.005353922750729274,27627
127,2.0,27796,0.975883600000794,27796,0.08186545364073748,0.0057931573482751415,27796
128,3.0,28007,0.9756937000008002,28007,0.07573748867234913,0.005584629207561016,28007
129,1.0,28145,0.9755695000008043,28145,0.08275414053080739,0.005762811526793761,28145
130,3.0,28375,0.9753625000008112,28375,0.08111892216231512,0.005451380558809868,28375
131,3.0,28588,0.9751708000008175,28588,0.08676864752467249,0.0076589342229944945,28588
132,3.0,28842,0.974942200000825,28842,0.09046416424625502,0.006533509747903622,28842
133,6.0,29206,0.9746146000008358,29206,0.07613562529517727,0.005120002652252519,29206
134,1.0,29336,0.9744976000008396,29336,0.08268666313244746,0.0067075703996754155,29336
135,1.0,29483,0.974365300000844,29483,0.08308099245741254,0.005599172889801872,29483
136,1.0,29642,0.9742222000008487,29642,0.08549190589092062,0.0061701305676995265,29642
137,2.0,29830,0.9740530000008543,29830,0.07705873972240915,0.005248130998997441,29830
138,5.0,30166,0.9737506000008642,30166,0.09714776638983971,0.006121903380195211,30166
139,2.0,30339,0.9735949000008693,30339,0.10315393863213544,0.006962446181668084,30339
140,5.0,30644,0.9733204000008784,30644,0.09950169327317691,0.006332077751113636,30644
141,3.0,30846,0.9731386000008844,30846,0.10153340592537777,0.006933833726386841,30846
142,1.0,30982,0.9730162000008884,30982,0.10400009330581217,0.006179886011750568,30982
143,1.0,31142,0.9728722000008931,31142,0.10167110157199204,0.007088261446324395,31142
144,4.0,31402,0.9726382000009008,31402,0.10414005970725647,0.006479932870262509,31402
145,2.0,31568,0.9724888000009058,31568,0.09884138136024935,0.0059962037363023345,31568
146,5.0,31865,0.9722215000009146,31865,0.10393212738161536,0.0053944068914623545,31865
147,4.0,32105,0.9720055000009217,32105,0.09651544227575262,0.007140142117881017,32105
148,1.0,32245,0.9718795000009258,32245,0.09917771151023251,0.005219550415027438,32245
149,1.0,32365,0.9717715000009294,32365,0.10479006531337896,0.006315075300426543,32365
150,1.0,32498,0.9716518000009333,32498,0.09244578242077864,0.004861226056273427,32498
151,4.0,32745,0.9714295000009406,32745,0.09350795356126931,0.006230909168042256,32745
152,3.0,32973,0.9712243000009474,32973,0.10380346759369499,0.005357950607376232,32973
153,3.0,33182,0.9710362000009536,33182,0.10515305389200101,0.006828054543415567,33182
154,1.0,33316,0.9709156000009576,33316,0.1043934162094522,0.00593101757368092,33316
155,2.0,33481,0.9707671000009624,33481,0.09980223562681313,0.0055671729306513125,33481
156,2.0,33651,0.9706141000009675,33651,0.0971964270753019,0.0056165679506461055,33651
157,3.0,33874,0.9704134000009741,33874,0.1004509728385194,0.006056063703590757,33874
158,1.0,34025,0.9702775000009786,34025,0.10871367664723997,0.007610043849295317,34025
159,1.0,34175,0.970142500000983,34175,0.10117712651689847,0.006372257706813495,34175
160,3.0,34393,0.9699463000009895,34393,0.10700807976750058,0.00606193525333907,34393
161,2.0,34592,0.9697672000009954,34592,0.1008655220345037,0.005519909354390721,34592
162,2.0,34754,0.9696214000010002,34754,0.10022767513622473,0.0059461409904610334,34754
163,3.0,34962,0.9694342000010063,34962,0.09403216992863096,0.005516663983458924,34962
164,3.0,35162,0.9692542000010123,35162,0.0999928205832839,0.006160543103487725,35162
165,3.0,35376,0.9690616000010186,35376,0.09756498153660899,0.0046244195835276865,35376
166,3.0,35588,0.9688708000010249,35588,0.10686003258627541,0.006118694148718309,35588
167,7.0,35977,0.9685207000010364,35977,0.10298172148916593,0.004889348369480106,35977
168,4.0,36232,0.968291200001044,36232,0.09059032752525573,0.006064709633895237,36232
169,2.0,36425,0.9681175000010497,36425,0.09700412743295413,0.0058765570153804965,36425
170,2.0,36634,0.9679294000010559,36634,0.1068851688618295,0.005428925545987604,36634
171,4.0,36870,0.9677170000010629,36870,0.09784723294235892,0.005325565708324698,36870
172,4.0,37111,0.96750010000107,37111,0.10610773630780303,0.005234465501945044,37111
173,2.0,37283,0.9673453000010751,37283,0.0952381243019603,0.005647350312449626,37283
174,2.0,37448,0.96719680000108,37448,0.10343614491549405,0.005896179988408359,37448
175,1.0,37597,0.9670627000010844,37597,0.10427391224059483,0.005653199629735861,37597
176,3.0,37815,0.9668665000010909,37815,0.11006947261614537,0.005849641436041299,37815
177,5.0,38180,0.9665380000011017,38180,0.10480629914019206,0.005242831949816382,38180
178,2.0,38360,0.966376000001107,38360,0.10677604994012249,0.005127876147667444,38360
179,3.0,38588,0.9661708000011138,38588,0.09751437104454166,0.00521530469153444,38588
180,2.0,38755,0.9660205000011187,38755,0.10645166101926815,0.004927369997351992,38755
181,1.0,38891,0.9658981000011228,38891,0.1020834766985739,0.004486882047103791,38891
182,2.0,39062,0.9657442000011278,39062,0.09769648980153234,0.0048673844478038285,39062
183,4.0,39397,0.9654427000011377,39397,0.1082605857680093,0.004678448773304794,39397
184,3.0,39616,0.9652456000011442,39616,0.09599652287622565,0.005480629381619114,39616
185,1.0,39750,0.9651250000011482,39750,0.10964833505785287,0.004847472969706713,39750
186,2.0,39918,0.9649738000011532,39918,0.09795124185759396,0.004344470357019807,39918
187,3.0,40135,0.9647785000011596,40135,0.11595467673743376,0.0061018357938517655,40135
188,3.0,40334,0.9645994000011655,40334,0.1265163044234616,0.005740713027286011,40334
189,0.0,40432,0.9645112000011684,40432,0.13629705329634706,0.00539275632229187,40432
190,4.0,40698,0.9642718000011763,40698,0.13490971866855048,0.005508196923669071,40698
191,6.0,41041,0.9639631000011865,41041,0.12067903747711516,0.00549520621585416,41041
192,1.0,41172,0.9638452000011903,41172,0.13554073403809816,0.0048254404121139865,41172
193,5.0,41468,0.9635788000011991,41468,0.1221672535143994,0.005037725980904774,41468
194,3.0,41687,0.9633817000012056,41687,0.1344665269873458,0.005038043133849087,41687
195,1.0,41827,0.9632557000012097,41827,0.13781446798571517,0.005427367354267128,41827
196,1.0,41985,0.9631135000012144,41985,0.11253715235787103,0.004472532499825826,41985
197,1.0,42112,0.9629992000012182,42112,0.13596569347803986,0.004782058077587748,42112
198,1.0,42253,0.9628723000012224,42253,0.13179192766018794,0.005438195149166962,42253
199,3.0,42467,0.9626797000012287,42467,0.12913189685651075,0.00458454228405189,42467
200,2.0,42642,0.9625222000012339,42642,0.12852448880672454,0.004486403199220409,42642
201,3.0,42835,0.9623485000012396,42835,0.13504507913799482,0.003722273499333635,42835
202,1.0,42961,0.9622351000012433,42961,0.12411861180786103,0.004729034937294533,42961
203,1.0,43107,0.9621037000012477,43107,0.13705700595084935,0.004965193816295216,43107
204,0.0,43207,0.9620137000012506,43207,0.12586511924862862,0.0034872065853414824,43207
205,3.0,43429,0.9618139000012572,43429,0.13754865245239153,0.004501050744816107,43429
206,1.0,43571,0.9616861000012614,43571,0.12802339271760324,0.004449103638506412,43571
207,3.0,43792,0.961487200001268,43792,0.12590806026062276,0.00439773231143726,43792
208,2.0,43956,0.9613396000012728,43956,0.12792982937904393,0.003369864619810137,43956
209,3.0,44152,0.9611632000012786,44152,0.14271853229373085,0.004244338883669412,44152
210,2.0,44323,0.9610093000012837,44323,0.12345936619921734,0.003464689261148267,44323
211,3.0,44509,0.9608419000012892,44509,0.13959442135146868,0.0038963943520048884,44509
212,2.0,44706,0.960664600001295,44706,0.11829760417266545,0.003819869509326391,44706
213,2.0,44896,0.9604936000013007,44896,0.12287735766486117,0.004618176417620577,44896
214,1.0,45043,0.960361300001305,45043,0.13832111986113244,0.0050738288920082085,45043
215,1.0,45193,0.9602263000013095,45193,0.11375227540731431,0.0033255745470281302,45193
216,2.0,45359,0.9600769000013144,45359,0.1389460256211011,0.00412131837127886,45359
217,4.0,45638,0.9598258000013227,45638,0.12932932208622655,0.003928838982942596,45638
218,2.0,45821,0.9596611000013281,45821,0.13182463220071272,0.003697968522600271,45821
219,0.0,45924,0.9595684000013311,45924,0.12617807763004765,0.005364122361075291,45924
220,2.0,46086,0.959422600001336,46086,0.13035937936769593,0.0034225959680492294,46086
221,3.0,46323,0.959209300001343,46323,0.12343613551890296,0.0029606521297538485,46323
222,2.0,46490,0.9590590000013479,46490,0.13682788115240144,0.0037133966762846835,46490
223,1.0,46614,0.9589474000013516,46614,0.1372402518867485,0.0032920618516894345,46614
224,4.0,46859,0.9587269000013589,46859,0.1263899817758677,0.003480422508095662,46859
225,2.0,47051,0.9585541000013645,47051,0.1316934903152287,0.003901097911409579,47051
226,4.0,47315,0.9583165000013724,47315,0.13589187299437594,0.003981635258352264,47315
227,2.0,47492,0.9581572000013776,47492,0.12632174781486813,0.0034853128719761492,47492
228,2.0,47707,0.957963700001384,47707,0.12378103861282039,0.0034601981931658417,47707
229,1.0,47882,0.9578062000013892,47882,0.11892232490437371,0.003093859019448116,47882
230,1.0,48033,0.9576703000013936,48033,0.11495289403871195,0.00376911283911488,48033
231,2.0,48190,0.9575290000013983,48190,0.1383538703629925,0.003817079714593955,48190
232,3.0,48407,0.9573337000014047,48407,0.1263171595774488,0.003004326324841927,48407
233,1.0,48552,0.957203200001409,48552,0.1342647277589502,0.003388791509270708,48552
234,1.0,48706,0.9570646000014136,48706,0.12324276789055243,0.003512391943319938,48706
235,2.0,48878,0.9569098000014187,48878,0.12246742112518744,0.00256040100250471,48878
236,4.0,49130,0.9566830000014261,49130,0.12894075981799571,0.0028884846220997074,49130
237,2.0,49285,0.9565435000014307,49285,0.13499131738658873,0.0027474622587643324,49285
238,2.0,49441,0.9564031000014354,49441,0.1343686201920112,0.0037104219457269674,49441
239,3.0,49675,0.9561925000014423,49675,0.117925158677957,0.003752658332620126,49675
240,1.0,49823,0.9560593000014467,49823,0.12412545054748252,0.0031017971500782674,49823
241,0.0,49944,0.9559504000014503,49944,0.1158937977488376,0.0022305148758435785,49944
242,2.0,50108,0.9558028000014551,50108,0.16334561140435497,0.0037813859417150436,50108
243,4.0,50362,0.9555742000014626,50362,0.169079415764161,0.004666030054440351,50362
244,1.0,50517,0.9554347000014672,50517,0.16004956042574298,0.004022596397220285,50517
245,1.0,50642,0.955322200001471,50642,0.1708635202050209,0.003479372096422594,50642
246,2.0,50851,0.9551341000014771,50851,0.15948176523002142,0.0041600775141291246,50851
247,1.0,50977,0.9550207000014809,50977,0.15402385899944912,0.0026423517144379847,50977
248,6.0,51355,0.9546805000014921,51355,0.1511779424768907,0.0031705546720062288,51355
249,3.0,51553,0.9545023000014979,51553,0.16710556787673872,0.0035237925885024135,51553
250,5.0,51888,0.9542008000015079,51888,0.1504652023537835,0.0024675131803348054,51888
251,3.0,52119,0.9539929000015147,52119,0.14414224673659254,0.003912808452172832,52119
252,2.0,52317,0.9538147000015206,52317,0.1440014737197245,0.002253853695285877,52317
253,4.0,52587,0.9535717000015286,52587,0.14858634372552235,0.003565671532784041,52587
254,1.0,52710,0.9534610000015322,52710,0.156574897831533,0.0032475359164492127,52710
255,4.0,52968,0.9532288000015399,52968,0.1626981717729291,0.002662142342893459,52968
256,4.0,53220,0.9530020000015473,53220,0.16855295463686898,0.0029641554250961883,53220
257,9.0,53696,0.9525736000015614,53696,0.1707498635314092,0.0032248730406864838,53696
258,1.0,53820,0.9524620000015651,53820,0.16846725290581102,0.0032601665681150117,53820
259,0.0,53926,0.9523666000015683,53926,0.14577546575159397,0.0031563971204823763,53926
260,3.0,54149,0.9521659000015749,54149,0.15842265178002585,0.0026315380729089654,54149
261,6.0,54506,0.9518446000015854,54506,0.16850710340908595,0.0034043436064385693,54506
262,2.0,54689,0.9516799000015909,54689,0.1585026085987443,0.003418684649997508,54689
263,1.0,54845,0.9515395000015955,54845,0.15393150206177664,0.0040816468981108465,54845
264,1.0,54982,0.9514162000015995,54982,0.15536206976993241,0.002853173283886854,54982
265,3.0,55194,0.9512254000016058,55194,0.164013036298302,0.0035860141236315818,55194
266,4.0,55427,0.9510157000016127,55427,0.16785939961927643,0.003233167570238721,55427
267,2.0,55597,0.9508627000016178,55597,0.15659620341132668,0.002197599576538778,55597
268,2.0,55780,0.9506980000016232,55780,0.15078761811302008,0.003036630671592862,55780
269,3.0,56016,0.9504856000016302,56016,0.16966970110217394,0.003524091832841188,56016
270,3.0,56218,0.9503038000016362,56218,0.17272150822647728,0.0029547152474574748,56218
271,3.0,56435,0.9501085000016426,56435,0.16463967230737483,0.0034647750895928264,56435
272,3.0,56652,0.949913200001649,56652,0.15331115882654894,0.002674475667992092,56652
273,6.0,56955,0.949640500001658,56955,0.14705447204681513,0.002571846286847107,56955
274,2.0,57119,0.9494929000016629,57119,0.16788527864690234,0.0020359779112523696,57119
275,3.0,57342,0.9492922000016695,57342,0.15422997717231912,0.0028570649510053993,57342
276,4.0,57584,0.9490744000016766,57584,0.1578524790796613,0.0023558321498373612,57584
277,0.0,57692,0.9489772000016798,57692,0.14245379150465684,0.003207384289217535,57692
278,3.0,57917,0.9487747000016865,57917,0.16755448831452263,0.0031287622417019317,57917
279,0.0,58015,0.9486865000016894,58015,0.13531050352113588,0.0031533744521747933,58015
280,2.0,58180,0.9485380000016943,58180,0.15781887586821208,0.002478892283276461,58180
281,0.0,58290,0.9484390000016976,58290,0.14782190004532988,0.0030880912827177037,58290
282,3.0,58500,0.9482500000017038,58500,0.17008863698158946,0.002221075282899879,58500
283,3.0,58740,0.9480340000017109,58740,0.1436987423027555,0.0024104285997433787,58740
284,1.0,58900,0.9478900000017156,58900,0.14240505434572698,0.003214967626252019,58900
285,2.0,59076,0.9477316000017209,59076,0.16440906896340576,0.0017257033161761435,59076
286,1.0,59215,0.947606500001725,59215,0.14208932848071024,0.002946377020778776,59215
287,3.0,59448,0.9473968000017319,59448,0.16420816550183193,0.0031979629574781995,59448
288,3.0,59641,0.9472231000017376,59641,0.1635541277382658,0.00278693347584385,59641
289,2.0,59820,0.9470620000017429,59820,0.16168060303566842,0.003224481343805976,59820
290,3.0,60083,0.9468253000017507,60083,0.1666139023442232,0.0033714500299289497,60083
291,3.0,60305,0.9466255000017573,60305,0.18772583568955328,0.004563646261000965,60305
292,6.0,60674,0.9462934000017682,60674,0.17163497964702648,0.003936457268687547,60674
293,1.0,60800,0.9461800000017719,60800,0.1724807047063396,0.0029054181568570793,60800
294,3.0,61017,0.9459847000017784,61017,0.17506579179230922,0.0028075649434084198,61017
295,3.0,61224,0.9457984000017845,61224,0.1883332325856467,0.003208524644811264,61224
296,4.0,61492,0.9455572000017924,61492,0.18181028996886156,0.002408674609104133,61492
297,2.0,61663,0.9454033000017975,61663,0.19333693894900775,0.00300890537231925,61663
298,2.0,61875,0.9452125000018038,61875,0.1841077448905639,0.002866201846871881,61875
299,2.0,62046,0.9450586000018089,62046,0.18946807182323167,0.00436042989456954,62046
300,5.0,62367,0.9447697000018184,62367,0.18812018774473035,0.003194405849401243,62367
301,3.0,62577,0.9445807000018246,62577,0.1901569212121623,0.0037235730883063904,62577
302,3.0,62800,0.9443800000018312,62800,0.19244734902820246,0.0026494817778872975,62800
303,0.0,62913,0.9442783000018345,62913,0.16658059395520033,0.002719937387477314,62913
304,4.0,63218,0.9440038000018436,63218,0.16839684917301428,0.0031048220203837313,63218
305,1.0,63363,0.9438733000018479,63363,0.17284307921754902,0.0021022914793163714,63363
306,3.0,63584,0.9436744000018544,63584,0.19742313981460768,0.0029773402230887057,63584
307,2.0,63774,0.9435034000018601,63774,0.17211544305870408,0.0028642865451394372,63774
308,3.0,63998,0.9433018000018667,63998,0.18021323046247875,0.0035395754448148053,63998
309,2.0,64177,0.943140700001872,64177,0.1927660623325982,0.003234473954655806,64177
310,4.0,64482,0.942866200001881,64482,0.1563738860800618,0.0026580701741250614,64482
311,4.0,64752,0.942623200001889,64752,0.1796659160543371,0.0023573741240128314,64752
312,1.0,64878,0.9425098000018928,64878,0.17308691782610758,0.0034197861631193,64878
313,3.0,65088,0.942320800001899,65088,0.19887644304406074,0.0026512410928955345,65088
314,3.0,65298,0.9421318000019052,65298,0.19786285005864643,0.002238389706083884,65298
315,5.0,65613,0.9418483000019146,65613,0.1730466126922577,0.002829380160140332,65613
316,4.0,65851,0.9416341000019216,65851,0.19451057419431309,0.0026205094547564665,65851
317,1.0,66025,0.9414775000019268,66025,0.17298058664490437,0.0031442050785072157,66025
318,2.0,66205,0.9413155000019321,66205,0.17669737877117264,0.0031471230498734963,66205
319,2.0,66387,0.9411517000019375,66387,0.18221263296820306,0.002669538990760754,66387
320,1.0,66543,0.9410113000019421,66543,0.18825474228614417,0.002808450072023287,66543
321,1.0,66702,0.9408682000019468,66702,0.17961062041093717,0.0036887024467409757,66702
322,4.0,66961,0.9406351000019545,66961,0.19297021359895647,0.0024100277376728416,66961
323,3.0,67209,0.9404119000019618,67209,0.17716165370638332,0.0022001664875871585,67209
324,1.0,67364,0.9402724000019664,67364,0.16507123444349536,0.0023266337500019523,67364
325,3.0,67601,0.9400591000019735,67601,0.1599779824101472,0.0024658915162522922,67601
326,3.0,67830,0.9398530000019802,67830,0.18303926917012603,0.0026490488362707772,67830
327,1.0,67970,0.9397270000019844,67970,0.18210776512111937,0.0029827116903886363,67970
328,0.0,68066,0.9396406000019872,68066,0.14876611693762243,0.002573706400236612,68066
329,3.0,68309,0.9394219000019944,68309,0.16407432376479905,0.0025740730979284267,68309
330,3.0,68548,0.9392068000020015,68548,0.1776258462736048,0.002492946042887726,68548
331,2.0,68750,0.9390250000020075,68750,0.17681831560365044,0.0023794177547039573,68750
332,5.0,69059,0.9387469000020167,69059,0.1884275067199781,0.002294321908725446,69059
333,1.0,69181,0.9386371000020203,69181,0.18789006879583733,0.002717009510143114,69181
334,2.0,69340,0.938494000002025,69340,0.19487204969679034,0.0023742444410007855,69340
335,2.0,69539,0.9383149000020309,69539,0.16286120297920764,0.002675947143276729,69539
336,0.0,69650,0.9382150000020342,69650,0.1591394990682602,0.002351630773183707,69650
337,1.0,69818,0.9380638000020391,69818,0.1747215972060249,0.002105011520771292,69818
338,4.0,70080,0.9378280000020469,70080,0.21090730521401377,0.00317820014946194,70080
339,1.0,70235,0.9376885000020515,70235,0.17319891770039836,0.0035438915494465147,70235
340,1.0,70406,0.9375346000020566,70406,0.18133144407418736,0.003993599058500946,70406
341,3.0,70596,0.9373636000020622,70596,0.22206098476522848,0.0031648248438662114,70596
342,2.0,70795,0.9371845000020681,70795,0.18133892950101113,0.002937628826150295,70795
343,3.0,71019,0.9369829000020747,71019,0.19416203118661152,0.003846686932742419,71019
344,2.0,71189,0.9368299000020798,71189,0.21312333371709374,0.002984861396458548,71189
345,3.0,71401,0.9366391000020861,71401,0.2088977711732095,0.003187040020439215,71401
346,1.0,71554,0.9365014000020906,71554,0.17281625088718203,0.002698159195692735,71554
347,1.0,71711,0.9363601000020952,71711,0.20058119287536402,0.0032403609432427624,71711
348,2.0,71890,0.9361990000021005,71890,0.18517958801551904,0.0025290169810000536,71890
349,2.0,72051,0.9360541000021053,72051,0.20979868879784708,0.00279243791588692,72051
350,1.0,72175,0.935942500002109,72175,0.20920213083586386,0.002979429416706309,72175
351,2.0,72354,0.9357814000021143,72354,0.20741853875487876,0.0026285525627776345,72354
352,4.0,72595,0.9355645000021214,72595,0.22076779798724344,0.0028965812065605756,72595
353,3.0,72821,0.9353611000021281,72821,0.20269425777075564,0.002604669112287435,72821
354,5.0,73179,0.9350389000021387,73179,0.18003130818628732,0.0030901079553790137,73179
355,3.0,73379,0.9348589000021447,73379,0.22433086216449738,0.002669917924104084,73379
356,5.0,73674,0.9345934000021534,73674,0.183713138457072,0.002908962661863139,73674
357,2.0,73835,0.9344485000021582,73835,0.20740809758997852,0.002551249061206425,73835
358,2.0,74002,0.9342982000021631,74002,0.2074820820889073,0.002816318928828382,74002
359,4.0,74258,0.9340678000021707,74258,0.21071328717516735,0.0022643409053273444,74258
360,1.0,74389,0.9339499000021746,74389,0.200467488522293,0.0025958506864111673,74389
361,2.0,74564,0.9337924000021798,74564,0.1919683447905949,0.002416544928606267,74564
362,2.0,74738,0.9336358000021849,74738,0.19497727577028603,0.002316021330516796,74738
363,1.0,74860,0.9335260000021885,74860,0.19862701652235673,0.002419755609376121,74860
364,0.0,74985,0.9334135000021923,74985,0.15779222345352173,0.0025725836320780217,74985
365,3.0,75231,0.9331921000021995,75231,0.18567185013032542,0.0025754111555555924,75231
366,1.0,75396,0.9330436000022044,75396,0.17573132189837368,0.0026141325204993007,75396
367,3.0,75620,0.9328420000022111,75620,0.21248954507921422,0.0021783339212545017,75620
368,3.0,75837,0.9326467000022175,75837,0.1988598981760614,0.0024437352119097895,75837
369,4.0,76101,0.9324091000022253,76101,0.19661609314833628,0.002581627088616325,76101
370,1.0,76284,0.9322444000022307,76284,0.17216135056618134,0.002101348733476648,76284
371,1.0,76426,0.932116600002235,76426,0.17153118765899833,0.001873493569906765,76426
372,1.0,76568,0.9319888000022392,76568,0.19941850415837598,0.0024821132446190795,76568
373,3.0,76769,0.9318079000022451,76769,0.21628711302185533,0.0023768199584562684,76769
374,3.0,76982,0.9316162000022514,76982,0.21448505687321856,0.002220307128580299,76982
375,2.0,77156,0.9314596000022566,77156,0.2122714769138002,0.0020266023173086257,77156
376,2.0,77328,0.9313048000022617,77328,0.21351923585631127,0.0027116607786389743,77328
377,2.0,77498,0.9311518000022667,77498,0.20937791883068926,0.002874633799386656,77498
378,2.0,77689,0.9309799000022724,77689,0.1966744475651786,0.001969609606859618,77689
379,0.0,77829,0.9308539000022765,77829,0.1682968130601304,0.002246426815950794,77829
380,2.0,78029,0.9306739000022825,78029,0.18511239260435106,0.0025627278400133947,78029
381,7.0,78454,0.930291400002295,78454,0.18724178876946954,0.0023686110387857564,78454
382,2.0,78639,0.9301249000023005,78639,0.17417582611779908,0.0026308146354544126,78639
383,1.0,78762,0.9300142000023042,78762,0.1799933024780537,0.0021008617591658963,78762
384,3.0,78981,0.9298171000023107,78981,0.2003154790700843,0.003092401768971946,78981
385,5.0,79279,0.9295489000023195,79279,0.177595622587524,0.0021839298808862435,79279
386,1.0,79425,0.9294175000023238,79425,0.1876676631198354,0.0014511312973348278,79425
387,3.0,79631,0.9292321000023299,79631,0.21039170938209423,0.0017446139291563475,79631
388,5.0,79907,0.9289837000023381,79907,0.19903382445699064,0.0027895033426566574,79907
389,3.0,80129,0.9287839000023447,80129,0.2140417234250554,0.0032067438745683715,80129
390,2.0,80313,0.9286183000023501,80313,0.21924309533737277,0.0037845749599870505,80313
391,1.0,80478,0.928469800002355,80478,0.19819478767387794,0.003473848168593549,80478
392,2.0,80655,0.9283105000023603,80655,0.2311681078399642,0.0032227364110008626,80655
393,2.0,80841,0.9281431000023658,80841,0.21711854828942206,0.0030875722422738314,80841
394,5.0,81145,0.9278695000023748,81145,0.24398186866586147,0.003450526006082854,81145
395,2.0,81302,0.9277282000023794,81302,0.24102391857819952,0.002384969046972262,81302
396,6.0,81643,0.9274213000023895,81643,0.22426658198018928,0.002615842488246985,81643
397,1.0,81791,0.9272881000023939,81791,0.20219088773671035,0.0025814469670483566,81791
398,2.0,81968,0.9271288000023992,81968,0.24006132112216141,0.002580028886763421,81968
399,1.0,82116,0.9269956000024036,82116,0.22501657520597046,0.002365506717634727,82116
400,2.0,82276,0.9268516000024083,82276,0.24048786773346364,0.0022108166027464903,82276
401,2.0,82448,0.9266968000024134,82448,0.2275955795288779,0.002953558781459727,82448
402,2.0,82634,0.9265294000024189,82634,0.23364410260992666,0.00238536275825144,82634
403,2.0,82790,0.9263890000024235,82790,0.24587656361743426,0.001862448221660228,82790
404,1.0,82923,0.9262693000024275,82923,0.20556662545392387,0.002361743639433788,82923
405,2.0,83100,0.9261100000024327,83100,0.24351255957689663,0.001965839258286777,83100
406,1.0,83248,0.9259768000024371,83248,0.20751735185449188,0.0020495512168496577,83248
407,2.0,83410,0.9258310000024419,83410,0.25282642033732966,0.0026322940132188334,83410
408,3.0,83635,0.9256285000024486,83635,0.19651587671703763,0.002443377657586502,83635
409,1.0,83772,0.9255052000024526,83772,0.2238428049931561,0.0021077987388920132,83772
410,3.0,83986,0.925312600002459,83986,0.24302681211695493,0.0019182627728925887,83986
411,3.0,84196,0.9251236000024652,84196,0.24799357262395677,0.002055949389822282,84196
412,3.0,84394,0.924945400002471,84394,0.24908333580301265,0.002205013160835164,84394
413,1.0,84553,0.9248023000024758,84553,0.2076614960184637,0.0023097460318880986,84553
414,1.0,84686,0.9246826000024797,84686,0.23507179801625416,0.0026726752254390682,84686
415,2.0,84840,0.9245440000024843,84840,0.2446213568282592,0.0018807034465172872,84840
416,3.0,85056,0.9243496000024907,85056,0.24231628418244697,0.001805233656038278,85056
417,2.0,85222,0.9242002000024956,85222,0.25450670243386764,0.0026225041613334803,85222
418,5.0,85535,0.9239185000025049,85535,0.23306160822463112,0.0024269487466678,85535
419,4.0,85772,0.9237052000025119,85772,0.2605688271391744,0.0024472938298746574,85772
420,5.0,86096,0.9234136000025215,86096,0.2434969809320238,0.0023730033276198226,86096
421,3.0,86309,0.9232219000025278,86309,0.22808764147366717,0.001739530500959569,86309
422,4.0,86578,0.9229798000025358,86578,0.24854383922310125,0.0020304272982610396,86578
423,1.0,86732,0.9228412000025403,86732,0.21503510074569032,0.0022264356380869038,86732
424,4.0,86979,0.9226189000025476,86979,0.2356611702907906,0.001630395860231537,86979
425,1.0,87115,0.9224965000025517,87115,0.21570471444112413,0.001957088597598212,87115
426,1.0,87282,0.9223462000025566,87282,0.19272076351913864,0.0022274501757047274,87282
427,1.0,87423,0.9222193000025608,87423,0.21269646154861924,0.0019142174636507538,87423
428,2.0,87589,0.9220699000025657,87589,0.2418756075652249,0.001890375834010634,87589
429,4.0,87876,0.9218116000025742,87876,0.24146365257505756,0.0018406124365691846,87876
430,2.0,88060,0.9216460000025797,88060,0.22875207921733026,0.0022356397196389203,88060
431,3.0,88272,0.921455200002586,88272,0.25696016296322616,0.0019956452561190126,88272
432,1.0,88415,0.9213265000025902,88415,0.219488289337475,0.002253847730845063,88415
433,2.0,88594,0.9211654000025955,88594,0.2415068288588657,0.002036045980895837,88594
434,0.0,88688,0.9210808000025983,88688,0.19052165683279645,0.0029254607082854836,88688
435,1.0,88849,0.9209359000026031,88849,0.19338878753207486,0.001063029437527633,88849
436,3.0,89080,0.9207280000026099,89080,0.23355388260764992,0.002070555792489236,89080
437,3.0,89334,0.9204994000026174,89334,0.2388960032129851,0.0019362700705377084,89334
438,0.0,89446,0.9203986000026207,89446,0.17648420416350877,0.0019252865870060174,89446
439,2.0,89603,0.9202573000026254,89603,0.2527023214538386,0.0019660551662144922,89603
440,3.0,89806,0.9200746000026314,89806,0.22650702338060136,0.0016900890906372341,89806
441,0.0,89912,0.9199792000026346,89912,0.1813923405167067,0.002505813632901749,89912
442,1.0,90046,0.9198586000026385,90046,0.22175390712583243,0.0027284017143566455,90046
443,4.0,90300,0.919630000002646,90300,0.25944418873725916,0.0027798282192340743,90300
444,3.0,90544,0.9194104000026533,90544,0.2389356713803088,0.002947753879227809,90544
445,5.0,90843,0.9191413000026621,90843,0.20361890010909492,0.0024836086195988588,90843
446,1.0,90976,0.9190216000026661,90976,0.22087706160500534,0.0021972010943678007,90976
447,2.0,91180,0.9188380000026721,91180,0.2199410193544977,0.002865674282421584,91180
448,4.0,91467,0.9185797000026806,91467,0.2195813057730007,0.0026336193859162627,91467
449,0.0,91562,0.9184942000026834,91562,0.17862892370474967,0.0021150127538835236,91562
450,3.0,91764,0.9183124000026894,91764,0.2620384234676857,0.0027793164990005535,91764
451,1.0,91907,0.9181837000026937,91907,0.22809671297982023,0.001987288627190226,91907
452,6.0,92258,0.9178678000027041,92258,0.23281332003509897,0.002548025639981769,92258
453,1.0,92400,0.9177400000027083,92400,0.23363133310012416,0.002435495452541353,92400
454,3.0,92651,0.9175141000027157,92651,0.2665530507308079,0.0020323282735762224,92651
455,1.0,92805,0.9173755000027203,92805,0.21332086767856176,0.002239344384167464,92805
456,2.0,92985,0.9172135000027256,92985,0.24638290579120317,0.001793511714297185,92985
457,6.0,93313,0.9169183000027353,93313,0.23738442692996525,0.002125121358070961,93313
458,1.0,93484,0.9167644000027404,93484,0.21800230504476537,0.0016484262767824487,93484
459,6.0,93796,0.9164836000027496,93796,0.24475724283510294,0.0021214516164502874,93796
460,2.0,93984,0.9163144000027552,93984,0.22151907775154772,0.001858154341537924,93984
461,2.0,94191,0.9161281000027613,94191,0.21607927816069644,0.002391429612570378,94191
462,3.0,94407,0.9159337000027677,94407,0.25360416551982917,0.0018198271349724059,94407
463,0.0,94520,0.9158320000027711,94520,0.17539032093719042,0.0017980743863179958,94520
464,1.0,94670,0.9156970000027755,94670,0.22544664760430655,0.002164211351434157,94670
465,1.0,94805,0.9155755000027795,94805,0.22264134414769984,0.0020035931486981334,94805
466,4.0,95074,0.9153334000027875,95074,0.2563951156174826,0.001656143571861213,95074
467,1.0,95244,0.9151804000027925,95244,0.19806112427921857,0.00177007375014535,95244
468,4.0,95498,0.9149518000028001,95498,0.2550845158205727,0.0019299958621272744,95498
469,2.0,95677,0.9147907000028054,95677,0.2576670063108039,0.0023843996919344916,95677
470,3.0,95891,0.9145981000028117,95891,0.2707338731422603,0.002348666153053936,95891
471,3.0,96108,0.9144028000028182,96108,0.2649344457528009,0.0021912636835237243,96108
472,0.0,96219,0.9143029000028214,96219,0.17613334953784943,0.0020889540889608748,96219
473,2.0,96420,0.9141220000028274,96420,0.1975538545283512,0.001458291987125734,96420
474,1.0,96574,0.913983400002832,96574,0.19916456366901275,0.00162687878464685,96574
475,5.0,96855,0.9137305000028403,96855,0.19899510202458745,0.0020124255374786145,96855
476,1.0,97004,0.9135964000028447,97004,0.22350460150897902,0.0017386825138295927,97004
477,2.0,97173,0.9134443000028497,97173,0.2548755802787267,0.002273011323031501,97173
478,3.0,97376,0.9132616000028557,97376,0.26821433143515894,0.001593121529286991,97376
479,7.0,97780,0.9128980000028677,97780,0.24251526765672876,0.002017288675368504,97780
480,3.0,98004,0.9126964000028743,98004,0.2317534776271454,0.0016608794655569778,98004
481,6.0,98383,0.9123553000028856,98383,0.2475802930843547,0.0018121645122623356,98383
482,1.0,98549,0.9122059000028905,98549,0.20608253444892816,0.0020208157266425994,98549
483,2.0,98752,0.9120232000028965,98752,0.2208907708452253,0.0017906656753147948,98752
484,1.0,98921,0.9118711000029015,98921,0.19997688246196543,0.0010565395026163615,98921
485,2.0,99095,0.9117145000029067,99095,0.25702244899738796,0.0018220818249877386,99095
486,3.0,99323,0.9115093000029134,99323,0.2612977403036335,0.001645398487007218,99323
487,4.0,99557,0.9112987000029203,99557,0.2797357307540046,0.0020013884051690977,99557
488,0.0,99664,0.9112024000029235,99664,0.1713604115158598,0.0021448153043973637,99664
489,5.0,100002,0.9108982000029335,100002,0.25294858860899005,0.002014086747682118,100002
490,4.0,100281,0.9106471000029418,100281,0.254293840792444,0.0031321037468226296,100281
491,3.0,100491,0.910458100002948,100491,0.2587076909130528,0.002558158305293459,100491
492,2.0,100669,0.9102979000029533,100669,0.26135893735323057,0.002533250875928664,100669
493,1.0,100799,0.9101809000029571,100799,0.23462439947403393,0.0024988363022342896,100799
494,2.0,100985,0.9100135000029627,100985,0.24638549767194257,0.0022985125631807494,100985
495,7.0,101385,0.9096535000029745,101385,0.259790814332664,0.0024940560883078434,101385
496,1.0,101537,0.909516700002979,101537,0.215787596804531,0.0022492490641429627,101537
497,4.0,101789,0.9092899000029865,101789,0.2712216130088246,0.0025207251800609463,101789
498,1.0,101918,0.9091738000029903,101918,0.23359167824188867,0.0026192520743970535,101918
499,2.0,102116,0.9089956000029962,102116,0.23025256177090636,0.0022727789253236333,102116
500,2.0,102337,0.9087967000030027,102337,0.22274321668288288,0.002148619077790779,102337
501,1.0,102475,0.9086725000030068,102475,0.23762642916129983,0.002142564895410138,102475
502,4.0,102743,0.9084313000030148,102743,0.26730023284178617,0.00247815012310761,102743
503,1.0,102893,0.9082963000030192,102893,0.22611951520045598,0.001977419147006003,102893
504,1.0,103034,0.9081694000030234,103034,0.23003684840303787,0.0021822737217265685,103034
505,2.0,103208,0.9080128000030285,103208,0.2631618806171691,0.0021742360251831914,103208
506,2.0,103369,0.9078679000030333,103369,0.2714895814749765,0.0018990289196910725,103369
507,3.0,103589,0.9076699000030398,103589,0.2733879712494937,0.0015208296055789106,103589
508,4.0,103824,0.9074584000030468,103824,0.28360942028304365,0.0019118300471591089,103824
509,3.0,104018,0.9072838000030525,104018,0.29299465620640625,0.0015178611304775388,104018
510,2.0,104179,0.9071389000030573,104179,0.2750111977043359,0.0016898361349749337,104179
511,0.0,104283,0.9070453000030604,104283,0.19066450472634572,0.0021769826513054094,104283
512,1.0,104424,0.9069184000030646,104424,0.21740664346209654,0.0013223228341058071,104424
513,4.0,104657,0.9067087000030715,104657,0.29640575475958797,0.0019785008907416543,104657
514,6.0,104979,0.906418900003081,104979,0.34931909778843756,0.001709436856748743,104979
515,5.0,105281,0.90614710000309,105281,0.33460529069632095,0.0017276491917374301,105281
516,3.0,105465,0.9059815000030954,105465,0.297255232444276,0.0019446665197471664,105465
517,1.0,105638,0.9058258000031005,105638,0.21839476484439277,0.002139355139135628,105638
518,1.0,105768,0.9057088000031044,105768,0.21886876214009066,0.0018016741128051832,105768
519,1.0,105904,0.9055864000031084,105904,0.22335115370943265,0.00155825726201061,105904
520,3.0,106125,0.905387500003115,106125,0.25993861541219426,0.001961150954600489,106125
521,2.0,106310,0.9052210000031204,106310,0.2553349667304271,0.0014054624024759726,106310
522,2.0,106478,0.9050698000031254,106478,0.26532440410838243,0.001670775577059387,106478
523,3.0,106675,0.9048925000031313,106675,0.28452366968701936,0.0017625736941896358,106675
524,3.0,106876,0.9047116000031372,106876,0.27656174996005956,0.001681117040725756,106876
525,4.0,107137,0.904476700003145,107137,0.2610295199114701,0.0012948408182784006,107137
526,1.0,107270,0.9043570000031489,107270,0.22388788239848345,0.0016454120292533994,107270
527,0.0,107376,0.904261600003152,107376,0.18398134972689287,0.002001348970225081,107376
528,0.0,107493,0.9041563000031555,107493,0.1806294590744198,0.001932123028817507,107493
529,2.0,107658,0.9040078000031604,107658,0.2663586757399819,0.0014879001737096009,107658
530,5.0,107998,0.9037018000031705,107998,0.24336317295537274,0.0017841309437618988,107998
531,7.0,108390,0.9033490000031821,108390,0.23689043748059443,0.0017185726066637303,108390
532,1.0,108549,0.9032059000031868,108549,0.20719419499425767,0.0011801917741346795,108549
533,3.0,108788,0.9029908000031939,108788,0.24530150943969584,0.0016406869217005721,108788
534,5.0,109069,0.9027379000032022,109069,0.28175607358115423,0.0019122735481502927,109069
535,3.0,109280,0.9025480000032085,109280,0.27411384389722515,0.0019499310688515662,109280
536,2.0,109465,0.9023815000032139,109465,0.2528180488058039,0.0012369793315097136,109465
537,4.0,109699,0.9021709000032209,109699,0.25244489955341715,0.001599710433493651,109699
538,1.0,109841,0.9020431000032251,109841,0.2343160910925395,0.0017029566982491302,109841
539,3.0,110070,0.9018370000032319,110070,0.2383354561623007,0.00213028664943939,110070
540,4.0,110349,0.9015859000032401,110349,0.25156773386463044,0.0025160689196172988,110349
541,1.0,110493,0.9014563000032444,110493,0.2153674585537778,0.0018984527503360165,110493
542,1.0,110652,0.9013132000032491,110652,0.21270917965181219,0.002711278256865397,110652
543,2.0,110831,0.9011521000032544,110831,0.2454973471730781,0.002492146470581374,110831
544,3.0,111051,0.9009541000032609,111051,0.27016015076501804,0.0020852648571070115,111051
545,2.0,111224,0.900798400003266,111224,0.247698072494799,0.002062426801102042,111224
546,3.0,111490,0.9005590000032739,111490,0.23569991613241068,0.0016684638721379539,111490
547,1.0,111635,0.9004285000032782,111635,0.22214081564853932,0.001778890121655924,111635
548,2.0,111816,0.9002656000032836,111816,0.2504784677239413,0.0014705356017999012,111816
549,0.0,111937,0.9001567000032872,111937,0.1656017516516457,0.0016960652585022058,111937
550,1.0,112072,0.9000352000032912,112072,0.21951574992250514,0.001210900610345157,112072
551,4.0,112343,0.8997913000032992,112343,0.24250219110743146,0.0016304674573564633,112343
552,2.0,112502,0.8996482000033039,112502,0.2678556738409606,0.0019513730673776917,112502
553,3.0,112705,0.8994655000033099,112705,0.28331788908231437,0.0018555349899023505,112705
554,3.0,112895,0.8992945000033156,112895,0.29272757317674786,0.0011540682885664098,112895
555,3.0,113112,0.899099200003322,113112,0.2763483321062431,0.0015933354397133757,113112
556,4.0,113375,0.8988625000033298,113375,0.3066924287735736,0.0018741022507996943,113375
557,2.0,113573,0.8986843000033357,113573,0.22475633107953602,0.0013065258229500909,113573
558,3.0,113799,0.8984809000033424,113799,0.2699284665286541,0.0017402447892810873,113799
559,0.0,113901,0.8983891000033454,113901,0.16712143001895324,0.0016300842821781807,113901
560,2.0,114056,0.89824960000335,114056,0.1881016124160059,0.0014197417674539235,114056
561,1.0,114191,0.898128100003354,114191,0.22210802678708677,0.0013173448852116794,114191
562,3.0,114411,0.8979301000033605,114411,0.2384088223292069,0.0016219716983125016,114411
563,1.0,114547,0.8978077000033645,114547,0.23043410348541596,0.0010866686973660014,114547
564,4.0,114827,0.8975557000033728,114827,0.2535905862759267,0.0018729478852297428,114827
565,3.0,115094,0.8973154000033807,115094,0.23835725624686324,0.0017519230267193434,115094
566,2.0,115273,0.897154300003386,115273,0.2560187538242873,0.0013566870302841193,115273
567,2.0,115428,0.8970148000033906,115428,0.2677255843916247,0.001583063565903426,115428
568,4.0,115685,0.8967835000033982,115685,0.2665998124832773,0.0015369762300120953,115685
569,3.0,115917,0.8965747000034051,115917,0.2406821292022179,0.0015924503390092938,115917
570,3.0,116158,0.8963578000034123,116158,0.21017989503892132,0.0016199922613235368,116158
571,2.0,116343,0.8961913000034177,116343,0.2127270529399047,0.0014411522564399559,116343
572,4.0,116615,0.8959465000034258,116615,0.25178296469590244,0.0016735128477407938,116615
573,2.0,116809,0.8957719000034315,116809,0.23594662009440748,0.0011473769805401314,116809
574,1.0,116951,0.8956441000034358,116951,0.22072916724522348,0.0015113859088057618,116951
575,1.0,117095,0.89551450000344,117095,0.23047897985412014,0.001628961063412741,117095
576,3.0,117304,0.8953264000034462,117304,0.27526960054938304,0.0012643245402279334,117304
577,2.0,117472,0.8951752000034512,117472,0.2608922566065476,0.0015144180034180213,117472
578,3.0,117662,0.8950042000034568,117662,0.2910654017799779,0.0013790212082217055,117662
579,2.0,117855,0.8948305000034625,117855,0.24457228967408443,0.0013403352750362733,117855
580,3.0,118054,0.8946514000034684,118054,0.2816446790443593,0.0013662908021793538,118054
581,3.0,118289,0.8944399000034754,118289,0.2556642562785047,0.0015661650490847992,118289
582,2.0,118466,0.8942806000034806,118466,0.2557875955172178,0.0009280810630676405,118466
583,0.0,118565,0.8941915000034836,118565,0.16770510879730938,0.0015894427014787615,118565
584,4.0,118822,0.8939602000034912,118822,0.2637746782270387,0.001500652109882373,118822
585,2.0,118988,0.8938108000034961,118988,0.24929684153701887,0.0014185651327724954,118988
586,4.0,119246,0.8935786000035038,119246,0.25354892676768376,0.001335070300137181,119246
587,1.0,119376,0.8934616000035076,119376,0.22724534032436516,0.0014379617130963686,119376
588,4.0,119659,0.893206900003516,119659,0.23542203067048278,0.0013574411792632492,119659
589,2.0,119835,0.8930485000035212,119835,0.2530086321163584,0.0015729312061590792,119835
590,3.0,120065,0.892841500003528,120065,0.26738709833311,0.0017542439865001539,120065
591,3.0,120259,0.8926669000035338,120259,0.27434731693458314,0.0020591344243454384,120259
592,2.0,120436,0.892507600003539,120436,0.25251912115152275,0.002149400527037859,120436
593,2.0,120598,0.8923618000035438,120598,0.2721545661765116,0.002043998936035981,120598
594,5.0,120908,0.892082800003553,120908,0.2652239087488382,0.00201640897216895,120908
595,6.0,121274,0.8917534000035638,121274,0.29385216418104093,0.0019349437712523462,121274
596,5.0,121599,0.8914609000035735,121599,0.26107180297374727,0.001630258183532323,121599
597,1.0,121748,0.8913268000035779,121748,0.2105977115215071,0.0021730607685878337,121748
598,0.0,121863,0.8912233000035813,121863,0.16099008911329768,0.0011942481067861715,121863
599,3.0,122080,0.8910280000035877,122080,0.27238199540546965,0.0016122653729401418,122080
600,2.0,122283,0.8908453000035937,122283,0.2296003670307803,0.001741087886796154,122283
601,2.0,122453,0.8906923000035988,122453,0.2483434906338944,0.0013791793930388796,122453
602,2.0,122657,0.8905087000036048,122657,0.23618856539913252,0.001521248065585621,122657
603,4.0,122916,0.8902756000036125,122916,0.28541562896092426,0.0014334746182363114,122916
604,1.0,123052,0.8901532000036165,123052,0.22467786101076534,0.001840730297665098,123052
605,3.0,123265,0.8899615000036228,123265,0.26095368961493176,0.0016925574517797923,123265
606,2.0,123445,0.8897995000036282,123445,0.24772937380605273,0.0013240921430325316,123445
607,2.0,123613,0.8896483000036332,123613,0.2686126545248997,0.00149949690287377,123613
608,0.0,123715,0.8895565000036362,123715,0.16072055646309666,0.001195274895401192,123715
609,0.0,123823,0.8894593000036394,123823,0.16440577818839638,0.001629886659025538,123823
610,2.0,123984,0.8893144000036441,123984,0.2704281561215472,0.0015294299483905194,123984
611,2.0,124173,0.8891443000036497,124173,0.23524366165437396,0.001624482816883496,124173
612,3.0,124386,0.8889526000036561,124386,0.268372205781265,0.0011533555779535052,124386
613,5.0,124708,0.8886628000036656,124708,0.24211584552196982,0.0017035192605865444,124708
614,4.0,124973,0.8884243000036735,124973,0.30324984445886793,0.00129682781234634,124973
615,2.0,125169,0.8882479000036793,125169,0.2433759002965324,0.0015566735878843358,125169
616,2.0,125361,0.888075100003685,125361,0.2410114910065507,0.0016389253216099557,125361
617,2.0,125534,0.8879194000036901,125534,0.2478452802910281,0.0012604784784617166,125534
618,5.0,125857,0.8876287000036996,125857,0.2704970431124832,0.0016003677001292889,125857
619,5.0,126158,0.8873578000037086,126158,0.30856946818654324,0.0010667847588692562,126158
620,4.0,126470,0.8870770000037178,126470,0.25753625279340225,0.0013875862966811743,126470
621,4.0,126785,0.8867935000037271,126785,0.2565033778075188,0.0014873290263552456,126785
622,2.0,126944,0.8866504000037319,126944,0.26044165586712975,0.0012858689712726954,126944
623,1.0,127068,0.8865388000037355,127068,0.21898936564403196,0.0012502444427692325,127068
624,1.0,127193,0.8864263000037392,127193,0.23482936829328538,0.0013541141539462841,127193
625,7.0,127563,0.8860933000037502,127563,0.27249368682906433,0.00110917386500168,127563
626,2.0,127756,0.8859196000037559,127756,0.24053671183981426,0.0012209609557586177,127756
627,5.0,128077,0.8856307000037654,128077,0.23563831986575112,0.0010327373966105924,128077
628,2.0,128230,0.88549300000377,128230,0.2794302867518531,0.0012655920487257128,128230
629,1.0,128367,0.885369700003774,128367,0.2169656871552885,0.0014880836460291983,128367
630,4.0,128620,0.8851420000037815,128620,0.26455045379551034,0.0011958466290919389,128620
631,6.0,129001,0.8847991000037928,129001,0.2582611013546078,0.0014879428519940082,129001
632,2.0,129188,0.8846308000037983,129188,0.25599243061587135,0.0013030234053183127,129188
633,2.0,129374,0.8844634000038039,129374,0.24180128393314218,0.0011229666854702099,129374
634,2.0,129554,0.8843014000038092,129554,0.2409304365515709,0.0012473117147439755,129554
635,1.0,129723,0.8841493000038142,129723,0.2126710309079413,0.001300120635622714,129723
636,3.0,129971,0.8839261000038215,129971,0.23496897990304616,0.0010913872810335542,129971
637,3.0,130175,0.8837425000038276,130175,0.2100160610588158,0.0020653821947252808,130175
638,5.0,130458,0.883487800003836,130458,0.2765895344790848,0.0020317228107018786,130458
639,3.0,130673,0.8832943000038423,130673,0.272047898485217,0.0021613158916426434,130673
640,1.0,130821,0.8831611000038467,130821,0.20603517986632683,0.0019087085480301489,130821
641,3.0,131046,0.8829586000038534,131046,0.24402837359242968,0.00196050565450504,131046
642,1.0,131171,0.8828461000038571,131171,0.22391539335250854,0.002098305926192552,131171
643,4.0,131418,0.8826238000038644,131418,0.27990644500564466,0.0015057658886870177,131418
644,6.0,131779,0.8822989000038751,131779,0.2377354225603002,0.0014673031618966336,131779
645,1.0,131901,0.8821891000038787,131901,0.23524288527789664,0.0012333156274045725,131901
646,2.0,132080,0.882028000003884,132080,0.20807559367831194,0.001283311236707634,132080
647,2.0,132254,0.8818714000038892,132254,0.24515897069854298,0.0014788853879362323,132254
648,3.0,132491,0.8816581000038962,132491,0.24068698733416288,0.0017717754573500833,132491
649,3.0,132730,0.8814430000039033,132730,0.23357785200100065,0.0014878101059039334,132730
650,1.0,132883,0.8813053000039078,132883,0.19564792767069697,0.0016023032429526877,132883
651,2.0,133061,0.8811451000039131,133061,0.25524038754487305,0.0011110106687319172,133061
652,3.0,133257,0.8809687000039189,133257,0.27513184626491705,0.00147977947024777,133257
653,4.0,133578,0.8806798000039284,133578,0.25313285276340175,0.0014172824204787308,133578
654,6.0,133922,0.8803702000039386,133922,0.26162673589275326,0.0012396440456012537,133922
655,2.0,134101,0.8802091000039439,134101,0.1949432503078237,0.0010780542487325406,134101
656,0.0,134203,0.880117300003947,134203,0.1552247508775954,0.0011810566555890117,134203
657,2.0,134358,0.8799778000039515,134358,0.26693972647190095,0.0014232906567837832,134358
658,1.0,134515,0.8798365000039562,134515,0.19280122301191283,0.0016242562317987162,134515
659,2.0,134683,0.8796853000039612,134683,0.2554214471685035,0.0014242161683969677,134683
660,2.0,134851,0.8795341000039661,134851,0.26442781041952823,0.001247134979036803,134851
661,0.0,134965,0.8794315000039695,134965,0.1499606273545508,0.001255446411385875,134965
662,2.0,135130,0.8792830000039744,135130,0.25356688820051426,0.00124890004967297,135130
663,3.0,135366,0.8790706000039814,135366,0.2513389905630532,0.0015052098234125384,135366
664,1.0,135498,0.8789518000039853,135498,0.21513236686587334,0.0013189060233950538,135498
665,5.0,135833,0.8786503000039952,135833,0.28782705669082814,0.0012850791524310332,135833
666,1.0,135999,0.8785009000040002,135999,0.20452907659023642,0.0010313939245784843,135999
667,2.0,136182,0.8783362000040056,136182,0.23944390666940824,0.001271969989243363,136182
668,3.0,136422,0.8781202000040127,136422,0.24302610354498028,0.0008627899087514379,136422
669,2.0,136623,0.8779393000040187,136623,0.21592231964071593,0.0013444303889021587,136623
670,1.0,136773,0.8778043000040231,136773,0.20530359029769898,0.001855721207393799,136773
671,0.0,136885,0.8777035000040264,136885,0.14303164383662598,0.0011698940219113346,136885
672,1.0,137033,0.8775703000040308,137033,0.20503588599731792,0.0012869842399546492,137033
673,1.0,137176,0.877441600004035,137176,0.19504118564870807,0.0011456881656304939,137176
674,3.0,137377,0.877260700004041,137377,0.2748908400906259,0.0012587794480716176,137377
675,1.0,137506,0.8771446000040448,137506,0.21397279029668764,0.0010369680011387762,137506
676,3.0,137726,0.8769466000040513,137726,0.24381444291634993,0.0011299399315248594,137726
677,4.0,138036,0.8766676000040605,138036,0.240206907617469,0.0010918926648540242,138036
678,1.0,138204,0.8765164000040655,138204,0.19203295505472592,0.0011057303116840124,138204
679,5.0,138516,0.8762356000040747,138516,0.24847127745548883,0.0009993938742576202,138516
680,3.0,138760,0.876016000004082,138760,0.23884632032303538,0.001174538443175137,138760
681,1.0,138900,0.8758900000040861,138900,0.21996861871864115,0.0011807596853032009,138900
682,1.0,139041,0.8757631000040903,139041,0.18844352667847425,0.00107625377110985,139041
683,4.0,139332,0.8755012000040989,139332,0.2625117691368172,0.0010077529764374962,139332
684,3.0,139536,0.875317600004105,139536,0.27356399613998683,0.0012050631602166914,139536
685,1.0,139664,0.8752024000041088,139664,0.22099606081610546,0.001041918509685047,139664
686,2.0,139840,0.875044000004114,139840,0.24399721986529502,0.0010016207862380807,139840
687,3.0,140061,0.8748451000041205,140061,0.2852540399491517,0.001458531909182929,140061
688,0.0,140180,0.874738000004124,140180,0.14320438464774804,0.0026611497908431503,140180
689,0.0,140297,0.8746327000041275,140297,0.15163841353267685,0.0017553717057164917,140297
690,6.0,140640,0.8743240000041377,140640,0.2678788286625644,0.0019754897911677207,140640
691,6.0,141000,0.8740000000041483,141000,0.2661383251142171,0.0019124072948114997,141000
692,0.0,141105,0.8739055000041515,141105,0.15062211929332642,0.001397029143048539,141105
693,5.0,141432,0.8736112000041611,141432,0.2935159953726906,0.0018044001294569817,141432
694,1.0,141573,0.8734843000041653,141573,0.2118483582075606,0.0013633110527038336,141573
695,1.0,141704,0.8733664000041692,141704,0.2195364655997917,0.0014689710651718095,141704
696,2.0,141888,0.8732008000041747,141888,0.24338091347042634,0.0016993194347615708,141888
697,0.0,142002,0.873098200004178,142002,0.14443255379273182,0.0015420238597200072,142002
698,1.0,142137,0.872976700004182,142137,0.2126748228514636,0.0012522249009365354,142137
699,2.0,142331,0.8728021000041878,142331,0.2253885803571374,0.001582667774631229,142331
700,3.0,142562,0.8725942000041946,142562,0.2642071556412812,0.0012715969262926867,142562
701,0.0,142690,0.8724790000041984,142690,0.1415232112049125,0.0013714508420434868,142690
702,4.0,142993,0.8722063000042074,142993,0.26776099923026836,0.0014523930310520647,142993
703,7.0,143395,0.8718445000042193,143395,0.29298838654264286,0.0013263994322241799,143395
704,2.0,143583,0.8716753000042249,143583,0.24307271957080415,0.0012411428151802072,143583
705,2.0,143742,0.8715322000042296,143742,0.273037139373193,0.0013961505996716449,143742
706,2.0,143927,0.8713657000042351,143927,0.253993358120725,0.0011158286909277023,143927
707,3.0,144158,0.8711578000042419,144158,0.2613787149034795,0.001149388215566574,144158
708,3.0,144394,0.8709454000042489,144394,0.2547095739677296,0.001153544678422573,144394
709,4.0,144659,0.8707069000042568,144659,0.26681985804494823,0.0010817956521487707,144659
710,3.0,144876,0.8705116000042632,144876,0.28329869610373326,0.0011474163644538853,144876
711,2.0,145072,0.870335200004269,145072,0.24155052382575007,0.0009397713229376751,145072
712,2.0,145257,0.8701687000042745,145257,0.25259871776845005,0.001302501242065085,145257
713,6.0,145594,0.8698654000042845,145594,0.2975469712024273,0.001327190589807784,145594
714,1.0,145745,0.869729500004289,145745,0.19176479197101087,0.0011101596171902925,145745
715,5.0,146066,0.8694406000042985,146066,0.26842825168111245,0.0011320325822815678,146066
716,3.0,146298,0.8692318000043053,146298,0.26505264052157773,0.0010075804464828126,146298
717,2.0,146472,0.8690752000043105,146472,0.2402416634662398,0.0011418404040017484,146472
718,2.0,146652,0.8689132000043158,146652,0.25994591356979474,0.0014780059851343848,146652
719,2.0,146844,0.8687404000043215,146844,0.23049914456593493,0.0013818692902229184,146844
720,1.0,146986,0.8686126000043257,146986,0.20070974261198246,0.0012067191933632605,146986
721,2.0,147158,0.8684578000043308,147158,0.25899576629663623,0.0010519425664232437,147158
722,1.0,147308,0.8683228000043353,147308,0.20065535098314286,0.0012197957829145404,147308
723,0.0,147421,0.8682211000043386,147421,0.14227001586582808,0.0010190579268321048,147421
724,1.0,147566,0.8680906000043429,147566,0.2072658104115519,0.0010518266444580213,147566
725,3.0,147786,0.8678926000043494,147786,0.22586004759439013,0.0011747061401944268,147786
726,2.0,147965,0.8677315000043547,147965,0.25465486818851707,0.001106907201325391,147965
727,4.0,148211,0.867510100004362,148211,0.2984632706739069,0.0008979574180320776,148211
728,2.0,148363,0.8673733000043665,148363,0.20403281611537463,0.0012195760867287294,148363
729,1.0,148500,0.8672500000043706,148500,0.20762526162349396,0.0011586843218431761,148500
730,2.0,148687,0.8670817000043761,148687,0.22404667683304313,0.001095670477832969,148687
731,2.0,148860,0.8669260000043812,148860,0.24741392526667932,0.0010193294398113143,148860
732,2.0,149028,0.8667748000043862,149028,0.26153467657665413,0.0013410035873589333,149028
733,1.0,149160,0.8666560000043901,149160,0.19983959643904006,0.001241764305329222,149160
734,3.0,149393,0.866446300004397,149393,0.2768959978939126,0.0009987633184756176,149393
735,5.0,149720,0.8661520000044067,149720,0.3159911764005273,0.001125995438435223,149720
736,6.0,150062,0.8658442000044169,150062,0.30076186645405684,0.0013623890255176877,150062
737,1.0,150221,0.8657011000044216,150221,0.19569417979544815,0.0027080674505823308,150221
738,3.0,150501,0.8654491000044299,150501,0.2597758401451366,0.002487350640071132,150501
739,2.0,150693,0.8652763000044356,150693,0.2467818163956205,0.0018951274601780217,150693
740,2.0,150877,0.865110700004441,150877,0.24342921716363533,0.001990750799133979,150877
741,1.0,151006,0.8649946000044448,151006,0.22951314390398736,0.0016656044028860034,151006
742,3.0,151223,0.8647993000044513,151223,0.2731597755739491,0.0019504370744295057,151223
743,4.0,151465,0.8645815000044584,151465,0.27317979490030403,0.0016977999987506907,151465
744,0.0,151566,0.8644906000044614,151566,0.14075066237756523,0.001992416920948377,151566
745,3.0,151804,0.8642764000044685,151804,0.2122829042281173,0.0014273543843237426,151804
746,0.0,151952,0.8641432000044729,151952,0.14076978370950027,0.0016550565754162537,151952
747,1.0,152087,0.8640217000044769,152087,0.20688514240362027,0.0018005733802931867,152087
748,1.0,152231,0.8638921000044811,152231,0.20856701771521735,0.0015746753372998985,152231
749,3.0,152439,0.8637049000044873,152439,0.27813179534859955,0.0013932845761771135,152439
750,9.0,152909,0.8632819000045012,152909,0.31153060109057323,0.001472312000120663,152909
751,4.0,153181,0.8630371000045093,153181,0.2661691223380758,0.0016164844552322927,153181
752,3.0,153431,0.8628121000045167,153431,0.26514904329180716,0.0013841826871212107,153431
753,3.0,153642,0.8626222000045229,153642,0.288383717026332,0.0013047645565191885,153642
754,3.0,153890,0.8623990000045303,153890,0.27259247819141996,0.0011775862175190629,153890
755,5.0,154210,0.8621110000045398,154210,0.2935312976595014,0.001429224228786552,154210
756,3.0,154417,0.8619247000045459,154417,0.2798996119251574,0.0013071631193107584,154417
757,1.0,154570,0.8617870000045504,154570,0.18652586979803695,0.0011294839300806452,154570
758,5.0,154888,0.8615008000045599,154888,0.2847104453417303,0.001203784872636817,154888
759,2.0,155081,0.8613271000045656,155081,0.2351189493515331,0.0010649986762506405,155081
760,3.0,155304,0.8611264000045722,155304,0.2496022685293125,0.00153887244281406,155304
761,3.0,155517,0.8609347000045785,155517,0.2809777474074576,0.001234406011808716,155517
762,1.0,155670,0.860797000004583,155670,0.1987590387073997,0.0012455850405340065,155670
763,2.0,155860,0.8606260000045887,155860,0.23779677458499607,0.0011017572489340397,155860
764,2.0,156047,0.8604577000045942,156047,0.23546807838474365,0.0009607737744242615,156047
765,4.0,156303,0.8602273000046018,156303,0.2511027690488845,0.0011975224147988683,156303
766,6.0,156662,0.8599042000046124,156662,0.24739803101940075,0.001186764333599823,156662
767,0.0,156756,0.8598196000046152,156756,0.13536792097890632,0.0011466213161722718,156756
768,2.0,156912,0.8596792000046198,156912,0.2870762579334088,0.001399987264962058,156912
769,1.0,157042,0.8595622000046237,157042,0.20663862062188296,0.0010405100389527014,157042
770,4.0,157298,0.8593318000046313,157298,0.28871431983134244,0.0010742359608286733,157298
771,4.0,157574,0.8590834000046395,157574,0.24909430948774453,0.0009601729019830574,157574
772,3.0,157802,0.8588782000046462,157802,0.2637757859274484,0.0012150438509579225,157802
773,6.0,158158,0.8585578000046568,158158,0.2582407645211461,0.000906775486767534,158158
774,0.0,158262,0.8584642000046598,158262,0.12870405299159196,0.00126539291564908,158262
775,1.0,158411,0.8583301000046643,158411,0.1480612012513932,0.0010411439889994288,158411
776,2.0,158589,0.8581699000046695,158589,0.25468812531299806,0.00127862335484883,158589
777,3.0,158843,0.857941300004677,158843,0.2711364819015574,0.0010770714642868678,158843
778,3.0,159052,0.8577532000046832,159052,0.2411939830978236,0.001166990982244932,159052
779,0.0,159166,0.8576506000046866,159166,0.13247001667817435,0.0010390228583817493,159166
780,2.0,159338,0.8574958000046917,159338,0.24842429481620013,0.0009711547730592768,159338
781,2.0,159520,0.8573320000046971,159520,0.25418732544550526,0.000988896672804533,159520
782,2.0,159679,0.8571889000047018,159679,0.27270649814005915,0.0010457602817819265,159679
783,3.0,159910,0.8569810000047087,159910,0.2507468287659672,0.0009801740024477704,159910
784,1.0,160081,0.8568271000047137,160081,0.1977793096363196,0.0015267119385939968,160081
785,1.0,160228,0.8566948000047181,160228,0.2289491584714578,0.0021069394862105067,160228
786,5.0,160557,0.8563987000047278,160557,0.32323052038900035,0.002206976870441099,160557
787,1.0,160706,0.8562646000047323,160706,0.2097276422701426,0.0021123225730765713,160706
788,3.0,160912,0.8560792000047384,160912,0.31587738760756057,0.0023097655572306853,160912
789,2.0,161083,0.8559253000047434,161083,0.27736930845425145,0.0020771231646111716,161083
790,3.0,161297,0.8557327000047498,161297,0.2950991711744638,0.001869337139031023,161297
791,2.0,161485,0.8555635000047553,161485,0.2645194232860144,0.0015047646083211417,161485
792,3.0,161699,0.8553709000047617,161699,0.29506284033305175,0.0018888851310829328,161699
793,0.0,161833,0.8552503000047657,161833,0.14801767501813262,0.001598842569527828,161833
794,2.0,162026,0.8550766000047714,162026,0.2524569798550457,0.0016786597573820868,162026
795,1.0,162153,0.8549623000047751,162153,0.24071789579832648,0.002127021290228966,162153
796,2.0,162335,0.8547985000047805,162335,0.2548837527264278,0.0015106099581116922,162335
797,4.0,162579,0.8545789000047878,162579,0.3281955427688653,0.0014029504762548327,162579
798,1.0,162727,0.8544457000047921,162727,0.23038413466231242,0.0014324483126983978,162727
799,2.0,162944,0.8542504000047986,162944,0.1940169093898639,0.0016128060863002456,162944
800,4.0,163191,0.8540281000048059,163191,0.29528245396218317,0.001320393152687197,163191
801,1.0,163333,0.8539003000048101,163333,0.2203950537237483,0.001204804232746566,163333
802,4.0,163627,0.8536357000048188,163627,0.267931393341345,0.001410042480102322,163627
803,1.0,163772,0.8535052000048231,163772,0.21274027069067133,0.0014039652957982417,163772
804,2.0,163940,0.8533540000048281,163940,0.27854159097408965,0.0016521886469663947,163940
805,2.0,164109,0.8532019000048331,164109,0.2805205506862268,0.0014184988014687254,164109
806,1.0,164254,0.8530714000048374,164254,0.22136089950799942,0.0012594455609234564,164254
807,3.0,164503,0.8528473000048448,164503,0.2811085254582296,0.0012431877677669715,164503
808,3.0,164746,0.852628600004852,164746,0.25434316716199057,0.0011579231487217248,164746
809,1.0,164896,0.8524936000048564,164896,0.2076315101981163,0.0015276292856045378,164896
810,3.0,165166,0.8522506000048644,165166,0.2740767170433645,0.0012439427351367798,165166
811,3.0,165408,0.8520328000048716,165408,0.2596350203245139,0.0011645225206825859,165408
812,2.0,165589,0.851869900004877,165589,0.2588135099954368,0.0009908163751210523,165589
813,3.0,165785,0.8516935000048828,165785,0.31766821637901727,0.0010130353851365021,165785
814,2.0,165942,0.8515522000048874,165942,0.2940807985319833,0.0009960973752843466,165942
815,2.0,166126,0.8513866000048929,166126,0.2741381959260806,0.0012860453705244531,166126
816,2.0,166300,0.851230000004898,166300,0.27569313818353347,0.0010387188429313969,166300
817,2.0,166460,0.8510860000049028,166460,0.29242049404419956,0.0011042983545848984,166460
818,4.0,166713,0.8508583000049103,166713,0.2683203615866631,0.0012604388676796812,166713
819,2.0,166910,0.8506810000049161,166910,0.2828991847292421,0.0011918417663108983,166910
820,4.0,167215,0.8504065000049251,167215,0.37383711980503115,0.0011595359492424845,167215
821,3.0,167432,0.8502112000049316,167432,0.24855804331772338,0.001147946858312398,167432
822,3.0,167651,0.850014100004938,167651,0.275663145158661,0.0010301067058494544,167651
823,1.0,167786,0.849892600004942,167786,0.22595910446511375,0.0009933631624638414,167786
824,0.0,167904,0.8497864000049455,167904,0.14561567521827706,0.0009418509288156263,167904
825,2.0,168103,0.8496073000049514,168103,0.24491768247967388,0.0011315223346356111,168103
826,2.0,168281,0.8494471000049567,168281,0.27407908841465295,0.0010080136434113597,168281
827,3.0,168509,0.8492419000049635,168509,0.2907492748151223,0.0012729100742210888,168509
828,4.0,168795,0.8489845000049719,168795,0.23943832805836118,0.0011859698209333986,168795
829,2.0,168986,0.8488126000049776,168986,0.2498851723149809,0.0011800200004448763,168986
830,2.0,169158,0.8486578000049827,169158,0.2673677445584258,0.0013428124859570364,169158
831,3.0,169361,0.8484751000049887,169361,0.31257977098079737,0.0011159622122899496,169361
832,4.0,169615,0.8482465000049962,169615,0.29397274935104717,0.0010391173391684516,169615
833,2.0,169793,0.8480863000050015,169793,0.2691352012870687,0.0009056015495731485,169793
834,2.0,169977,0.847920700005007,169977,0.27868720038753486,0.0009215592893704762,169977
835,4.0,170239,0.8476849000050147,170239,0.330963168321675,0.002354809692169927,170239
836,2.0,170405,0.8475355000050196,170405,0.2977417682757579,0.0019048496083909061,170405
837,2.0,170579,0.8473789000050248,170579,0.2859331079298395,0.001878973343322621,170579
838,6.0,170923,0.847069300005035,170923,0.3831941225067821,0.001815894441046281,170923
839,0.0,171032,0.8469712000050382,171032,0.15961355278524783,0.0014291140953091683,171032
840,1.0,171180,0.8468380000050426,171180,0.24936271403488275,0.002075217201530216,171180
841,2.0,171381,0.8466571000050486,171381,0.27352258922597067,0.001610396531614966,171381
842,2.0,171533,0.8465203000050531,171533,0.2729990786235583,0.001436135023763391,171533
843,3.0,171739,0.8463349000050592,171739,0.33208904945228285,0.0013190316114330537,171739
844,4.0,172029,0.8460739000050678,172029,0.31023335402895663,0.0012432355650977616,172029
845,3.0,172232,0.8458912000050738,172232,0.32815448202082675,0.0013155805040494966,172232
846,1.0,172374,0.845763400005078,172374,0.23024240414231595,0.0012931598840866722,172374
847,2.0,172572,0.8455852000050839,172572,0.2674087281856272,0.001258596464461821,172572
848,5.0,172861,0.8453251000050924,172861,0.32937754167301847,0.0011432853124143112,172861
849,2.0,173060,0.8451460000050983,173060,0.30491079577249497,0.0012343347826668403,173060
850,3.0,173298,0.8449318000051054,173298,0.3066839754205792,0.0012212228928149694,173298
851,1.0,173441,0.8448031000051096,173441,0.2290165145601426,0.0014670152319725472,173441
852,0.0,173552,0.8447032000051129,173552,0.1599067317338677,0.0010680265595920402,173552
853,5.0,173854,0.8444314000051218,173854,0.33252242681206456,0.0011510533434718566,173854
854,2.0,174013,0.8442883000051266,174013,0.2973886827159228,0.0012520680453155318,174013
855,2.0,174195,0.844124500005132,174195,0.2833385971057546,0.0011976872247632256,174195
856,1.0,174346,0.8439886000051364,174346,0.23536066128718142,0.0013120628082708436,174346
857,4.0,174580,0.8437780000051434,174580,0.3359692206240108,0.0010952636875716161,174580
858,3.0,174819,0.8435629000051504,174819,0.2982680137312063,0.0011955485844820986,174819
859,0.0,174937,0.8434567000051539,174937,0.15439856462812018,0.0011829667167503276,174937
860,3.0,175153,0.8432623000051603,175153,0.30915943329670914,0.001331247032323046,175153
861,2.0,175336,0.8430976000051658,175336,0.270121299218936,0.0010485223381474101,175336
862,1.0,175465,0.8429815000051696,175465,0.23617363415023154,0.0010051491206454098,175465
863,2.0,175616,0.8428456000051741,175616,0.324721985897481,0.0010113075771831616,175616
864,1.0,175763,0.8427133000051784,175763,0.2312594698298545,0.0012414280664125065,175763
865,4.0,176031,0.8424721000051864,176031,0.33096367707337015,0.0010275669551107845,176031
866,1.0,176175,0.8423425000051906,176175,0.21553047792986035,0.0009820420909818495,176175
867,1.0,176329,0.8422039000051952,176329,0.225523624617558,0.0011164937550111299,176329
868,3.0,176537,0.8420167000052013,176537,0.3084590197899021,0.0009816207377228308,176537
869,3.0,176770,0.8418070000052083,176770,0.30700965894010446,0.0009824981009377799,176770
870,2.0,176942,0.8416522000052133,176942,0.2843419228961995,0.0012113940477341434,176942
871,3.0,177153,0.8414623000052196,177153,0.32610491596127006,0.0011595931324569324,177153
872,3.0,177358,0.8412778000052257,177358,0.33706220119464686,0.0021674929711990422,177358
873,3.0,177558,0.8410978000052316,177558,0.3081729535572231,0.0012798228394967737,177558
874,3.0,177755,0.8409205000052374,177755,0.34369536996039035,0.0009149421587926785,177755
875,3.0,177973,0.8407243000052439,177973,0.3157189926218002,0.0011674135021500635,177973
876,8.0,178420,0.8403220000052571,178420,0.3319261127903691,0.0009144503500581338,178420
877,1.0,178545,0.8402095000052608,178545,0.25217256927490234,0.0008492524966713973,178545
878,3.0,178752,0.840023200005267,178752,0.3337359669919751,0.0012454031078397423,178752
879,3.0,178965,0.8398315000052733,178965,0.32169593303975924,0.0010012775647810315,178965
880,6.0,179318,0.8395138000052838,179318,0.3615121291607365,0.0011843132589445396,179318
881,4.0,179564,0.839292400005291,179564,0.3445405597548659,0.0009579108167880752,179564
882,5.0,179881,0.8390071000053004,179881,0.2938093361253806,0.0008105149259469443,179881
883,0.0,179999,0.8389009000053039,179999,0.1464723924459037,0.0009847103713782725,179999
884,7.0,180372,0.838565200005315,180372,0.38295914857940444,0.0021921589724181456,180372
885,3.0,180576,0.838381600005321,180576,0.29309732015883805,0.0017981591462397344,180576
886,5.0,180882,0.8381062000053301,180882,0.3788435571139155,0.0017139592684091683,180882
887,2.0,181067,0.8379397000053356,181067,0.295779803757732,0.0016914756558017454,181067
888,3.0,181280,0.8377480000053419,181280,0.2761551909533465,0.0018146897364460246,181280
889,5.0,181575,0.8374825000053506,181575,0.315367644494873,0.0015502854074268618,181575
890,1.0,181718,0.8373538000053549,181718,0.2659224667749205,0.0015155736524269793,181718
891,6.0,182072,0.8370352000053654,182072,0.40064148327051585,0.0014723530460128004,182072
892,3.0,182294,0.8368354000053719,182294,0.3449229544683083,0.0016292378031475645,182294
893,3.0,182515,0.8366365000053785,182515,0.3357070924132658,0.0014174442531670575,182515
894,1.0,182642,0.8365222000053822,182642,0.26370098864234337,0.0015646169822861066,182642
895,3.0,182854,0.8363314000053885,182854,0.33697610112996595,0.0013207992620355414,182854
896,3.0,183074,0.836133400005395,183074,0.34491339285265316,0.0012763231271740304,183074
897,3.0,183304,0.8359264000054019,183304,0.3083674634280412,0.001430118532342654,183304
898,3.0,183509,0.8357419000054079,183509,0.3609968115280314,0.0012939223061349788,183509
899,2.0,183704,0.8355664000054137,183704,0.2887935724778053,0.0013438177372639378,183704
900,3.0,183919,0.8353729000054201,183919,0.3498350895074911,0.00126154767647169,183919
901,2.0,184091,0.8352181000054252,184091,0.31458847449962485,0.0011462078950581747,184091
902,3.0,184324,0.8350084000054321,184324,0.2937914988769482,0.0014225803038341197,184324
903,2.0,184477,0.8348707000054366,184477,0.34470697268356687,0.0012450679930100473,184477
904,1.0,184616,0.8347456000054407,184616,0.2552570185000948,0.0010667851470283522,184616
905,5.0,184939,0.8344549000054503,184939,0.3409866834111258,0.001235670887291339,184939
906,2.0,185148,0.8342668000054565,185148,0.2692593217751626,0.0011077899156563301,185148
907,3.0,185363,0.8340733000054629,185363,0.34580905011226964,0.0011600494803725417,185363
908,4.0,185633,0.8338303000054709,185633,0.31527504015851904,0.0013082145649133492,185633
909,3.0,185840,0.833644000005477,185840,0.3474480124271434,0.0012543514420971238,185840
910,4.0,186091,0.8334181000054844,186091,0.3573798758990736,0.0011284051869302038,186091
911,3.0,186311,0.833220100005491,186311,0.3145324534651908,0.001015059365652798,186311
912,2.0,186471,0.8330761000054957,186471,0.33427702528424563,0.0012038404627674026,186471
913,1.0,186615,0.8329465000055,186615,0.2553063764029907,0.0010391838094518688,186615
914,1.0,186742,0.8328322000055037,186742,0.26300356833366895,0.0010855187073338037,186742
915,1.0,186878,0.8327098000055078,186878,0.25160205079352155,0.0012849686352316948,186878
916,1.0,187001,0.8325991000055114,187001,0.26750148808568475,0.001169315418271098,187001
917,1.0,187132,0.8324812000055153,187132,0.2657133791282887,0.0011144106855410691,187132
918,1.0,187282,0.8323462000055197,187282,0.2378509683907032,0.001360958029399626,187282
919,5.0,187576,0.8320816000055284,187576,0.3671711521337227,0.0010247881655727012,187576
920,1.0,187734,0.8319394000055331,187734,0.2309966722998438,0.0009458372533347906,187734
921,3.0,187963,0.8317333000055399,187963,0.33673614937014973,0.001029066482010322,187963
922,3.0,188204,0.831516400005547,188204,0.3358874428569034,0.0011998039829816199,188204
923,4.0,188522,0.8312302000055565,188522,0.30288961485215704,0.0009368383991226346,188522
924,6.0,188918,0.8308738000055682,188918,0.3615612645134932,0.001132169720295504,188918
925,1.0,189059,0.8307469000055724,189059,0.2570654252108107,0.0010296850424368887,189059
926,3.0,189270,0.8305570000055786,189270,0.3504765695799584,0.0011014523562838398,189270
927,4.0,189513,0.8303383000055858,189513,0.35930246439735586,0.0010749984318447977,189513
928,3.0,189741,0.8301331000055926,189741,0.3195549497021395,0.000990417615149023,189741
929,5.0,190030,0.8298730000056012,190030,0.36346202030468566,0.0011399124044974118,190030
930,3.0,190261,0.829665100005608,190261,0.32825010437598995,0.00199029282959041,190261
931,2.0,190437,0.8295067000056132,190437,0.31522779005833645,0.0015593124602343198,190437
932,2.0,190629,0.8293339000056189,190629,0.3013911472711091,0.001817790507781562,190629
933,1.0,190774,0.8292034000056232,190774,0.23043886479632608,0.0015693210731742198,190774
934,2.0,190956,0.8290396000056286,190956,0.304576810162801,0.0016854029343269029,190956
935,3.0,191191,0.8288281000056356,191191,0.3370197463542857,0.0016011931960089529,191191
936,2.0,191360,0.8286760000056406,191360,0.31125174974196057,0.001529460486483391,191360
937,1.0,191495,0.8285545000056446,191495,0.2502623226355623,0.0015751645689036835,191495
938,1.0,191630,0.8284330000056486,191630,0.2636514315450633,0.001652269212839504,191630
939,1.0,191761,0.8283151000056524,191761,0.27467966304366825,0.0015311420480596286,191761
940,6.0,192096,0.8280136000056624,192096,0.39701153269009803,0.0016775882093552083,192096
941,1.0,192254,0.8278714000056671,192254,0.228481621729045,0.0011791472829424457,192254
942,6.0,192666,0.8275006000056793,192666,0.3734693383454408,0.0012828617036575451,192666
943,6.0,192994,0.827205400005689,192994,0.3772981329934626,0.0015148316501947148,192994
944,3.0,193224,0.8269984000056958,193224,0.33047909707478856,0.0012838618651427247,193224
945,4.0,193478,0.8267698000057033,193478,0.3767606519514651,0.0012729481994344003,193478
946,4.0,193741,0.8265331000057111,193741,0.33061689737575134,0.0014773630264313439,193741
947,6.0,194076,0.826231600005721,194076,0.32534700718833437,0.0011472487866916736,194076
948,2.0,194284,0.8260444000057272,194284,0.2980946386232972,0.0011265595488181973,194284
949,4.0,194537,0.8258167000057347,194537,0.31273839278183435,0.0012890177454731313,194537
950,3.0,194751,0.825624100005741,194751,0.3135565334112845,0.0013502580715505468,194751
951,0.0,194870,0.8255170000057446,194870,0.14976967232567923,0.0011219371348901205,194870
952,2.0,195045,0.8253595000057498,195045,0.3221648417200361,0.0012881584967752652,195045
953,4.0,195301,0.8251291000057573,195301,0.3360247087694006,0.001209015738652397,195301
954,3.0,195516,0.8249356000057637,195516,0.29665172696113584,0.0011515660869325837,195516
955,3.0,195730,0.82474300000577,195730,0.3425242568009368,0.0012966463298517254,195730
956,3.0,195928,0.8245648000057759,195928,0.37056691338769115,0.0011642835352268786,195928
957,3.0,196122,0.8243902000057817,196122,0.379493306131707,0.0010604095825572622,196122
958,1.0,196272,0.8242552000057861,196272,0.19952749878168105,0.0010690028211683966,196272
959,4.0,196510,0.8240410000057932,196510,0.37555988488264946,0.001182215620040651,196510
960,1.0,196639,0.823924900005797,196639,0.26455600415320357,0.001258266181414297,196639
961,1.0,196769,0.8238079000058008,196769,0.24860808173051246,0.0011150131359150132,196769
962,2.0,196932,0.8236612000058057,196932,0.3290263278169866,0.0010818800173144204,196932
963,4.0,197190,0.8234290000058133,197190,0.36071711912924465,0.0010117393483018843,197190
964,3.0,197401,0.8232391000058196,197401,0.35202654179238596,0.001124246767473791,197401
965,2.0,197575,0.8230825000058247,197575,0.31715826743721276,0.0011014896184045437,197575
966,2.0,197739,0.8229349000058296,197739,0.33283354087573724,0.0010495908346656061,197739
967,5.0,198043,0.8226613000058386,198043,0.3544596189289893,0.0010772910191726144,198043
968,5.0,198366,0.8223706000058482,198366,0.3804638186475441,0.0010021069403941421,198366
969,3.0,198584,0.8221744000058546,198584,0.3526667024974429,0.0010198625829591472,198584
970,1.0,198711,0.8220601000058584,198711,0.2605338088112084,0.0008182555879832898,198711
971,3.0,198911,0.8218801000058643,198911,0.3662514928355813,0.0010060129756311654,198911
972,2.0,199083,0.8217253000058694,199083,0.32648873641047366,0.0012333362796790573,199083
973,2.0,199257,0.8215687000058746,199257,0.30523660731897956,0.0012456303887736942,199257
974,3.0,199473,0.821374300005881,199473,0.3536094628205454,0.0009697934161118206,199473
975,1.0,199622,0.8212402000058854,199622,0.25736853440335933,0.0010443132785000469,199622
976,2.0,199796,0.8210836000058905,199796,0.315922021844435,0.001064934965529835,199796
977,1.0,199929,0.8209639000058945,199929,0.25741671445898545,0.0008086228381695324,199929
978,4.0,200208,0.8207128000059027,200208,0.33957026143121033,0.0019184539698184914,200208
979,1.0,200350,0.820585000005907,200350,0.25744046564673034,0.0017557955151473001,200350
980,2.0,200503,0.8204473000059115,200503,0.3382972898631314,0.001989065050877923,200503
981,3.0,200721,0.8202511000059179,200721,0.34244444393851886,0.0017942015045331022,200721
982,2.0,200876,0.8201116000059225,200876,0.33534071863658965,0.0016696737506501978,200876
983,0.0,200978,0.8200198000059256,200978,0.18065260876627529,0.001765648289138506,200978
984,3.0,201190,0.8198290000059318,201190,0.35935395785589824,0.001546965523818969,201190
985,0.0,201302,0.8197282000059352,201302,0.15042073163203895,0.00158191507333478,201302
986,6.0,201645,0.8194195000059453,201645,0.39295110903658603,0.0015787869951831661,201645
987,2.0,201810,0.8192710000059502,201810,0.3342931987661304,0.0014903441060927104,201810
988,3.0,202048,0.8190568000059573,202048,0.3581962656824529,0.0012995888432096533,202048
989,4.0,202322,0.8188102000059654,202322,0.33083214537396916,0.0012286385849188761,202322
990,3.0,202542,0.8186122000059719,202542,0.3788660387762568,0.0013426977459113749,202542
991,2.0,202700,0.8184700000059766,202700,0.32849327545565893,0.0016842016057241,202700
992,2.0,202881,0.818307100005982,202881,0.29119548337400286,0.0012767548178893755,202881
993,1.0,203032,0.8181712000059864,203032,0.21859781777128479,0.0012956971406901181,203032
994,2.0,203216,0.8180056000059919,203216,0.22988287537642146,0.0011510818542023037,203216
995,3.0,203416,0.8178256000059978,203416,0.3485484914854169,0.0012955049427546329,203416
996,3.0,203609,0.8176519000060035,203609,0.378656586139931,0.0014787348391581084,203609
997,5.0,203907,0.8173837000060123,203907,0.3723244536293033,0.0013700411322463348,203907
998,2.0,204087,0.8172217000060177,204087,0.2936824943456385,0.001277204846539664,204087
999,2.0,204255,0.8170705000060227,204255,0.3130367425758214,0.0011309528797158106,204255
1000,2.0,204423,0.8169193000060276,204423,0.24174396549573257,0.0011124836613210694,204423
Date/Time End,2019-03-16 16:02:55.182040
