Date/Time Start,2019-03-16 00:32:47.396643
EPISODES,BATCH_SIZE,GAMMA,NO_OP_STEPS,LEARNING_RATE,MIN_GRAD
1001,32,0.99,30,0.0001,0.01
Episode,Score,Mem Lenght,Epsilon,Global Step,Average_q,Average_Loss,Frames
0,4.0,255,1.0,255,0.010125477257750782,0.0,255
1,4.0,495,1.0,495,0.011657239605362217,0.0,495
2,3.0,714,1.0,714,0.010747586623616686,0.0,714
3,0.0,840,1.0,840,0.01018450278345318,0.0,840
4,0.0,964,1.0,964,0.010303840289012559,0.0,964
5,2.0,1144,0.9998704000000043,1144,0.0036696782506371365,0.004608318702958058,1144
6,2.0,1307,0.9997237000000091,1307,0.009827359520224569,0.004459911910809216,1307
7,3.0,1520,0.9995320000000154,1520,0.0200946503165812,0.005797492349583862,1520
8,1.0,1656,0.9994096000000194,1656,0.02460726019104614,0.00669144392657686,1656
9,4.0,1909,0.9991819000000269,1909,0.02653717856279946,0.006988008866971681,1909
10,2.0,2093,0.9990163000000324,2093,0.025283942950646513,0.005046946383374788,2093
11,3.0,2293,0.9988363000000383,2293,0.020321106407791376,0.005254177881470241,2293
12,1.0,2422,0.9987202000000421,2422,0.02246288324222546,0.005023039068965568,2422
13,2.0,2608,0.9985528000000476,2608,0.022601911547764014,0.006308444164343171,2608
14,2.0,2794,0.9983854000000532,2794,0.023014365339912073,0.006128597561587168,2794
15,4.0,3052,0.9981532000000608,3052,0.021495266990779444,0.005392164686302629,3052
16,6.0,3415,0.9978265000000716,3415,0.021367839781295497,0.00527576339417397,3415
17,5.0,3710,0.9975610000000803,3710,0.022549485914030318,0.006684970165298506,3710
18,10.0,4266,0.9970606000000968,4266,0.02562210623429512,0.006044182543519128,4266
19,1.0,4409,0.996931900000101,4409,0.020897545819203337,0.005085356482443028,4409
20,2.0,4600,0.9967600000001067,4600,0.019238885901673303,0.005734213665245084,4600
21,3.0,4823,0.9965593000001133,4823,0.021837556492453735,0.005807934265714003,4823
22,1.0,4964,0.9964324000001175,4964,0.0274340670344466,0.007512128439130004,4964
23,1.0,5088,0.9963208000001211,5088,0.022695759281275735,0.006469370235560833,5088
24,6.0,5439,0.9960049000001315,5439,0.022627358964280864,0.00550054056854173,5439
25,4.0,5685,0.9957835000001388,5685,0.02203777180681747,0.006139157047369011,5685
26,1.0,5815,0.9956665000001427,5815,0.02426604370658214,0.0078059519644459495,5815
27,0.0,5917,0.9955747000001457,5917,0.022262072994136343,0.005758963696779592,5917
28,6.0,6275,0.9952525000001563,6275,0.024107271022366244,0.006024320599786917,6275
29,2.0,6441,0.9951031000001612,6441,0.023885758346821887,0.008137866591023777,6441
30,3.0,6656,0.9949096000001676,6656,0.02489107092625873,0.007289851604091805,6656
31,9.0,7159,0.9944569000001825,7159,0.027428068194693882,0.006390613338981906,7159
32,2.0,7354,0.9942814000001883,7354,0.022451082578836344,0.006163029586661231,7354
33,2.0,7525,0.9941275000001933,7525,0.02253785857941672,0.006830995537706396,7525
34,3.0,7763,0.9939133000002004,7763,0.025808138788497748,0.006975186991447484,7763
35,1.0,7920,0.993772000000205,7920,0.021943177416873207,0.007343636332723018,7920
36,1.0,8051,0.9936541000002089,8051,0.024459212335921427,0.007378153951328962,8051
37,1.0,8180,0.9935380000002128,8180,0.02444835434588351,0.006577123815866996,8180
38,4.0,8436,0.9933076000002203,8436,0.02134235242556315,0.006085874501053468,8436
39,1.0,8578,0.9931798000002245,8578,0.024052387221493353,0.006700020734826185,8578
40,2.0,8780,0.9929980000002305,8780,0.023248510296908345,0.005876132167986275,8780
41,2.0,8985,0.9928135000002366,8985,0.024418703766494264,0.00734904154992475,8985
42,7.0,9342,0.9924922000002472,9342,0.025212045278953238,0.006683849895538316,9342
43,2.0,9508,0.9923428000002521,9508,0.022720186309103507,0.005658713739923046,9508
44,0.0,9622,0.9922402000002555,9622,0.0206190618735395,0.0060772220267768205,9622
45,3.0,9822,0.9920602000002614,9822,0.019402133226394655,0.005550118222818128,9822
46,3.0,10029,0.9918739000002675,10029,0.02212405598897865,0.007006816305595963,10029
47,2.0,10208,0.9917128000002728,10208,0.03496088857590819,0.005630644213338886,10208
48,5.0,10517,0.991434700000282,10517,0.041525961379113706,0.0074827671219149456,10517
49,5.0,10816,0.9911656000002909,10816,0.03708520958380755,0.0065588552134190755,10816
50,2.0,11011,0.9909901000002966,11011,0.04344186272758704,0.006952611801441377,11011
51,1.0,11139,0.9908749000003004,11139,0.04034450251492672,0.0068665436871810925,11139
52,2.0,11322,0.9907102000003059,11322,0.036063725373051206,0.005259408048601233,11322
53,2.0,11480,0.9905680000003105,11480,0.03749917133982423,0.005975713903664448,11480
54,1.0,11607,0.9904537000003143,11607,0.03552585988356842,0.0054772961624062946,11607
55,1.0,11756,0.9903196000003187,11756,0.03946907048257405,0.005517415367746601,11756
56,2.0,11955,0.9901405000003246,11955,0.037297212092870444,0.005833843070059405,11955
57,3.0,12172,0.989945200000331,12172,0.03832891569708899,0.00626899716846,12172
58,6.0,12492,0.9896572000003405,12492,0.03971210907911882,0.006854615527015539,12492
59,2.0,12645,0.989519500000345,12645,0.038954593849922316,0.005860696213299544,12645
60,3.0,12849,0.9893359000003511,12849,0.0373097707827886,0.006140498735048287,12849
61,8.0,13290,0.9889390000003642,13290,0.04238014430855137,0.006410891262996813,13290
62,1.0,13442,0.9888022000003687,13442,0.0389442556096535,0.006783676732897891,13442
63,6.0,13863,0.9884233000003811,13863,0.04307736645755745,0.007027905899270896,13863
64,0.0,13992,0.988307200000385,13992,0.04215135266499002,0.00693040493860626,13992
65,5.0,14310,0.9880210000003944,14310,0.04237019731048143,0.005681357696132937,14310
66,3.0,14521,0.9878311000004006,14521,0.041940632624931244,0.007449645611128695,14521
67,2.0,14717,0.9876547000004064,14717,0.04223281262936641,0.0063022349688476335,14717
68,4.0,14960,0.9874360000004136,14960,0.041497597049293206,0.006791230362944555,14960
69,2.0,15167,0.9872497000004198,15167,0.03921674325126381,0.0064302065012986935,15167
70,1.0,15299,0.9871309000004237,15299,0.04118893018951922,0.006303090331019837,15299
71,1.0,15430,0.9870130000004276,15430,0.04035465513135641,0.006718399942690819,15430
72,2.0,15606,0.9868546000004328,15606,0.041388118819502946,0.006475231591800614,15606
73,1.0,15760,0.9867160000004374,15760,0.03853676688264717,0.006706236298657143,15760
74,0.0,15867,0.9866197000004405,15867,0.03884133271803366,0.007072400436504085,15867
75,3.0,16091,0.9864181000004472,16091,0.03732856263273528,0.006213970346266251,16091
76,4.0,16350,0.9861850000004548,16350,0.04165806986650445,0.007669722967893272,16350
77,2.0,16513,0.9860383000004597,16513,0.03861018361672302,0.006266129939128399,16513
78,1.0,16643,0.9859213000004635,16643,0.0423959653538007,0.006525438319267079,16643
79,3.0,16851,0.9857341000004697,16851,0.035949030523904815,0.005947430604762233,16851
80,1.0,17001,0.9855991000004741,17001,0.040282683993379274,0.007286411529324444,17001
81,3.0,17217,0.9854047000004805,17217,0.038119690130568214,0.005308140902427651,17217
82,2.0,17388,0.9852508000004856,17388,0.03828576795364681,0.007024836265420737,17388
83,2.0,17546,0.9851086000004903,17546,0.04164613304730458,0.008074282509979536,17546
84,4.0,17798,0.9848818000004977,17798,0.041694535755567134,0.006483840306539187,17798
85,3.0,18026,0.9846766000005045,18026,0.03697649952383679,0.006172472299336381,18026
86,2.0,18215,0.9845065000005101,18215,0.04157345203889741,0.0071529661416582435,18215
87,2.0,18417,0.9843247000005161,18417,0.04377857396508207,0.007234915653435285,18417
88,1.0,18578,0.9841798000005209,18578,0.039026308573365955,0.006228857646001755,18578
89,5.0,18890,0.9838990000005301,18890,0.036961074196136534,0.005986073823934044,18890
90,0.0,19011,0.9837901000005337,19011,0.03873502955702711,0.006121453497151619,19011
91,1.0,19157,0.983658700000538,19157,0.04029480577127574,0.007283056900333789,19157
92,1.0,19315,0.9835165000005427,19315,0.03662400471070145,0.005386650415569915,19315
93,3.0,19557,0.9832987000005499,19557,0.03795329449036397,0.005878919676862164,19557
94,2.0,19737,0.9831367000005552,19737,0.03723240503006511,0.006692988820880904,19737
95,2.0,19930,0.9829630000005609,19930,0.0374428430485293,0.005918853514429081,19930
96,4.0,20176,0.9827416000005682,20176,0.04483312263903094,0.006374706417392463,20176
97,2.0,20366,0.9825706000005738,20366,0.05685688135655303,0.00787564388707611,20366
98,1.0,20497,0.9824527000005777,20497,0.0634497633587768,0.007654542810510655,20497
99,2.0,20656,0.9823096000005824,20656,0.05197510427836352,0.005364548906347306,20656
100,3.0,20866,0.9821206000005887,20866,0.053927968495658465,0.007359326458806339,20866
101,0.0,20964,0.9820324000005916,20964,0.05483275537892264,0.005390416441403023,20964
102,0.0,21092,0.9819172000005953,21092,0.051198694185586646,0.004850592289812994,21092
103,3.0,21337,0.9816967000006026,21337,0.05247295863774358,0.006687694712754633,21337
104,7.0,21722,0.981350200000614,21722,0.05644759200029559,0.005409593168276063,21722
105,1.0,21847,0.9812377000006177,21847,0.05561429417133331,0.00557382071777829,21847
106,1.0,21971,0.9811261000006214,21971,0.05177381920117524,0.005384562059457347,21971
107,1.0,22133,0.9809803000006262,22133,0.05429357671995222,0.005455625618690838,22133
108,4.0,22399,0.9807409000006341,22399,0.055364530141416346,0.005703172642811262,22399
109,2.0,22590,0.9805690000006397,22590,0.053503789183200964,0.006408747983886891,22590
110,3.0,22807,0.9803737000006462,22807,0.05192626938910528,0.006973581836114408,22807
111,2.0,22982,0.9802162000006513,22982,0.052558041385241915,0.00638330519956071,22982
112,3.0,23193,0.9800263000006576,23193,0.05192120908207803,0.005949276142721384,23193
113,2.0,23371,0.9798661000006629,23371,0.057975440170992626,0.007625158217788237,23371
114,0.0,23492,0.9797572000006665,23492,0.0551385860120462,0.0053835876455842245,23492
115,2.0,23665,0.9796015000006716,23665,0.05264058427056136,0.006696171748428841,23665
116,3.0,23861,0.9794251000006774,23861,0.053417185682575315,0.006330005673886745,23861
117,7.0,24229,0.9790939000006883,24229,0.05117515893653035,0.006179393110602652,24229
118,1.0,24365,0.9789715000006923,24365,0.05090414688867681,0.005357966641948973,24365
119,1.0,24505,0.9788455000006965,24505,0.05756828678505761,0.005634262148487323,24505
120,2.0,24706,0.9786646000007024,24706,0.05692855659779625,0.007130320853881963,24706
121,1.0,24847,0.9785377000007066,24847,0.05539268693814041,0.007234206922727568,24847
122,1.0,24996,0.978403600000711,24996,0.05286189826242876,0.005924093735436737,24996
123,2.0,25195,0.9782245000007169,25195,0.05464344355628718,0.006456912747075625,25195
124,2.0,25392,0.9780472000007228,25392,0.058881621807813644,0.0074150835912982545,25392
125,1.0,25539,0.9779149000007271,25539,0.05565532902572431,0.005381066588077894,25539
126,2.0,25719,0.9777529000007325,25719,0.05151971849716372,0.0051830335531829206,25719
127,3.0,25933,0.9775603000007388,25933,0.050498845856462686,0.006365318339992661,25933
128,3.0,26129,0.9773839000007446,26129,0.048984407561318,0.005147321364440396,26129
129,2.0,26311,0.97722010000075,26311,0.05094412974194511,0.005621488783387806,26311
130,4.0,26599,0.9769609000007585,26599,0.04836936271749437,0.005022571319260451,26599
131,6.0,26958,0.9766378000007692,26958,0.05397474522959223,0.00667290638568101,26958
132,3.0,27171,0.9764461000007755,27171,0.05274460384263679,0.006470464805481046,27171
133,2.0,27378,0.9762598000007816,27378,0.05328143019103198,0.0052519065637188144,27378
134,0.0,27480,0.9761680000007846,27480,0.05211268642953798,0.00593801991632134,27480
135,2.0,27633,0.9760303000007892,27633,0.05294159685377202,0.005874155094228674,27633
136,3.0,27842,0.9758422000007954,27842,0.05201570532823864,0.005710726658522338,27842
137,1.0,27971,0.9757261000007992,27971,0.05298517430706542,0.006584115009167179,27971
138,4.0,28265,0.9754615000008079,28265,0.05242208715807013,0.005279439092804268,28265
139,2.0,28430,0.9753130000008128,28430,0.049642506670771226,0.00544646405822167,28430
140,3.0,28659,0.9751069000008196,28659,0.05488975302165773,0.0062697616705052524,28659
141,3.0,28899,0.9748909000008267,28899,0.056690181419253347,0.006443390918487542,28899
142,1.0,29049,0.9747559000008311,29049,0.05298756785690784,0.005380831010285571,29049
143,3.0,29308,0.9745228000008388,29308,0.05137815127961884,0.005977795076836642,29308
144,1.0,29434,0.9744094000008425,29434,0.05322691135936313,0.006613889082516488,29434
145,1.0,29579,0.9742789000008468,29579,0.05144250811687831,0.005341488523544254,29579
146,5.0,29909,0.9739819000008566,29909,0.05471212301741947,0.006690925074905284,29909
147,4.0,30177,0.9737407000008645,30177,0.06079172425027659,0.006269786860270666,30177
148,3.0,30404,0.9735364000008713,30404,0.06537030945790497,0.005349657267104118,30404
149,1.0,30548,0.9734068000008755,30548,0.07352385545770328,0.006135765502550485,30548
150,0.0,30655,0.9733105000008787,30655,0.0765797605859899,0.00752366786070873,30655
151,0.0,30754,0.9732214000008816,30754,0.07512893000937472,0.007357432953972191,30754
152,2.0,30942,0.9730522000008872,30942,0.07441326809373308,0.006521025379194551,30942
153,3.0,31163,0.9728533000008938,31163,0.06828239292108634,0.0063963577757935606,31163
154,2.0,31373,0.9726643000009,31373,0.07520195536670231,0.006716346186104125,31373
155,2.0,31562,0.9724942000009056,31562,0.07204548628241927,0.004800345510153978,31562
156,2.0,31730,0.9723430000009106,31730,0.0709990983873251,0.006823396583015329,31730
157,3.0,31977,0.9721207000009179,31977,0.0699434678413366,0.006029140128677372,31977
158,2.0,32130,0.9719830000009224,32130,0.07148058800136342,0.005403061671410969,32130
159,5.0,32472,0.9716752000009325,32472,0.07097632904150332,0.006177870844367773,32472
160,2.0,32635,0.9715285000009374,32635,0.06583866787834401,0.004794382300730323,32635
161,2.0,32810,0.9713710000009426,32810,0.0754508358665875,0.006292477911961864,32810
162,2.0,32971,0.9712261000009473,32971,0.07001637109780903,0.005790861782154918,32971
163,2.0,33161,0.971055100000953,33161,0.06854467993896259,0.005083864016370698,33161
164,2.0,33351,0.9708841000009586,33351,0.07410782199156912,0.0062139234233128315,33351
165,2.0,33553,0.9707023000009646,33553,0.0694513032489484,0.005856144604958089,33553
166,1.0,33682,0.9705862000009684,33682,0.07535856985306555,0.00625756153081162,33682
167,3.0,33911,0.9703801000009752,33911,0.07074939039857106,0.006369001766362133,33911
168,1.0,34057,0.9702487000009795,34057,0.06846933852728099,0.005760205612342075,34057
169,1.0,34206,0.9701146000009839,34206,0.07371225603074835,0.006559600914375709,34206
170,3.0,34443,0.969901300000991,34443,0.07057365888281714,0.006024682572733351,34443
171,2.0,34648,0.969716800000997,34648,0.07153629322604435,0.006775181498126518,34648
172,2.0,34856,0.9695296000010032,34856,0.07921443772144042,0.007160218713404622,34856
173,3.0,35044,0.9693604000010088,35044,0.06744989968757047,0.005612091465681783,35044
174,2.0,35204,0.9692164000010135,35204,0.07005898670759052,0.005726984672605795,35204
175,4.0,35499,0.9689509000010222,35499,0.06945419730776448,0.005222013677441776,35499
176,3.0,35742,0.9687322000010294,35742,0.06856341097396587,0.0052577832187503774,35742
177,5.0,36048,0.9684568000010385,36048,0.07660643949958623,0.006438927682472769,36048
178,2.0,36224,0.9682984000010437,36224,0.06748083282516083,0.006004862055822907,36224
179,1.0,36374,0.9681634000010482,36374,0.07526002705097198,0.005989395921666679,36374
180,6.0,36741,0.967833100001059,36741,0.07146608142298963,0.006125926461642702,36741
181,1.0,36877,0.9677107000010631,36877,0.07266427088967141,0.00504396300299745,36877
182,2.0,37101,0.9675091000010697,37101,0.07491760458131987,0.0064350930193443545,37101
183,8.0,37503,0.9671473000010816,37503,0.070566966647829,0.0058693565295072575,37503
184,1.0,37635,0.9670285000010855,37635,0.07408438024647308,0.0066835583361215395,37635
185,4.0,37922,0.966770200001094,37922,0.07543407980261779,0.005900226934515942,37922
186,3.0,38139,0.9665749000011005,38139,0.06664747864969316,0.00573144382167828,38139
187,1.0,38284,0.9664444000011048,38284,0.06796101398509125,0.0062100689703145,38284
188,1.0,38422,0.9663202000011089,38422,0.07036429640931496,0.0064071978949473505,38422
189,1.0,38585,0.9661735000011137,38585,0.07369529346198392,0.005148748924283124,38585
190,1.0,38716,0.9660556000011176,38716,0.07343942336453736,0.006028372201482492,38716
191,5.0,39033,0.965770300001127,39033,0.06895838498082071,0.00452671099624197,39033
192,2.0,39206,0.9656146000011321,39206,0.07169219860107223,0.00619047626848489,39206
193,2.0,39386,0.9654526000011374,39386,0.06954144266330534,0.005957207965265197,39386
194,2.0,39571,0.9652861000011429,39571,0.0697858825527333,0.0062027795415692585,39571
195,2.0,39769,0.9651079000011488,39769,0.0717276878316294,0.006753418381464658,39769
196,5.0,40089,0.9648199000011582,40089,0.0679079870111309,0.005652517939080326,40089
197,1.0,40229,0.9646939000011624,40229,0.0890106711536646,0.00876579470397181,40229
198,3.0,40460,0.9644860000011692,40460,0.0809940541590447,0.0066142646092251225,40460
199,1.0,40589,0.9643699000011731,40589,0.08343333300462989,0.005348229722092005,40589
200,5.0,40896,0.9640936000011822,40896,0.09036114343505729,0.00607626993598731,40896
201,1.0,41043,0.9639613000011865,41043,0.08763088534275691,0.0061722138862828025,41043
202,4.0,41294,0.963735400001194,41294,0.08369111700124475,0.005859352205308925,41294
203,2.0,41474,0.9635734000011993,41474,0.08960713321963946,0.006419568982002804,41474
204,0.0,41573,0.9634843000012022,41573,0.09037728126000877,0.006296786602277536,41573
205,3.0,41838,0.9632458000012101,41838,0.09325983788607256,0.007098423351683623,41838
206,5.0,42163,0.9629533000012197,42163,0.0898199158677688,0.005408248867880992,42163
207,5.0,42453,0.9626923000012283,42453,0.08473758014111683,0.0064574205034346206,42453
208,1.0,42580,0.9625780000012321,42580,0.08826679906507176,0.005412393737275325,42580
209,1.0,42703,0.9624673000012357,42703,0.09008245654707032,0.006478164685665057,42703
210,3.0,42922,0.9622702000012422,42922,0.07880327282430918,0.00654637129295864,42922
211,1.0,43075,0.9621325000012467,43075,0.08849343102352292,0.00563331032109548,43075
212,3.0,43320,0.961912000001254,43320,0.0882953653834304,0.0052057780122354135,43320
213,4.0,43598,0.9616618000012622,43598,0.08444978393239083,0.006011969774610027,43598
214,1.0,43762,0.9615142000012671,43762,0.09236255374441786,0.006936620457786265,43762
215,5.0,44082,0.9612262000012766,44082,0.08156542221549898,0.005576059815695089,44082
216,4.0,44333,0.961000300001284,44333,0.08464591721614519,0.006150547572538216,44333
217,1.0,44466,0.9608806000012879,44466,0.09222254364338137,0.006220145474717151,44466
218,1.0,44612,0.9607492000012923,44612,0.08840730571991777,0.004286997965109923,44612
219,6.0,44951,0.9604441000013023,44951,0.0924634692811333,0.006485803999258466,44951
220,3.0,45163,0.9602533000013086,45163,0.08396992097907471,0.00624187205759435,45163
221,3.0,45369,0.9600679000013147,45369,0.08407581579482672,0.00577187404161626,45369
222,5.0,45724,0.9597484000013252,45724,0.09393345839540723,0.005411112001482405,45724
223,3.0,45943,0.9595513000013317,45943,0.08187116570260426,0.00515117576412182,45943
224,6.0,46284,0.9592444000013418,46284,0.08603531401877529,0.0063616084735685224,46284
225,0.0,46393,0.959146300001345,46393,0.09493257638511307,0.007405191473956562,46393
226,1.0,46554,0.9590014000013498,46554,0.08890061584873969,0.006415272163106446,46554
227,3.0,46794,0.9587854000013569,46794,0.08695721589028835,0.006489653844134106,46794
228,3.0,47008,0.9585928000013633,47008,0.08561841374106496,0.006046098800142547,47008
229,2.0,47212,0.9584092000013693,47212,0.08554759059174388,0.0055936768861226715,47212
230,4.0,47482,0.9581662000013773,47482,0.08503592593802346,0.005895825325380967,47482
231,0.0,47595,0.9580645000013807,47595,0.08902168425574766,0.006492425844655887,47595
232,4.0,47853,0.9578323000013883,47853,0.08432508924210719,0.006120353711862275,47853
233,2.0,48020,0.9576820000013933,48020,0.084282849497067,0.006536616574881199,48020
234,2.0,48205,0.9575155000013987,48205,0.08091161126220549,0.006233894210871202,48205
235,2.0,48389,0.9573499000014042,48389,0.09088774102375559,0.00602596844326241,48389
236,2.0,48569,0.9571879000014095,48569,0.08274895764059491,0.005140554902946961,48569
237,3.0,48774,0.9570034000014156,48774,0.07929358991180978,0.005715378007330511,48774
238,3.0,48993,0.9568063000014221,48993,0.08576020955631178,0.005992317218156069,48993
239,2.0,49228,0.956594800001429,49228,0.09149767981564745,0.006367243267518364,49228
240,3.0,49428,0.956414800001435,49428,0.08666010666638613,0.005615738611759298,49428
241,4.0,49649,0.9562159000014415,49649,0.08513220338934686,0.005998990302279247,49649
242,3.0,49872,0.9560152000014481,49872,0.0844211401960775,0.007246767474392444,49872
243,3.0,50085,0.9558235000014544,50085,0.08979097624339968,0.00618644823316572,50085
244,1.0,50213,0.9557083000014582,50213,0.10710413177730516,0.007208369464507314,50213
245,1.0,50350,0.9555850000014623,50350,0.10291764058553389,0.005630225329424075,50350
246,1.0,50494,0.9554554000014666,50494,0.10253662709146738,0.0060867794276823085,50494
247,1.0,50632,0.9553312000014706,50632,0.10249537353714307,0.005239634873812948,50632
248,2.0,50804,0.9551764000014757,50804,0.10246225901294587,0.006477862169705013,50804
249,2.0,51006,0.9549946000014817,51006,0.10452839466604856,0.007112489774062671,51006
250,4.0,51309,0.9547219000014907,51309,0.10008671506009872,0.005560551462226028,51309
251,1.0,51442,0.9546022000014946,51442,0.09964695880959805,0.005684268416223489,51442
252,4.0,51709,0.9543619000015026,51709,0.10356568363721898,0.0066217238295956105,51709
253,3.0,51939,0.9541549000015094,51939,0.09683821654838065,0.0052502579809737175,51939
254,0.0,52057,0.9540487000015129,52057,0.10092662420060675,0.004433886149530797,52057
255,1.0,52211,0.9539101000015174,52211,0.1044267513728761,0.0064122648441711635,52211
256,1.0,52350,0.9537850000015216,52350,0.10513811794330748,0.005561063965569374,52350
257,4.0,52586,0.9535726000015285,52586,0.0990864142333552,0.005815980996862505,52586
258,2.0,52780,0.9533980000015343,52780,0.09807175305700794,0.005980574930495986,52780
259,0.0,52902,0.9532882000015379,52902,0.10206159301957146,0.004675105355977766,52902
260,3.0,53118,0.9530938000015443,53118,0.09524884602675836,0.0053125789882465645,53118
261,2.0,53287,0.9529417000015493,53287,0.09694691901728952,0.005406950291669129,53287
262,1.0,53425,0.9528175000015534,53425,0.10391947033180707,0.006352804644742771,53425
263,2.0,53598,0.9526618000015585,53598,0.10051005023580066,0.006163474405478791,53598
264,1.0,53745,0.9525295000015629,53745,0.1017043946348891,0.006820114570504314,53745
265,4.0,54006,0.9522946000015706,54006,0.09540055923420808,0.005068254969161387,54006
266,6.0,54378,0.9519598000015816,54378,0.10315377787957268,0.006409947423313125,54378
267,1.0,54532,0.9518212000015862,54532,0.10106103804397892,0.006318516008383534,54532
268,2.0,54720,0.9516520000015918,54720,0.10280894079899534,0.0061418636838193085,54720
269,3.0,54925,0.9514675000015979,54925,0.09528257785046973,0.005226822102929695,54925
270,3.0,55141,0.9512731000016043,55141,0.09323575544274515,0.006171594813504607,55141
271,2.0,55319,0.9511129000016095,55319,0.10104430563161883,0.005927788962478363,55319
272,3.0,55538,0.950915800001616,55538,0.09808634762486367,0.004985953160624348,55538
273,1.0,55669,0.9507979000016199,55669,0.09892229627789433,0.006677021306430328,55669
274,2.0,55854,0.9506314000016254,55854,0.10491864262400447,0.0068476805063452245,55854
275,3.0,56066,0.9504406000016317,56066,0.09386303831102713,0.006147335065196664,56066
276,6.0,56385,0.9501535000016411,56385,0.10128146171756673,0.006184748621319649,56385
277,3.0,56590,0.9499690000016472,56590,0.10343261103077632,0.006644687696896698,56590
278,7.0,56991,0.9496081000016591,56991,0.10954833181198696,0.005755619195981507,56991
279,2.0,57174,0.9494434000016645,57174,0.10591513386678175,0.006774194902411053,57174
280,3.0,57402,0.9492382000016713,57402,0.10036976014574368,0.005507199678089691,57402
281,3.0,57639,0.9490249000016783,57639,0.10114438737495036,0.005750583594560612,57639
282,0.0,57736,0.9489376000016811,57736,0.10815109880929141,0.006938589244566981,57736
283,4.0,57989,0.9487099000016886,57989,0.09539421553550502,0.006552458748449397,57989
284,3.0,58217,0.9485047000016954,58217,0.09950523709126732,0.005722081617310131,58217
285,4.0,58503,0.9482473000017039,58503,0.10898800387040719,0.0066492814082260345,58503
286,4.0,58782,0.9479962000017121,58782,0.1010713922560856,0.005693801596797416,58782
287,1.0,58917,0.9478747000017161,58917,0.10262268511233506,0.005703364984569985,58917
288,5.0,59232,0.9475912000017255,59232,0.10375498414985718,0.006673554383289431,59232
289,1.0,59408,0.9474328000017307,59408,0.10835041546008804,0.007527202594474147,59408
290,3.0,59646,0.9472186000017377,59646,0.09200705879000055,0.005808299045399332,59646
291,4.0,59934,0.9469594000017463,59934,0.10476838758525749,0.005515997682051774,59934
292,3.0,60133,0.9467803000017522,60133,0.10414709367943768,0.006239293830530091,60133
293,3.0,60405,0.9465355000017602,60405,0.12128646033542122,0.005967949449507828,60405
294,3.0,60645,0.9463195000017673,60645,0.11032182984054088,0.005908887061991663,60645
295,1.0,60796,0.9461836000017718,60796,0.11273851373929851,0.006640255900745747,60796
296,2.0,60956,0.9460396000017766,60956,0.11310321143828332,0.005980469839323632,60956
297,6.0,61320,0.9457120000017873,61320,0.1217615089409954,0.006846644669187279,61320
298,4.0,61590,0.9454690000017953,61590,0.11650746925561517,0.006866539541105912,61590
299,2.0,61773,0.9453043000018008,61773,0.11071560035149257,0.005855594565596494,61773
300,4.0,62031,0.9450721000018084,62031,0.11199195697441582,0.0063923450603580526,62031
301,2.0,62228,0.9448948000018143,62228,0.11270188725539271,0.005674541641572543,62228
302,2.0,62411,0.9447301000018197,62411,0.12007301268193239,0.006366325837553716,62411
303,4.0,62701,0.9444691000018283,62701,0.12045929835274302,0.005955938431700282,62701
304,3.0,62917,0.9442747000018347,62917,0.11547148607119366,0.007309489300496352,62917
305,3.0,63143,0.9440713000018414,63143,0.10860193599905588,0.006214739863589301,63143
306,2.0,63321,0.9439111000018466,63321,0.1155277421551474,0.007609295904841745,63321
307,5.0,63609,0.9436519000018552,63609,0.11088156891572806,0.005695460538416026,63609
308,2.0,63786,0.9434926000018604,63786,0.11504972650338027,0.005698626116752634,63786
309,2.0,63985,0.9433135000018663,63985,0.1159430850465693,0.006700817851512269,63985
310,0.0,64109,0.94320190000187,64109,0.12209047977962802,0.005983237322403335,64109
311,2.0,64273,0.9430543000018748,64273,0.10981475066666196,0.005402216959005383,64273
312,3.0,64519,0.9428329000018821,64519,0.11493762340245207,0.005756384567450176,64519
313,1.0,64663,0.9427033000018864,64663,0.1119566651371618,0.006445320448910429,64663
314,5.0,64976,0.9424216000018957,64976,0.12444975679389204,0.005887908722908292,64976
315,3.0,65229,0.9421939000019032,65229,0.11085015002328888,0.006586708448788558,65229
316,5.0,65526,0.941926600001912,65526,0.108725739022096,0.006625960538169563,65526
317,0.0,65654,0.9418114000019158,65654,0.12079410412115976,0.006470710054713891,65654
318,3.0,65890,0.9415990000019228,65890,0.11908706441774207,0.005734447090578785,65890
319,5.0,66200,0.941320000001932,66200,0.11387443713122798,0.006622185802153845,66200
320,4.0,66460,0.9410860000019396,66460,0.11152333218890886,0.006732118572745094,66460
321,2.0,66634,0.9409294000019448,66634,0.11627277209498417,0.007385691066984095,66634
322,0.0,66762,0.9408142000019486,66762,0.12049697543261573,0.007031759085975864,66762
323,2.0,66937,0.9406567000019538,66937,0.10737958856991359,0.006661673751971518,66937
324,5.0,67270,0.9403570000019636,67270,0.11718621272761542,0.007272308597497361,67270
325,1.0,67400,0.9402400000019675,67400,0.11614742857905534,0.0052290292862800505,67400
326,6.0,67801,0.9398791000019794,67801,0.11584971538579969,0.005428501506263419,67801
327,1.0,67939,0.9397549000019835,67939,0.11332625782360202,0.006382809279165341,67939
328,4.0,68244,0.9394804000019925,68244,0.11572136900952605,0.006148311241182067,68244
329,1.0,68382,0.9393562000019966,68382,0.1160923277122387,0.005798438199934131,68382
330,6.0,68704,0.9390664000020061,68704,0.11257143591686805,0.006405983122287512,68704
331,3.0,68922,0.9388702000020126,68922,0.10950810298186923,0.005364913982894913,68922
332,3.0,69127,0.9386857000020187,69127,0.10764205241348686,0.006578273645954607,69127
333,1.0,69278,0.9385498000020231,69278,0.11642865658990595,0.005545935886137713,69278
334,0.0,69418,0.9384238000020273,69418,0.11521104244249207,0.0043273511461328395,69418
335,1.0,69565,0.9382915000020317,69565,0.11009788913588946,0.004209387690009856,69565
336,3.0,69783,0.9380953000020381,69783,0.11365075265869089,0.006226107357854852,69783
337,4.0,70032,0.9378712000020455,70032,0.11935334099105084,0.007280137494866407,70032
338,1.0,70190,0.9377290000020502,70190,0.13223933584139316,0.006325647801980877,70190
339,1.0,70320,0.937612000002054,70320,0.1358271802847202,0.005494777638467405,70320
340,3.0,70535,0.9374185000020604,70535,0.12467326518408088,0.006351856925945423,70535
341,3.0,70738,0.9372358000020664,70738,0.1201407506034292,0.005938889425988908,70738
342,1.0,70859,0.93712690000207,70859,0.13224704723712827,0.005239261215506266,70859
343,2.0,71044,0.9369604000020755,71044,0.13230237159374597,0.007300861561187147,71044
344,1.0,71183,0.9368353000020796,71183,0.13093181050938668,0.0067673273240988685,71183
345,2.0,71396,0.9366436000020859,71396,0.1319294966442484,0.006044046838275828,71396
346,6.0,71726,0.9363466000020957,71726,0.1295669436454773,0.005824811197271629,71726
347,2.0,71920,0.9361720000021014,71920,0.1225438541204659,0.005471430715954636,71920
348,2.0,72100,0.9360100000021068,72100,0.12143295928835869,0.006419925568565708,72100
349,4.0,72349,0.9357859000021141,72349,0.11800918494721493,0.005483776145067613,72349
350,6.0,72747,0.9354277000021259,72747,0.12793744896449635,0.0062493663493950954,72747
351,4.0,72975,0.9352225000021327,72975,0.1199032916573056,0.0067341775359301735,72975
352,1.0,73110,0.9351010000021367,73110,0.12724744258103549,0.005652678849879454,73110
353,4.0,73364,0.9348724000021442,73364,0.12114002265212104,0.005808942511918765,73364
354,3.0,73579,0.9346789000021506,73579,0.12709730170493902,0.007523397836586471,73579
355,2.0,73741,0.9345331000021554,73741,0.12730685718081616,0.006462712232781614,73741
356,4.0,74037,0.9342667000021642,74037,0.13181045908178832,0.005750320497069166,74037
357,2.0,74248,0.9340768000021704,74248,0.13621506013717696,0.00652330114941846,74248
358,5.0,74574,0.9337834000021801,74574,0.12028388688169374,0.00649639413903484,74574
359,2.0,74751,0.9336241000021853,74751,0.12313186133143592,0.005118091033485446,74751
360,0.0,74861,0.9335251000021886,74861,0.13548583130944858,0.006738187877470574,74861
361,2.0,75030,0.9333730000021936,75030,0.12981539678115112,0.0057134180306039365,75030
362,3.0,75236,0.9331876000021997,75236,0.12146719899571058,0.0053211692088950165,75236
363,2.0,75422,0.9330202000022052,75422,0.12668266291579894,0.0070654072282762765,75422
364,4.0,75661,0.9328051000022123,75661,0.12041189191106971,0.0060138738232681935,75661
365,4.0,75935,0.9325585000022204,75935,0.1343996184096284,0.0067961713585002114,75935
366,1.0,76076,0.9324316000022246,76076,0.1311892683730058,0.005418412905086409,76076
367,0.0,76172,0.9323452000022274,76172,0.1342686302959919,0.006422609557982166,76172
368,6.0,76518,0.9320338000022377,76518,0.11819404671560822,0.006879081282937277,76518
369,2.0,76726,0.9318466000022438,76726,0.13433998744361675,0.005470400896097789,76726
370,2.0,76901,0.931689100002249,76901,0.12184323911155973,0.00529586143349921,76901
371,1.0,77048,0.9315568000022534,77048,0.1343054343141666,0.006748540174306313,77048
372,1.0,77177,0.9314407000022572,77177,0.13460475391195725,0.005980924228762972,77177
373,2.0,77345,0.9312895000022622,77345,0.12455963343381882,0.006269145333481859,77345
374,3.0,77613,0.9310483000022701,77613,0.13718571538911828,0.006384293042187824,77613
375,2.0,77784,0.9308944000022752,77784,0.12614868694578696,0.005562973497891581,77784
376,3.0,78018,0.9306838000022821,78018,0.12353003878369291,0.005850354847712164,78018
377,1.0,78170,0.9305470000022866,78170,0.13169235147927938,0.006036549612034784,78170
378,0.0,78276,0.9304516000022898,78276,0.13926683970779744,0.007429088902941692,78276
379,2.0,78456,0.9302896000022951,78456,0.13021228450040023,0.006580955156783198,78456
380,4.0,78714,0.9300574000023027,78714,0.11733348947740341,0.006169225140719525,78714
381,0.0,78837,0.9299467000023064,78837,0.13211975373872897,0.005642269692248007,78837
382,1.0,78963,0.9298333000023101,78963,0.13452803124747578,0.006628763665878704,78963
383,1.0,79110,0.9297010000023145,79110,0.1258638643083118,0.005706502633513986,79110
384,6.0,79443,0.9294013000023243,79443,0.12423491166966097,0.006272191955515821,79443
385,2.0,79636,0.9292276000023301,79636,0.12379312279774117,0.006394536039561508,79636
386,3.0,79871,0.929016100002337,79871,0.1294391225310082,0.006492822747888103,79871
387,4.0,80142,0.9287722000023451,80142,0.13613456938539484,0.006866469755745149,80142
388,5.0,80435,0.9285085000023537,80435,0.1367603800046566,0.006546776386667665,80435
389,2.0,80616,0.9283456000023591,80616,0.14649075895383212,0.005797165152764328,80616
390,1.0,80757,0.9282187000023633,80757,0.14863990162704008,0.006922233338150525,80757
391,3.0,80980,0.9280180000023699,80980,0.14467917783645237,0.005535671577996303,80980
392,1.0,81112,0.9278992000023738,81112,0.14867123927582393,0.006388005572454968,81112
393,3.0,81310,0.9277210000023797,81310,0.1370529772130528,0.0059964092147908165,81310
394,4.0,81564,0.9274924000023872,81564,0.1434066620046698,0.0066148882537321,81564
395,4.0,81826,0.927256600002395,81826,0.147378072483849,0.0068994779683162885,81826
396,4.0,82082,0.9270262000024025,82082,0.13810561189893633,0.006441503566080087,82082
397,2.0,82257,0.9268687000024077,82257,0.1428700831106731,0.0061590560829375,82257
398,2.0,82435,0.926708500002413,82435,0.15039474893821758,0.007204088323663435,82435
399,3.0,82687,0.9264817000024205,82687,0.15572100008527437,0.0070265255157903,82687
400,1.0,82840,0.926344000002425,82840,0.15582410796405444,0.005939323079598812,82840
401,1.0,82986,0.9262126000024293,82986,0.14636926424421676,0.0066211180022548105,82986
402,3.0,83196,0.9260236000024356,83196,0.1523813960807664,0.005843510659360618,83196
403,0.0,83310,0.9259210000024389,83310,0.1559986353181956,0.006669991662085139,83310
404,0.0,83421,0.9258211000024422,83421,0.15429278778600264,0.006270377105170769,83421
405,5.0,83690,0.9255790000024502,83690,0.1409534303450673,0.006737368045376699,83690
406,1.0,83825,0.9254575000024542,83825,0.14511153940801266,0.005786995988051381,83825
407,1.0,83981,0.9253171000024588,83981,0.14765222122271857,0.006690835233957142,83981
408,2.0,84185,0.9251335000024649,84185,0.14808750948777386,0.0064589872595830706,84185
409,2.0,84351,0.9249841000024698,84351,0.15271608325013195,0.006590899356754573,84351
410,2.0,84535,0.9248185000024752,84535,0.14921731404636218,0.006762667673762696,84535
411,3.0,84757,0.9246187000024818,84757,0.1356607602724621,0.006069267295884315,84757
412,6.0,85070,0.9243370000024911,85070,0.1447074283330966,0.005657133296682759,85070
413,1.0,85230,0.9241930000024958,85230,0.14671651078388095,0.0070796398171751205,85230
414,2.0,85415,0.9240265000025013,85415,0.14184735787881386,0.007644142902781086,85415
415,0.0,85530,0.9239230000025047,85530,0.1561011738103369,0.0069793155096071445,85530
416,1.0,85656,0.9238096000025084,85656,0.1522606909275055,0.005674902164563329,85656
417,3.0,85859,0.9236269000025145,85859,0.13971195402991007,0.005747707510121015,85859
418,3.0,86100,0.9234100000025216,86100,0.14619004380158865,0.005560407026270575,86100
419,0.0,86215,0.923306500002525,86215,0.15741239799105602,0.007335982743508952,86215
420,0.0,86320,0.9232120000025281,86320,0.15754058219137645,0.006414763988279793,86320
421,0.0,86430,0.9231130000025314,86430,0.15383235351605848,0.005082131099069639,86430
422,0.0,86534,0.9230194000025345,86534,0.150654093720592,0.005678880526200094,86534
423,3.0,86720,0.92285200000254,86720,0.14662702101212677,0.007329687674623577,86720
424,1.0,86866,0.9227206000025443,86866,0.1481604271963851,0.005720058871091866,86866
425,2.0,87055,0.9225505000025499,87055,0.1395581693009094,0.004913917442974236,87055
426,2.0,87251,0.9223741000025557,87251,0.1444712507785583,0.005801983350567975,87251
427,3.0,87478,0.9221698000025624,87478,0.1395521072038995,0.005557528068962181,87478
428,2.0,87639,0.9220249000025672,87639,0.14199551616026007,0.006251837541634621,87639
429,1.0,87791,0.9218881000025717,87791,0.15129745153612212,0.006747771679616371,87791
430,1.0,87924,0.9217684000025756,87924,0.15218540600367955,0.005394368456040695,87924
431,3.0,88134,0.9215794000025819,88134,0.14820719673520044,0.006057309260766141,88134
432,1.0,88258,0.9214678000025855,88258,0.14701319137407887,0.005113525519581961,88258
433,2.0,88440,0.9213040000025909,88440,0.13896025172792947,0.005871322150107097,88440
434,2.0,88609,0.921151900002596,88609,0.14422022714417362,0.006361488680448332,88609
435,1.0,88741,0.9210331000025999,88741,0.14994199280485962,0.006705831981159436,88741
436,1.0,88874,0.9209134000026038,88874,0.14009160890166922,0.004834256979225565,88874
437,2.0,89085,0.92072350000261,89085,0.15011955034958807,0.005810218186732062,89085
438,4.0,89333,0.9205003000026174,89333,0.13904221788529428,0.0059540392701511605,89333
439,3.0,89548,0.9203068000026238,89548,0.13288702878148057,0.004629741480079416,89548
440,3.0,89766,0.9201106000026302,89766,0.13699750270728672,0.005929945681300273,89766
441,3.0,89984,0.9199144000026367,89984,0.14246336979056717,0.005893620955190072,89984
442,1.0,90154,0.9197614000026417,90154,0.16353134425247418,0.005563928659279661,90154
443,4.0,90415,0.9195265000026495,90415,0.16007928036410232,0.006520868211681497,90415
444,1.0,90558,0.9193978000026537,90558,0.1699655231062349,0.006414007313460579,90558
445,2.0,90739,0.9192349000026591,90739,0.166570616361186,0.007092407177934341,90739
446,1.0,90885,0.9191035000026634,90885,0.16722087541671649,0.0063757669120305975,90885
447,1.0,91031,0.9189721000026677,91031,0.16688565368929956,0.006942917738541999,91031
448,3.0,91252,0.9187732000026743,91252,0.16109393671896663,0.00620210801778789,91252
449,3.0,91474,0.9185734000026808,91474,0.16601178620581156,0.007001782704621193,91474
450,5.0,91808,0.9182728000026907,91808,0.17236079422835104,0.006783772664599535,91808
451,2.0,91976,0.9181216000026957,91976,0.16485730301411378,0.006802020087770004,91976
452,4.0,92253,0.9178723000027039,92253,0.15512873630446217,0.006498878599741673,92253
453,2.0,92439,0.9177049000027094,92439,0.16780665749183266,0.007708117741067229,92439
454,3.0,92653,0.9175123000027158,92653,0.15696386275725943,0.0064680912894282214,92653
455,1.0,92797,0.91738270000272,92797,0.17110196283708015,0.005734197810473536,92797
456,2.0,92969,0.9172279000027251,92969,0.15880216519499935,0.005829145785297484,92969
457,0.0,93110,0.9171010000027293,93110,0.17391018696287844,0.006931664383942749,93110
458,1.0,93253,0.9169723000027336,93253,0.1665057125208261,0.005676697309087371,93253
459,2.0,93425,0.9168175000027387,93425,0.16435409883080526,0.007228430208944997,93425
460,2.0,93596,0.9166636000027437,93596,0.1628706600756673,0.006060292729671346,93596
461,1.0,93738,0.9165358000027479,93738,0.16030904031555418,0.005418463785465808,93738
462,3.0,93982,0.9163162000027552,93982,0.1634560518088888,0.006645542634200343,93982
463,4.0,94252,0.9160732000027632,94252,0.15957692955379132,0.006487586067137103,94252
464,2.0,94441,0.9159031000027688,94441,0.16465202297167802,0.005948115965241284,94441
465,3.0,94662,0.9157042000027753,94662,0.1760668477456494,0.006970400484002575,94662
466,4.0,94932,0.9154612000027833,94932,0.16278861203679332,0.006346485964800026,94932
467,2.0,95093,0.9153163000027881,95093,0.16903068430675483,0.007011087199548145,95093
468,9.0,95579,0.9148789000028025,95579,0.17368857369378762,0.006326830233576304,95579
469,2.0,95740,0.9147340000028072,95740,0.16549824122686563,0.007055071013320846,95740
470,7.0,96162,0.9143542000028198,96162,0.1562163947388459,0.005589553633925061,96162
471,1.0,96306,0.914224600002824,96306,0.16411469793981975,0.00551412729797423,96306
472,2.0,96500,0.9140500000028298,96500,0.16528697657523697,0.006054203408490776,96500
473,2.0,96698,0.9138718000028356,96698,0.1722922803025053,0.007497017162144531,96698
474,0.0,96807,0.9137737000028389,96807,0.17480099283227132,0.00793306692922261,96807
475,2.0,96967,0.9136297000028436,96967,0.16534243300557136,0.005899922819185122,96967
476,2.0,97129,0.9134839000028484,97129,0.15889917102492887,0.0057160732499366455,97129
477,6.0,97497,0.9131527000028593,97497,0.1710324029073767,0.005516138397996676,97497
478,2.0,97655,0.913010500002864,97655,0.16091752542725093,0.006355196070953867,97655
479,0.0,97762,0.9129142000028672,97762,0.1741585714794765,0.006594410365791208,97762
480,4.0,98012,0.9126892000028746,98012,0.16474285006523132,0.006503211373281374,98012
481,2.0,98218,0.9125038000028807,98218,0.17522749406041452,0.006614961806272969,98218
482,2.0,98407,0.9123337000028863,98407,0.16627831922637093,0.00520480131455202,98407
483,2.0,98603,0.9121573000028921,98603,0.16399987946663583,0.006551676042845986,98603
484,1.0,98780,0.9119980000028973,98780,0.17244342609313923,0.006518577023495714,98780
485,6.0,99142,0.911672200002908,99142,0.17661857444443096,0.006235403194058518,99142
486,3.0,99381,0.9114571000029151,99381,0.16563184285014243,0.006028805248343477,99381
487,2.0,99564,0.9112924000029206,99564,0.1623795308539125,0.0054811219855804404,99564
488,2.0,99753,0.9111223000029262,99753,0.1646533325393364,0.007172311409891653,99753
489,3.0,99964,0.9109324000029324,99964,0.1545670610892264,0.00552013211774241,99964
490,2.0,100130,0.9107830000029373,100130,0.1624768632183592,0.004683864456484412,100130
491,3.0,100349,0.9105859000029438,100349,0.15905519775604005,0.005913908377798059,100349
492,1.0,100508,0.9104428000029485,100508,0.16895529637171788,0.005890205099380834,100508
493,0.0,100616,0.9103456000029517,100616,0.17851557030721946,0.005959031946261988,100616
494,1.0,100778,0.9101998000029565,100778,0.17058577912825126,0.0074514730909351875,100778
495,5.0,101139,0.9098749000029672,101139,0.18101191450519244,0.006885912346078941,101139
496,2.0,101326,0.9097066000029728,101326,0.16328355175926085,0.0068147435076898934,101326
497,2.0,101482,0.9095662000029774,101482,0.17031594900748667,0.007405094071927101,101482
498,5.0,101815,0.9092665000029873,101815,0.1680893806723861,0.005433163283868652,101815
499,1.0,101944,0.9091504000029911,101944,0.1710727658382682,0.006459995548391098,101944
500,2.0,102123,0.9089893000029964,102123,0.1659571713242451,0.005801111363122378,102123
501,6.0,102506,0.9086446000030077,102506,0.17808547110221404,0.005927359827047599,102506
502,4.0,102824,0.9083584000030172,102824,0.17828260924456255,0.007001346554393107,102824
503,1.0,102969,0.9082279000030214,102969,0.17246034001481944,0.005814345218308956,102969
504,1.0,103119,0.9080929000030259,103119,0.15977572093407313,0.006121344401265863,103119
505,4.0,103410,0.9078310000030345,103410,0.18113319217339413,0.006012270725340201,103410
506,2.0,103585,0.9076735000030397,103585,0.16711883536406927,0.007122124980690257,103585
507,7.0,103981,0.9073171000030514,103981,0.16147209316341563,0.006570264970831647,103981
508,1.0,104135,0.907178500003056,104135,0.16731132189561795,0.006961934352159903,104135
509,5.0,104445,0.9068995000030652,104445,0.1785719199046012,0.006740131692356132,104445
510,2.0,104607,0.90675370000307,104607,0.1629676005722564,0.006295099043649158,104607
511,0.0,104700,0.9066700000030727,104700,0.17961753408114114,0.0057583540233917055,104700
512,4.0,104948,0.9064468000030801,104948,0.16459465411401564,0.006415818954194712,104948
513,9.0,105432,0.9060112000030944,105432,0.16938241715889332,0.005517012787974583,105432
514,0.0,105546,0.9059086000030978,105546,0.18235206172654503,0.006938494604152143,105546
515,2.0,105710,0.9057610000031027,105710,0.1654295999465919,0.006062679031512699,105710
516,3.0,105921,0.9055711000031089,105921,0.15577740981398036,0.005919363615567555,105921
517,3.0,106146,0.9053686000031156,106146,0.15545858946111468,0.005431994803471348,106146
518,3.0,106391,0.9051481000031228,106391,0.17776024791659142,0.006382903208696564,106391
519,1.0,106553,0.9050023000031276,106553,0.16761596372098098,0.0054440004337490714,106553
520,0.0,106688,0.9048808000031316,106688,0.17817427504945685,0.0056701236875798915,106688
521,1.0,106843,0.9047413000031362,106843,0.179680248710417,0.007639139767894859,106843
522,4.0,107098,0.9045118000031438,107098,0.15860850214958191,0.006997544461189011,107098
523,2.0,107285,0.9043435000031493,107285,0.17074697030419334,0.006668279652890281,107285
524,4.0,107542,0.904112200003157,107542,0.1617813026858675,0.0068408235375758564,107542
525,3.0,107769,0.9039079000031637,107769,0.1737983121089473,0.006769706356254025,107769
526,1.0,107902,0.9037882000031676,107902,0.18273979167741045,0.007119060611132186,107902
527,4.0,108199,0.9035209000031764,108199,0.17993630654482728,0.006126637208819945,108199
528,2.0,108377,0.9033607000031817,108377,0.1673589503664649,0.00749690425148534,108377
529,4.0,108633,0.9031303000031893,108633,0.1703825268195942,0.006341564703440383,108633
530,1.0,108787,0.9029917000031938,108787,0.1748428533410097,0.005957344114915929,108787
531,2.0,108975,0.9028225000031994,108975,0.17435639636947753,0.006061742554556212,108975
532,2.0,109166,0.9026506000032051,109166,0.17196137976896075,0.005518769410147073,109166
533,1.0,109305,0.9025255000032092,109305,0.1692554108101687,0.00525485677942977,109305
534,6.0,109645,0.9022195000032193,109645,0.16060311356011558,0.005239872659454062,109645
535,2.0,109826,0.9020566000032246,109826,0.1654494305177288,0.0077293296478841795,109826
536,4.0,110120,0.9017920000032333,110120,0.17142680839819163,0.0073741810705538775,110120
537,3.0,110335,0.9015985000032397,110335,0.18075532753800236,0.007311097493000616,110335
538,2.0,110509,0.9014419000032449,110509,0.172778593740244,0.005696459978653052,110509
539,1.0,110637,0.9013267000032487,110637,0.18914252484682947,0.0076369828605749035,110637
540,3.0,110855,0.9011305000032551,110855,0.17163560539484024,0.005247309238622052,110855
541,3.0,111100,0.9009100000032624,111100,0.19119404986196634,0.006870457979356597,111100
542,4.0,111368,0.9006688000032703,111368,0.18000942702168848,0.00691505544388964,111368
543,0.0,111468,0.9005788000032733,111468,0.19714732140302657,0.007325276656192727,111468
544,1.0,111618,0.9004438000032777,111618,0.18260896315177283,0.005788370398089077,111618
545,3.0,111848,0.9002368000032845,111848,0.17643290771090467,0.00687086554991528,111848
546,3.0,112053,0.9000523000032906,112053,0.1697177990907576,0.0059444150542709035,112053
547,4.0,112308,0.8998228000032982,112308,0.18120969966346143,0.005980731401537995,112308
548,3.0,112568,0.8995888000033059,112568,0.1865097442498574,0.005345148449011433,112568
549,2.0,112777,0.8994007000033121,112777,0.19167520362509494,0.006359318460828474,112777
550,1.0,112931,0.8992621000033166,112931,0.18448831982813874,0.005595054075267588,112931
551,2.0,113111,0.899100100003322,113111,0.16993848830461503,0.0051472631355813465,113111
552,3.0,113344,0.8988904000033289,113344,0.17970416915519044,0.006025571134733492,113344
553,3.0,113569,0.8986879000033355,113569,0.17514827681912315,0.006635381677802393,113569
554,3.0,113772,0.8985052000033416,113772,0.1717224009518553,0.006193847568946752,113772
555,2.0,113935,0.8983585000033464,113935,0.18101339682113904,0.0058553281770886085,113935
556,6.0,114277,0.8980507000033565,114277,0.1737708773093614,0.006112530083050337,114277
557,2.0,114440,0.8979040000033613,114440,0.17720546066029672,0.007137200810514073,114440
558,0.0,114560,0.8977960000033649,114560,0.18942043259739877,0.006072576125158473,114560
559,6.0,114914,0.8974774000033754,114914,0.168479587777523,0.007093414506334996,114914
560,3.0,115107,0.8973037000033811,115107,0.17241411822138672,0.006600871327478257,115107
561,0.0,115220,0.8972020000033845,115220,0.1871934124326284,0.004663376536753646,115220
562,2.0,115390,0.8970490000033895,115390,0.1786918142262627,0.0071002921786523935,115390
563,0.0,115530,0.8969230000033936,115530,0.194793025297778,0.006142836276714141,115530
564,5.0,115834,0.8966494000034027,115834,0.1816077324022588,0.006100756498746681,115834
565,4.0,116076,0.8964316000034098,116076,0.16563950048005285,0.005817402521019221,116076
566,2.0,116248,0.8962768000034149,116248,0.174051231336455,0.005502962751448692,116248
567,7.0,116671,0.8958961000034275,116671,0.1983100937120176,0.006207908136161408,116671
568,4.0,116926,0.895666600003435,116926,0.17531302027842577,0.006212376929315546,116926
569,4.0,117222,0.8954002000034438,117222,0.19233020651783492,0.0063065594449484876,117222
570,0.0,117329,0.895303900003447,117329,0.1878402916906036,0.005492049703003159,117329
571,2.0,117516,0.8951356000034525,117516,0.17443884773687882,0.006519388561460353,117516
572,6.0,117861,0.8948251000034627,117861,0.19249761609927468,0.007271768539019673,117861
573,4.0,118130,0.8945830000034707,118130,0.1789254985445051,0.006312495622583797,118130
574,3.0,118358,0.8943778000034774,118358,0.18100729806904206,0.0060050033138586995,118358
575,1.0,118494,0.8942554000034815,118494,0.18484949430122094,0.007176920670283781,118494
576,2.0,118691,0.8940781000034873,118691,0.18553305746335064,0.005378574320446039,118691
577,0.0,118808,0.8939728000034908,118808,0.1862374128948929,0.005707809756796241,118808
578,4.0,119072,0.8937352000034986,119072,0.19177774142361048,0.006218909134635065,119072
579,5.0,119391,0.893448100003508,119391,0.178097243779879,0.006320184155421976,119391
580,4.0,119651,0.8932141000035158,119651,0.17467451634315345,0.005843702014013056,119651
581,0.0,119776,0.8931016000035195,119776,0.18558550560474396,0.0052792317583807745,119776
582,1.0,119910,0.8929810000035234,119910,0.18507148425525694,0.006137453137812576,119910
583,4.0,120177,0.8927407000035313,120177,0.1849123908674226,0.006993470706462101,120177
584,3.0,120394,0.8925454000035378,120394,0.1946771525292902,0.00542844524404794,120394
585,1.0,120550,0.8924050000035424,120550,0.19558725649347672,0.005370253968399434,120550
586,4.0,120822,0.8921602000035505,120822,0.20967018686454086,0.006128615868613665,120822
587,3.0,121036,0.8919676000035568,121036,0.1899878299124887,0.0070938048774368215,121036
588,4.0,121354,0.8916814000035662,121354,0.21230067504839328,0.006410023558521016,121354
589,1.0,121488,0.8915608000035702,121488,0.20898735489863068,0.0074784170375272905,121488
590,0.0,121593,0.8914663000035733,121593,0.20563901506719134,0.0069721906532192535,121593
591,4.0,121893,0.8911963000035822,121893,0.1966432173550129,0.006788589787101955,121893
592,3.0,122134,0.8909794000035893,122134,0.19423927811913472,0.007032533644738744,122134
593,4.0,122382,0.8907562000035967,122382,0.18007173281042807,0.005373686503103712,122382
594,2.0,122581,0.8905771000036026,122581,0.20570031579714923,0.005709557638588583,122581
595,0.0,122708,0.8904628000036063,122708,0.20822001993656158,0.0072851672807522075,122708
596,2.0,122876,0.8903116000036113,122876,0.19274896986427761,0.0056524547598542085,122876
597,4.0,123138,0.8900758000036191,123138,0.21013825375387687,0.006683743426950802,123138
598,0.0,123232,0.8899912000036219,123232,0.20512371494414958,0.006253085104849851,123232
599,4.0,123482,0.8897662000036293,123482,0.1854844856262207,0.006942706193367485,123482
600,3.0,123706,0.8895646000036359,123706,0.1943234677559563,0.006854073284111044,123706
601,2.0,123914,0.8893774000036421,123914,0.20198219885619786,0.005277730034768306,123914
602,3.0,124190,0.8891290000036502,124190,0.21136188037369563,0.007400869499524956,124190
603,0.0,124300,0.8890300000036535,124300,0.20651314068924298,0.0055286550308665024,124300
604,2.0,124473,0.8888743000036586,124473,0.1902874156918829,0.005135252319653884,124473
605,5.0,124734,0.8886394000036664,124734,0.18360012746862067,0.006190193905341503,124734
606,4.0,125012,0.8883892000036746,125012,0.19700508055498275,0.006725739401916654,125012
607,2.0,125214,0.8882074000036806,125214,0.19309303548076365,0.0057183303448246165,125214
608,3.0,125434,0.8880094000036871,125434,0.18780524093996395,0.005726673584219745,125434
609,1.0,125565,0.887891500003691,125565,0.20452221306680723,0.006856298570835319,125565
610,4.0,125837,0.887646700003699,125837,0.17792233660378876,0.0056783204950346874,125837
611,3.0,126069,0.8874379000037059,126069,0.17900082430449024,0.006512885290570419,126069
612,3.0,126300,0.8872300000037128,126300,0.19984284598073918,0.0064280851689167695,126300
613,3.0,126539,0.8870149000037199,126539,0.20577162292213122,0.0067943038536659095,126539
614,2.0,126713,0.886858300003725,126713,0.1913279670065847,0.006501639658548728,126713
615,4.0,126967,0.8866297000037325,126967,0.20204667876085897,0.0068363328522515416,126967
616,0.0,127077,0.8865307000037358,127077,0.20911015434698624,0.006592675032301155,127077
617,2.0,127250,0.8863750000037409,127250,0.19700083162398696,0.006816885268773343,127250
618,4.0,127514,0.8861374000037487,127514,0.1963106972927397,0.00671677524054427,127514
619,1.0,127654,0.8860114000037529,127654,0.2004693094108786,0.00593796676121201,127654
620,3.0,127884,0.8858044000037597,127884,0.18233810462381528,0.006861007631580477,127884
621,0.0,127990,0.8857090000037628,127990,0.21194054636190524,0.0060525836338799635,127990
622,0.0,128097,0.885612700003766,128097,0.20162270266876042,0.0055382269491988535,128097
623,0.0,128209,0.8855119000037693,128209,0.20812325991157973,0.0069592445275605186,128209
624,3.0,128424,0.8853184000037757,128424,0.18981950671173806,0.006502446439755955,128424
625,1.0,128559,0.8851969000037797,128559,0.20282028637550495,0.007206675510934912,128559
626,1.0,128702,0.885068200003784,128702,0.20657812777932708,0.006288819110898282,128702
627,2.0,128864,0.8849224000037887,128864,0.19856783582104576,0.006203059928709452,128864
628,4.0,129149,0.8846659000037972,129149,0.20851865923195553,0.007003966652503055,129149
629,3.0,129371,0.8844661000038038,129371,0.19277924701974197,0.005773808614567561,129371
630,0.0,129469,0.8843779000038067,129469,0.20400462117122145,0.004623889415142912,129469
631,2.0,129643,0.8842213000038118,129643,0.1910258594943189,0.005383600260636573,129643
632,4.0,129910,0.8839810000038197,129910,0.1800867570250222,0.005945798079845646,129910
633,6.0,130269,0.8836579000038304,130269,0.2255912665537141,0.0066970530758142625,130269
634,2.0,130435,0.8835085000038353,130435,0.20614810961197658,0.0058915820025898695,130435
635,1.0,130610,0.8833510000038405,130610,0.21375405848026274,0.006939859654625512,130610
636,0.0,130717,0.8832547000038437,130717,0.228959030497854,0.00850394298968495,130717
637,1.0,130855,0.8831305000038477,130855,0.22004624434571335,0.00681683067966293,130855
638,3.0,131056,0.8829496000038537,131056,0.19671881591799248,0.005464740112137999,131056
639,5.0,131369,0.882667900003863,131369,0.1989294990849571,0.00579736402733469,131369
640,1.0,131511,0.8825401000038672,131511,0.22248786582913196,0.006428908015294209,131511
641,4.0,131765,0.8823115000038747,131765,0.2215159247944674,0.0070654587414996,131765
642,5.0,132066,0.8820406000038836,132066,0.20359274225179538,0.006457977950130681,132066
643,2.0,132240,0.8818840000038888,132240,0.2090572308877419,0.006890443598704537,132240
644,3.0,132453,0.8816923000038951,132453,0.20634057900995156,0.0063526438433497145,132453
645,1.0,132588,0.8815708000038991,132588,0.21478469206227196,0.0055337738781316955,132588
646,2.0,132757,0.8814187000039041,132757,0.2121797956129503,0.006913738492606779,132757
647,1.0,132906,0.8812846000039085,132906,0.2200902053373772,0.006056390319918747,132906
648,1.0,133051,0.8811541000039128,133051,0.20599416473816182,0.005656702474911511,133051
649,1.0,133192,0.881027200003917,133192,0.20671479794996003,0.005747808382022787,133192
650,4.0,133457,0.8807887000039248,133457,0.20979366712975053,0.007316565074136136,133457
651,1.0,133582,0.8806762000039285,133582,0.21744764828681945,0.006189619067386957,133582
652,2.0,133754,0.8805214000039336,133754,0.20416910565176674,0.00629891783781331,133754
653,1.0,133904,0.8803864000039381,133904,0.22018983016411464,0.006709307726984358,133904
654,1.0,134051,0.8802541000039424,134051,0.22375068230693843,0.0068391929049217886,134051
655,3.0,134276,0.8800516000039491,134276,0.19684468812412687,0.006563396852806262,134276
656,4.0,134545,0.8798095000039571,134545,0.19142099212315003,0.005861284632762826,134545
657,2.0,134718,0.8796538000039622,134718,0.21027511418554823,0.005783318302631262,134718
658,1.0,134860,0.8795260000039664,134860,0.20836542032554117,0.006681513313510614,134860
659,2.0,135033,0.8793703000039715,135033,0.20352359202211304,0.0060559524065240235,135033
660,1.0,135181,0.8792371000039759,135181,0.21907477654718063,0.006687014651512023,135181
661,3.0,135403,0.8790373000039825,135403,0.20037939842488314,0.006045120214751863,135403
662,5.0,135724,0.878748400003992,135724,0.21556156344502886,0.006527181730413087,135724
663,5.0,136032,0.8784712000040011,136032,0.221939463458665,0.006320886415025669,136032
664,1.0,136177,0.8783407000040054,136177,0.21102399867156457,0.005100882605764692,136177
665,9.0,136659,0.8779069000040197,136659,0.22250915890660028,0.006077167710127733,136659
666,1.0,136797,0.8777827000040238,136797,0.2152134169271027,0.005725874410374039,136797
667,0.0,136901,0.8776891000040269,136901,0.22166083179987395,0.006725595293451429,136901
668,3.0,137097,0.8775127000040327,137097,0.2066880378644077,0.0064863582904540725,137097
669,3.0,137294,0.8773354000040385,137294,0.20855157115132675,0.005861199756477133,137294
670,4.0,137535,0.8771185000040457,137535,0.19016481169279187,0.005607360639875286,137535
671,2.0,137722,0.8769502000040512,137722,0.22068913217215613,0.005729044687108457,137722
672,3.0,137958,0.8767378000040582,137958,0.19576195071814423,0.00693716987430211,137958
673,6.0,138305,0.8764255000040685,138305,0.2032520527970207,0.006279113395651304,138305
674,2.0,138489,0.8762599000040739,138489,0.21220722446299117,0.005952315615826117,138489
675,2.0,138708,0.8760628000040804,138708,0.19865188601354486,0.005787589008662312,138708
676,4.0,138989,0.8758099000040888,138989,0.20595132249317985,0.006298448689989806,138989
677,0.0,139090,0.8757190000040918,139090,0.22303562810515412,0.005904974156323132,139090
678,0.0,139198,0.875621800004095,139198,0.22107775592141682,0.005525233061217915,139198
679,2.0,139366,0.8754706000040999,139366,0.20994418531301476,0.005901295019086882,139366
680,2.0,139554,0.8753014000041055,139554,0.1999075195573746,0.006408032632194552,139554
681,3.0,139775,0.875102500004112,139775,0.2118083951969492,0.0068176870184523,139775
682,3.0,139981,0.8749171000041182,139981,0.19742857129539101,0.007115305034743675,139981
683,2.0,140165,0.8747515000041236,140165,0.20556055560060169,0.0068216952519596025,140165
684,3.0,140372,0.8745652000041297,140372,0.200390991381401,0.005776034271651521,140372
685,1.0,140496,0.8744536000041334,140496,0.2333471646472331,0.006358385104704212,140496
686,2.0,140682,0.8742862000041389,140682,0.21802219227757505,0.006304240463910529,140682
687,7.0,141068,0.8739388000041504,141068,0.21135303764145608,0.006610633538436272,141068
688,4.0,141338,0.8736958000041584,141338,0.21608306274369912,0.007354245175338292,141338
689,2.0,141514,0.8735374000041636,141514,0.20608108253641563,0.007806551604413802,141514
690,3.0,141729,0.87334390000417,141729,0.22032405442969744,0.005894099498193608,141729
691,2.0,141899,0.873190900004175,141899,0.2054491674198824,0.005745088349768219,141899
692,3.0,142117,0.8729947000041814,142117,0.22110441381778193,0.00648236163271927,142117
693,3.0,142318,0.8728138000041874,142318,0.21176550526227525,0.006851218008700948,142318
694,3.0,142526,0.8726266000041936,142526,0.2072174556983205,0.00595535029029074,142526
695,3.0,142767,0.8724097000042007,142767,0.22237744519324718,0.005265892387306468,142767
696,2.0,142929,0.8722639000042055,142929,0.21530496338267385,0.006994726652841182,142929
697,2.0,143120,0.8720920000042112,143120,0.21560893765606806,0.0062353962844028015,143120
698,2.0,143314,0.8719174000042169,143314,0.23458811610015398,0.006391258210160887,143314
699,3.0,143547,0.8717077000042238,143547,0.20610035859975692,0.006151968293702514,143547
700,1.0,143690,0.871579000004228,143690,0.23579693403277363,0.006140762340978367,143690
701,2.0,143881,0.8714071000042337,143881,0.22178228199481964,0.005919002517448128,143881
702,0.0,143984,0.8713144000042368,143984,0.236631588160413,0.006034895480059153,143984
703,1.0,144132,0.8711812000042412,144132,0.23557022566328178,0.006994709083977107,144132
704,2.0,144301,0.8710291000042462,144301,0.21939516173311946,0.0068958496690760315,144301
705,2.0,144480,0.8708680000042515,144480,0.20971173281110198,0.006215179469698382,144480
706,2.0,144651,0.8707141000042565,144651,0.21312673755905084,0.006388962014830346,144651
707,1.0,144790,0.8705890000042606,144790,0.22766224321701545,0.006619377958263973,144790
708,3.0,145010,0.8703910000042672,145010,0.22759869498285382,0.006539142389101471,145010
709,1.0,145179,0.8702389000042722,145179,0.2354026861797423,0.006419754289464226,145179
710,2.0,145351,0.8700841000042773,145351,0.2142323788342088,0.0059067890298021754,145351
711,2.0,145566,0.8698906000042836,145566,0.2387323642192885,0.007235958512920174,145566
712,2.0,145728,0.8697448000042884,145728,0.22026197437518907,0.005985187019699946,145728
713,3.0,145967,0.8695297000042955,145967,0.23279152249441984,0.0060329937031684076,145967
714,3.0,146191,0.8693281000043022,146191,0.24265495408326387,0.006970330122342716,146191
715,4.0,146445,0.8690995000043097,146445,0.20645733506191433,0.007316770467885964,146445
716,1.0,146598,0.8689618000043142,146598,0.21733176903007856,0.007933677966249495,146598
717,3.0,146801,0.8687791000043202,146801,0.2281204906150038,0.007392999922535973,146801
718,3.0,147025,0.8685775000043269,147025,0.21033741819805332,0.006304583350766636,147025
719,1.0,147175,0.8684425000043313,147175,0.23994388004144032,0.006191847649000313,147175
720,0.0,147301,0.868329100004335,147301,0.23359083041312204,0.0064653803498285495,147301
721,1.0,147432,0.8682112000043389,147432,0.22898947316726656,0.005942495997718485,147432
722,3.0,147645,0.8680195000043452,147645,0.22307078176540948,0.006552141720845705,147645
723,5.0,147938,0.8677558000043539,147938,0.19753073328794474,0.005573517829311998,147938
724,2.0,148103,0.8676073000043588,148103,0.22530554316260598,0.006437741475030744,148103
725,6.0,148438,0.8673058000043687,148438,0.2094166434078074,0.006725811882474704,148438
726,2.0,148595,0.8671645000043734,148595,0.22488426981837886,0.00620742658874562,148595
727,1.0,148732,0.8670412000043775,148732,0.22210516709915912,0.006206920572281078,148732
728,4.0,149024,0.8667784000043861,149024,0.23983124531295202,0.006816137688356196,149024
729,1.0,149156,0.86665960000439,149156,0.2354337697227796,0.00560144937246536,149156
730,0.0,149282,0.8665462000043938,149282,0.23301701637960615,0.006127003369155794,149282
731,4.0,149527,0.866325700004401,149527,0.21711546200878767,0.007251797245478475,149527
732,0.0,149657,0.8662087000044049,149657,0.23473162719836602,0.0058462426105436935,149657
733,2.0,149829,0.86605390000441,149829,0.20800836384296417,0.004993763388103066,149829
734,1.0,149982,0.8659162000044145,149982,0.23223509936550862,0.006613287204101676,149982
735,2.0,150165,0.8657515000044199,150165,0.2276856264944285,0.006027742958509118,150165
736,0.0,150278,0.8656498000044233,150278,0.2454118065338219,0.00525171238184632,150278
737,2.0,150466,0.8654806000044288,150466,0.23465223039718383,0.006626188776321446,150466
738,0.0,150586,0.8653726000044324,150586,0.2435853677491347,0.0057641665258946284,150586
739,1.0,150731,0.8652421000044367,150731,0.2477714141895031,0.0062184071004468995,150731
740,2.0,150918,0.8650738000044422,150918,0.2351259205908699,0.007049451686054483,150918
741,0.0,151040,0.8649640000044458,151040,0.24741796404123306,0.005842682554497306,151040
742,4.0,151315,0.864716500004454,151315,0.22037792482159355,0.006763620701961124,151315
743,1.0,151450,0.864595000004458,151450,0.24623335820657236,0.006271241379363346,151450
744,1.0,151595,0.8644645000044623,151595,0.24526700490507586,0.006795145371795335,151595
745,6.0,151987,0.8641117000044739,151987,0.25374111077006983,0.005432664590163155,151987
746,6.0,152294,0.863835400004483,152294,0.23067574664125226,0.006223058692332522,152294
747,4.0,152529,0.86362390000449,152529,0.2182317463641471,0.006158588461318125,152529
748,6.0,152888,0.8633008000045006,152888,0.2486115063133346,0.0061412897646094325,152888
749,3.0,153151,0.8630641000045084,153151,0.2276662044198794,0.007008669240058779,153151
750,4.0,153406,0.862834600004516,153406,0.22153016796299055,0.00661059428843431,153406
751,3.0,153598,0.8626618000045216,153598,0.2275863791971157,0.005504189611248951,153598
752,2.0,153779,0.862498900004527,153779,0.22661138601724615,0.006416411018741321,153779
753,3.0,153998,0.8623018000045335,153998,0.22968250451839134,0.005941872449760897,153998
754,7.0,154401,0.8619391000045454,154401,0.2225007784203915,0.005690670182503363,154401
755,1.0,154545,0.8618095000045497,154545,0.24308010666734642,0.006467802814664007,154545
756,4.0,154806,0.8615746000045574,154806,0.24074750533505876,0.006883495643664013,154806
757,2.0,154980,0.8614180000045626,154980,0.231818915098563,0.005097828215425005,154980
758,1.0,155124,0.8612884000045669,155124,0.23202306653062502,0.005382636012996045,155124
759,2.0,155310,0.8611210000045724,155310,0.2383211324772527,0.00632355778374384,155310
760,2.0,155488,0.8609608000045776,155488,0.2247132702489917,0.006082460057196646,155488
761,2.0,155678,0.8607898000045833,155678,0.22228176421240756,0.006478152005538026,155678
762,2.0,155838,0.860645800004588,155838,0.23129615234211087,0.00824859060126073,155838
763,4.0,156095,0.8604145000045956,156095,0.25546203768206943,0.007163009522415938,156095
764,3.0,156317,0.8602147000046022,156317,0.21863813731852952,0.007031339022592579,156317
765,7.0,156695,0.8598745000046134,156695,0.2404490160169425,0.0067008760182626055,156695
766,4.0,156975,0.8596225000046217,156975,0.24827156109469278,0.0057421696555788266,156975
767,4.0,157242,0.8593822000046296,157242,0.24685333574309332,0.00616022430229568,157242
768,5.0,157528,0.8591248000046381,157528,0.2120022406423842,0.006053978106754877,157528
769,2.0,157717,0.8589547000046437,157717,0.24262626027619397,0.006357542924368837,157717
770,4.0,157962,0.858734200004651,157962,0.2172568348597507,0.006020634663981378,157962
771,0.0,158084,0.8586244000046546,158084,0.2505452974897916,0.0061905103247092905,158084
772,1.0,158212,0.8585092000046584,158212,0.2457273304462433,0.004792068891472212,158212
773,2.0,158406,0.8583346000046641,158406,0.23451634796009851,0.005746737109662136,158406
774,2.0,158609,0.8581519000046701,158609,0.2276382974069107,0.005178952041026565,158609
775,3.0,158855,0.8579305000046774,158855,0.24966723883781977,0.005954288795019386,158855
776,3.0,159068,0.8577388000046837,159068,0.21849346678581597,0.007670475119016267,159068
777,2.0,159232,0.8575912000046886,159232,0.22256141319507505,0.005370197094474107,159232
778,3.0,159452,0.8573932000046951,159452,0.22033987607468258,0.005629738735743475,159452
779,3.0,159648,0.8572168000047009,159648,0.2210794961726179,0.00605584274632877,159648
780,2.0,159828,0.8570548000047062,159828,0.22155743307537504,0.006353772404185697,159828
781,1.0,159955,0.85694050000471,159955,0.23958800568824679,0.005569526490199771,159955
782,2.0,160123,0.856789300004715,160123,0.22516849264502525,0.005228112859229094,160123
783,1.0,160271,0.8566561000047194,160271,0.23340377946560448,0.0061873119478494465,160271
784,4.0,160542,0.8564122000047274,160542,0.23357129432398455,0.0061444072781439004,160542
785,2.0,160709,0.8562619000047323,160709,0.2370101925498711,0.007542077730827014,160709
786,3.0,160933,0.856060300004739,160933,0.22633836398433363,0.006289212066950053,160933
787,1.0,161070,0.855937000004743,161070,0.2319847128904649,0.007328770487339522,161070
788,0.0,161190,0.8558290000047466,161190,0.2446474850177765,0.0063788568796098845,161190
789,4.0,161460,0.8555860000047546,161460,0.21088467759114723,0.005709516073040033,161460
790,5.0,161779,0.855298900004764,161779,0.2346112159165469,0.006826172283282036,161779
791,5.0,162062,0.8550442000047724,162062,0.21104706281486754,0.00620615622022281,162062
792,5.0,162354,0.8547814000047811,162354,0.2294827311822813,0.006164373638375141,162354
793,4.0,162610,0.8545510000047887,162610,0.23198058811249211,0.006808937527750913,162610
794,1.0,162748,0.8544268000047928,162748,0.2506763459979624,0.006479060458622226,162748
795,2.0,162960,0.854236000004799,162960,0.24498076891561724,0.005957043353929585,162960
796,1.0,163099,0.8541109000048032,163099,0.24217480453227064,0.00632055065122697,163099
797,2.0,163275,0.8539525000048084,163275,0.2418255636637861,0.006202832230893695,163275
798,0.0,163371,0.8538661000048112,163371,0.24693654446552196,0.005838122871049715,163371
799,3.0,163587,0.8536717000048176,163587,0.2176569237339276,0.007591562558664683,163587
800,5.0,163883,0.8534053000048264,163883,0.21977894949550564,0.006104127590155307,163883
801,1.0,164016,0.8532856000048303,164016,0.23970927533350492,0.006365632690142235,164016
802,2.0,164196,0.8531236000048357,164196,0.23011810514662,0.006496380146159532,164196
803,2.0,164363,0.8529733000048406,164363,0.2306849682580925,0.006032423540156612,164363
804,2.0,164580,0.852778000004847,164580,0.23966309332078503,0.007323910709098531,164580
805,3.0,164786,0.8525926000048532,164786,0.2187548620463575,0.0070467627999445965,164786
806,1.0,164915,0.852476500004857,164915,0.22438725898432177,0.005396571007848308,164915
807,7.0,165304,0.8521264000048685,165304,0.24934886778994514,0.005612026700097457,165304
808,2.0,165463,0.8519833000048732,165463,0.22766326723983452,0.0051169621145724115,165463
809,5.0,165781,0.8516971000048826,165781,0.21572669623595364,0.0058971591415712685,165781
810,10.0,166245,0.8512795000048964,166245,0.2387136328836967,0.005791072684797294,166245
811,5.0,166561,0.8509951000049057,166561,0.2414444900954826,0.006810558516845855,166561
812,1.0,166685,0.8508835000049094,166685,0.2497808942871709,0.006420738763623494,166685
813,1.0,166847,0.8507377000049142,166847,0.23920578445181434,0.0052739972917365385,166847
814,3.0,167078,0.8505298000049211,167078,0.2197044094403585,0.006701489482012926,167078
815,2.0,167241,0.8503831000049259,167241,0.2370732265747398,0.0061464753677230935,167241
816,1.0,167369,0.8502679000049297,167369,0.23901469819247723,0.005541839950588212,167369
817,1.0,167535,0.8501185000049346,167535,0.24821106066186743,0.006676724372641455,167535
818,3.0,167742,0.8499322000049407,167742,0.2188728788624639,0.006468738344555483,167742
819,3.0,167954,0.849741400004947,167954,0.219953031894171,0.007087246625926711,167954
820,4.0,168222,0.849500200004955,168222,0.2162420619557153,0.007110393801270614,168222
821,3.0,168451,0.8492941000049617,168451,0.24924311367184834,0.0059779500306295155,168451
822,1.0,168581,0.8491771000049656,168581,0.23012501769340954,0.005986788042397305,168581
823,3.0,168799,0.8489809000049721,168799,0.21948378321227677,0.006346335700510873,168799
824,5.0,169107,0.8487037000049812,169107,0.22177793467780213,0.006906706690816972,169107
825,3.0,169336,0.848497600004988,169336,0.2223144167115074,0.006819229522762809,169336
826,3.0,169562,0.8482942000049947,169562,0.2125094490768635,0.005686338312234431,169562
827,3.0,169782,0.8480962000050012,169782,0.22575235983187503,0.006394150057163146,169782
828,1.0,169936,0.8479576000050058,169936,0.24596691112239638,0.0062441604549490735,169936
829,5.0,170254,0.8476714000050152,170254,0.268375611155288,0.0064430809015502515,170254
830,1.0,170391,0.8475481000050192,170391,0.24041346433388927,0.006003194626204157,170391
831,2.0,170550,0.847405000005024,170550,0.24452751509423526,0.006471029229702116,170550
832,3.0,170772,0.8472052000050305,170772,0.2546162742215234,0.004955720364201575,170772
833,2.0,170961,0.8470351000050361,170961,0.26381046423520993,0.006513920030989712,170961
834,3.0,171180,0.8468380000050426,171180,0.23101725575586432,0.005978240099669842,171180
835,2.0,171350,0.8466850000050476,171350,0.2451032964622273,0.005180975602738994,171350
836,2.0,171521,0.8465311000050527,171521,0.23699796827215897,0.005095348812068955,171521
837,6.0,171836,0.846247600005062,171836,0.24333826663002137,0.005550124461444197,171836
838,2.0,172002,0.846098200005067,172002,0.24496608757110963,0.006274141522286541,172002
839,2.0,172181,0.8459371000050723,172181,0.23939734014718891,0.006376861491270315,172181
840,1.0,172304,0.8458264000050759,172304,0.24707503871219913,0.0073097704940235835,172304
841,2.0,172459,0.8456869000050805,172459,0.24866780898263377,0.007807268556444474,172459
842,3.0,172670,0.8454970000050868,172670,0.2363629194232525,0.00568003270360626,172670
843,5.0,172966,0.8452306000050955,172966,0.2313614537989771,0.006674192438966915,172966
844,3.0,173226,0.8449966000051032,173226,0.24297666549682617,0.006752008442789212,173226
845,2.0,173390,0.8448490000051081,173390,0.2538518361383822,0.0060072644221735375,173390
846,4.0,173694,0.8445754000051171,173694,0.26690006496286706,0.005934552952764629,173694
847,6.0,174028,0.844274800005127,174028,0.24786549971667593,0.0064331158307228,174028
848,4.0,174300,0.8440300000051351,174300,0.24823598525322535,0.006198407536016128,174300
849,7.0,174722,0.8436502000051476,174722,0.2817305583524478,0.006466086032062418,174722
850,2.0,174916,0.8434756000051533,174916,0.2700106685923547,0.00631701304714109,174916
851,5.0,175232,0.8431912000051627,175232,0.27348084860964667,0.005985416782159173,175232
852,3.0,175443,0.8430013000051689,175443,0.23605898107397613,0.0067934356124238395,175443
853,2.0,175627,0.8428357000051744,175627,0.2340639254645161,0.007045487668076179,175627
854,5.0,175935,0.8425585000051835,175935,0.28320729742189504,0.006215526306762029,175935
855,0.0,176062,0.8424442000051873,176062,0.26029360165276866,0.004891721872587282,176062
856,1.0,176204,0.8423164000051915,176204,0.2517730729051039,0.006493040973657091,176204
857,0.0,176311,0.8422201000051946,176311,0.2671488242171635,0.006313661971706385,176311
858,4.0,176599,0.8419609000052032,176599,0.26989960442814565,0.0061986118274243536,176599
859,0.0,176697,0.8418727000052061,176697,0.26141378268295407,0.006243642915223416,176697
860,5.0,177030,0.841573000005216,177030,0.24557516591863948,0.0058423183168975785,177030
861,2.0,177204,0.8414164000052211,177204,0.23731566126319184,0.0053097898309882935,177204
862,0.0,177300,0.841330000005224,177300,0.26199390025188524,0.005194808401768114,177300
863,0.0,177401,0.841239100005227,177401,0.2631005126946043,0.005232989514936863,177401
864,0.0,177505,0.84114550000523,177505,0.26946571555275184,0.006723742491483511,177505
865,2.0,177693,0.8409763000052356,177693,0.23680699466073768,0.005600341820586727,177693
866,0.0,177814,0.8408674000052392,177814,0.26361674796943824,0.005867066253775808,177814
867,2.0,177987,0.8407117000052443,177987,0.2485840359347404,0.005486161116574305,177987
868,2.0,178151,0.8405641000052492,178151,0.24726250985773598,0.0055964764647164775,178151
869,3.0,178360,0.8403760000052554,178360,0.23503613614579708,0.006333435265602612,178360
870,1.0,178490,0.8402590000052592,178490,0.2584503988807018,0.0065434746603177,178490
871,4.0,178734,0.8400394000052664,178734,0.22725513895026972,0.006101626584607357,178734
872,3.0,178955,0.839840500005273,178955,0.2234764240715838,0.005392350483129434,178955
873,1.0,179104,0.8397064000052774,179104,0.2650278273644863,0.005480920595935141,179104
874,1.0,179241,0.8395831000052815,179241,0.26555070966264627,0.006895221561528797,179241
875,3.0,179442,0.8394022000052874,179442,0.2559630797425313,0.007963125991296349,179442
876,2.0,179640,0.8392240000052933,179640,0.24026355162413435,0.006716982980548772,179640
877,4.0,179889,0.8389999000053007,179889,0.22985012787412926,0.00513957636730518,179889
878,2.0,180070,0.838837000005306,180070,0.23957905881312672,0.006234399444030352,180070
879,7.0,180480,0.8384680000053182,180480,0.27612761858759854,0.005842039166181189,180480
880,1.0,180611,0.8383501000053221,180611,0.27655630439292384,0.005476269868420731,180611
881,3.0,180826,0.8381566000053284,180826,0.24246417332527248,0.006538381800343158,180826
882,3.0,181032,0.8379712000053345,181032,0.25641518303202193,0.007151261356015205,181032
883,3.0,181249,0.837775900005341,181249,0.23570994085155875,0.007108054207387606,181249
884,2.0,181430,0.8376130000053463,181430,0.26162065590284145,0.006294031438643006,181430
885,2.0,181612,0.8374492000053517,181612,0.2590535278176213,0.006759138152509487,181612
886,6.0,182017,0.8370847000053637,182017,0.2972535730144124,0.0065320942691835596,182017
887,0.0,182129,0.836983900005367,182129,0.2893851362168789,0.007718145221864299,182129
888,1.0,182273,0.8368543000053713,182273,0.26311323574433726,0.005412933679154876,182273
889,3.0,182497,0.836652700005378,182497,0.2465175837278366,0.005681975852862057,182497
890,1.0,182647,0.8365177000053824,182647,0.2771708768606186,0.006073164165718481,182647
891,1.0,182794,0.8363854000053867,182794,0.2715862832304572,0.006517472656255728,182794
892,1.0,182942,0.8362522000053911,182942,0.2617738863100877,0.0066798261618468795,182942
893,0.0,183045,0.8361595000053942,183045,0.28047352103353707,0.005549913871327236,183045
894,2.0,183220,0.8360020000053994,183220,0.24616414317062923,0.00634412111416168,183220
895,1.0,183362,0.8358742000054036,183362,0.2572664492566821,0.006745986947196439,183362
896,2.0,183556,0.8356996000054093,183556,0.258891225552436,0.0049423760473820445,183556
897,4.0,183851,0.8354341000054181,183851,0.2904261785038447,0.0064973222488796155,183851
898,5.0,184152,0.835163200005427,184152,0.23296814112370196,0.005894330298841159,184152
899,0.0,184247,0.8350777000054298,184247,0.28016751126239176,0.005664319509292239,184247
900,6.0,184632,0.8347312000054412,184632,0.2615780017205647,0.006167611144455687,184632
901,1.0,184781,0.8345971000054456,184781,0.2590456518950878,0.005505682749352117,184781
902,4.0,185041,0.8343631000054533,185041,0.24776092779177886,0.005784473912360856,185041
903,1.0,185172,0.8342452000054572,185172,0.2729752136550787,0.006398067498094298,185172
904,3.0,185383,0.8340553000054635,185383,0.24438334274066004,0.006355324653793505,185383
905,4.0,185638,0.833825800005471,185638,0.29065850780290714,0.0060879309617638344,185638
906,2.0,185812,0.8336692000054762,185812,0.25291611887942783,0.005559701405103226,185812
907,5.0,186080,0.8334280000054841,186080,0.2438269225852703,0.006080637564475942,186080
908,2.0,186263,0.8332633000054895,186263,0.2573305080985762,0.007228214198713416,186263
909,3.0,186458,0.8330878000054953,186458,0.24543473896307824,0.0060684561421975305,186458
910,2.0,186627,0.8329357000055003,186627,0.25853171688917825,0.007037855551152999,186627
911,1.0,186766,0.8328106000055044,186766,0.2759891436468783,0.004281382024712277,186766
912,5.0,187088,0.832520800005514,187088,0.23735610710352845,0.005327049512156043,187088
913,2.0,187293,0.8323363000055201,187293,0.26420950024593165,0.005886702660312194,187293
914,2.0,187492,0.832157200005526,187492,0.28620503872782743,0.006286027218352935,187492
915,1.0,187621,0.8320411000055298,187621,0.26449310225109723,0.004723859542769618,187621
916,3.0,187851,0.8318341000055366,187851,0.2859811412251514,0.0057109290784272005,187851
917,2.0,188045,0.8316595000055423,188045,0.25806281454477115,0.005360021732148076,188045
918,3.0,188304,0.83142640000555,188304,0.2841499162456704,0.006175455421539816,188304
919,2.0,188485,0.8312635000055554,188485,0.24697006720205697,0.00556544411371072,188485
920,1.0,188628,0.8311348000055596,188628,0.27825241874564777,0.006868474452285799,188628
921,1.0,188765,0.8310115000055637,188765,0.2691941971543932,0.005793784572758015,188765
922,4.0,189007,0.8307937000055708,189007,0.27698034085025475,0.005991899418607446,189007
923,2.0,189170,0.8306470000055757,189170,0.2628117633377848,0.005754917820057999,189170
924,2.0,189405,0.8304355000055826,189405,0.26628091601615256,0.005461037529041393,189405
925,2.0,189586,0.830272600005588,189586,0.26029365966662515,0.005918117608391527,189586
926,0.0,189688,0.830180800005591,189688,0.2726472524159095,0.004769526339955251,189688
927,2.0,189889,0.829999900005597,189889,0.2890239010995893,0.006520460571098837,189889
928,2.0,190069,0.8298379000056023,190069,0.23983431938621733,0.006094764669311795,190069
929,2.0,190243,0.8296813000056075,190243,0.27223169418244525,0.005740656227704028,190243
930,1.0,190436,0.8295076000056132,190436,0.2962276316368518,0.006551910829966329,190436
931,3.0,190655,0.8293105000056197,190655,0.2852147563135243,0.006075596946706787,190655
932,2.0,190831,0.8291521000056249,190831,0.3002202512527054,0.005703466453636255,190831
933,2.0,190991,0.8290081000056296,190991,0.2685104561038315,0.006525774906617698,190991
934,0.0,191095,0.8289145000056327,191095,0.29389981352365935,0.005810202765972532,191095
935,3.0,191320,0.8287120000056394,191320,0.26470898634857604,0.006002671520966235,191320
936,4.0,191603,0.8284573000056478,191603,0.2830462452063712,0.00684104382472781,191603
937,4.0,191855,0.8282305000056552,191855,0.2644357868721561,0.00596072929627351,191855
938,3.0,192091,0.8280181000056622,192091,0.2618869624526824,0.006491328321247901,192091
939,3.0,192311,0.8278201000056687,192311,0.2451334502886642,0.005248136679669683,192311
940,2.0,192487,0.827661700005674,192487,0.26325995043258776,0.0056047749130450275,192487
941,4.0,192788,0.8273908000056829,192788,0.28401788341444595,0.006748650316594981,192788
942,0.0,192891,0.8272981000056859,192891,0.2879535891477344,0.005460316290392583,192891
943,1.0,193033,0.8271703000056901,193033,0.29670161512536064,0.0066553595914766945,193033
944,0.0,193156,0.8270596000056938,193156,0.2937610602475763,0.006014228334266606,193156
945,3.0,193371,0.8268661000057002,193371,0.2582923105982847,0.005699827266467172,193371
946,2.0,193570,0.826687000005706,193570,0.2628628938791141,0.005758285197117773,193570
947,3.0,193763,0.8265133000057118,193763,0.267932981870335,0.005724846706730181,193763
948,1.0,193897,0.8263927000057157,193897,0.2845785436567976,0.005600474751747188,193897
949,1.0,194032,0.8262712000057197,194032,0.275574462502091,0.005980831866637109,194032
950,6.0,194400,0.8259400000057306,194400,0.25401015134285326,0.005858250488106774,194400
951,4.0,194663,0.8257033000057384,194663,0.3117617225918933,0.006157154650281882,194663
952,2.0,194857,0.8255287000057442,194857,0.2789656000653493,0.005093727762137747,194857
953,5.0,195146,0.8252686000057528,195146,0.2511366416013777,0.0057966241738509235,195146
954,3.0,195356,0.825079600005759,195356,0.2534322466169085,0.006314633035816812,195356
955,1.0,195496,0.8249536000057631,195496,0.2880502932838031,0.005974570571626308,195496
956,0.0,195589,0.8248699000057659,195589,0.2919207237740999,0.005844561487416892,195589
957,3.0,195815,0.8246665000057726,195815,0.262850564665499,0.005663350091483346,195815
958,1.0,195941,0.8245531000057763,195941,0.2703768422915822,0.005618333556586073,195941
959,3.0,196154,0.8243614000057826,196154,0.2611412588559406,0.006201602782508382,196154
960,2.0,196328,0.8242048000057878,196328,0.258111705382665,0.005499882553689448,196328
961,1.0,196477,0.8240707000057922,196477,0.28121517248601724,0.005806083128601625,196477
962,3.0,196695,0.8238745000057986,196695,0.2718502849067023,0.005133563834959104,196695
963,2.0,196881,0.8237071000058042,196881,0.2706437855157801,0.0053098690934191796,196881
964,3.0,197111,0.823500100005811,197111,0.27428407234990076,0.004710891485481862,197111
965,4.0,197387,0.8232517000058192,197387,0.2552949956793716,0.00543534223937098,197387
966,1.0,197535,0.8231185000058235,197535,0.2814806442002992,0.005444515366336319,197535
967,0.0,197635,0.8230285000058265,197635,0.28491393581032753,0.005361009356347495,197635
968,0.0,197740,0.8229340000058296,197740,0.2897904176087607,0.006538237716900074,197740
969,1.0,197895,0.8227945000058342,197895,0.26138764283349436,0.005175816292126734,197895
970,4.0,198168,0.8225488000058423,198168,0.2532666815178735,0.005103836881945149,198168
971,4.0,198456,0.8222896000058508,198456,0.29863902812616694,0.005609210693961586,198456
972,4.0,198743,0.8220313000058593,198743,0.30612987923705204,0.004860375894393098,198743
973,2.0,198905,0.8218855000058641,198905,0.28286617396422375,0.004870463549027422,198905
974,4.0,199182,0.8216362000058723,199182,0.2719533438071447,0.005490057770926823,199182
975,2.0,199380,0.8214580000058782,199380,0.27161436430131547,0.004119592716814062,199380
976,4.0,199602,0.8212582000058848,199602,0.2745771311424874,0.005812659188827105,199602
977,3.0,199813,0.821068300005891,199813,0.2519058191804524,0.005150417550109019,199813
978,2.0,199976,0.8209216000058959,199976,0.2824905315425498,0.0061836679791991474,199976
979,1.0,200115,0.8207965000059,200115,0.3165912690351335,0.006518212786948739,200115
980,1.0,200262,0.8206642000059043,200262,0.29255613218359394,0.005512547624824279,200262
981,4.0,200530,0.8204230000059123,200530,0.3216033117539847,0.005661637623125532,200530
982,1.0,200685,0.8202835000059169,200685,0.30222598737285983,0.005613279898452381,200685
983,6.0,201031,0.8199721000059271,201031,0.32998968678058227,0.00588727238232817,201031
984,6.0,201386,0.8196526000059376,201386,0.26569329508593387,0.005726297880325328,201386
985,2.0,201553,0.8195023000059426,201553,0.3027412120453612,0.004835261314527709,201553
986,2.0,201736,0.819337600005948,201736,0.29218514996473904,0.005792206356006412,201736
987,4.0,201973,0.819124300005955,201973,0.2684103860382289,0.005793179267045319,201973
988,2.0,202175,0.818942500005961,202175,0.2874716683337004,0.0053052814413298045,202175
989,4.0,202411,0.818730100005968,202411,0.27946528211488564,0.005677617833020646,202411
990,1.0,202537,0.8186167000059718,202537,0.31004105496501166,0.005794389204859885,202537
991,4.0,202792,0.8183872000059793,202792,0.3268422917992461,0.0064110088369702944,202792
992,6.0,203137,0.8180767000059895,203137,0.3230465350375659,0.006534195093242316,203137
993,2.0,203316,0.8179156000059948,203316,0.28284155298544705,0.006135777572705475,203316
994,3.0,203547,0.8177077000060017,203547,0.28454527033097815,0.005854484918915671,203547
995,2.0,203731,0.8175421000060071,203731,0.30260274389191816,0.005301417629099255,203731
996,1.0,203851,0.8174341000060107,203851,0.31371731758117677,0.006287187687015224,203851
997,2.0,204010,0.8172910000060154,204010,0.29911289312554606,0.005311802172817915,204010
998,3.0,204250,0.8170750000060225,204250,0.2918200394759575,0.004472341096182693,204250
999,1.0,204393,0.8169463000060267,204393,0.30001161857084796,0.004591885264363027,204393
1000,1.0,204541,0.8168131000060311,204541,0.30463148603165474,0.004392823493556018,204541
Date/Time End,2019-03-16 01:38:23.685939
