Date/Time Start,2019-02-23 10:31:30.431288
Episode,Score,Mem Lenght,Epsilon,Global Step,Average_q,Average_Loss,Frames
0,10.0,774,1.0,774,0.041226989625729335,0.0,774
1,12.0,1599,0.9994609000000177,1599,0.031675526071339846,0.004808045275514649,1599
2,6.0,2256,0.9988696000000372,2256,0.027523595702237644,0.005825608678272312,2256
3,11.0,3093,0.998116300000062,3093,0.03108473325742402,0.006171198556571865,3093
4,10.0,3888,0.9974008000000856,3888,0.03244053651637298,0.005987247419265339,3888
5,6.0,4550,0.9968050000001052,4550,0.027601853190299428,0.005855198993154234,4550
6,5.0,4960,0.9964360000001173,4960,0.029405471623489044,0.005786578629411496,4960
7,9.0,5737,0.9957367000001404,5737,0.02954963024374831,0.006003449910599468,5737
8,10.0,6535,0.995018500000164,6535,0.02735667787422251,0.006046697251371197,6535
9,9.0,7305,0.9943255000001868,7305,0.03056195420999225,0.00569790790820201,7305
10,16.0,8293,0.9934363000002161,8293,0.02574418948657871,0.005350625210840266,8293
11,6.0,8941,0.9928531000002353,8941,0.023289089618584165,0.006088056489817164,8941
12,11.0,9787,0.9920917000002604,9787,0.02595943969126183,0.005697813529785294,9787
13,6.0,10430,0.9915130000002794,10430,0.044946696157357184,0.0063831974772796535,10430
14,11.0,11214,0.9908074000003027,11214,0.060018857938655634,0.005721970535711191,11214
15,4.0,11597,0.990462700000314,11597,0.07649246864896218,0.006113544281182431,11597
16,4.0,11991,0.9901081000003257,11991,0.07375798205169022,0.007467076092671696,11991
17,7.0,12754,0.9894214000003483,12754,0.061589736674532665,0.005658829365332848,12754
18,12.0,13585,0.9886735000003729,13585,0.05856940648311169,0.006560577000747687,13585
19,12.0,14421,0.9879211000003977,14421,0.05570208740701373,0.006152089881852676,14421
20,6.0,15053,0.9873523000004164,15053,0.04919342241615434,0.005894009658490338,15053
21,6.0,15684,0.9867844000004351,15684,0.05091891360429312,0.005670274870163723,15684
22,4.0,16056,0.9864496000004461,16056,0.07592579162609513,0.005469380386941378,16056
23,3.0,16421,0.9861211000004569,16421,0.079151948102533,0.006525298640449302,16421
24,5.0,16823,0.9857593000004689,16823,0.06315726610780949,0.005197652665778313,16823
25,6.0,17454,0.9851914000004875,17454,0.04812543227583784,0.005627775224572452,17454
26,6.0,18084,0.9846244000005062,18084,0.052338979263154284,0.005529714400842158,18084
27,11.0,18948,0.9838468000005318,18948,0.053855162036294736,0.0055468496111559405,18948
28,6.0,19348,0.9834868000005437,19348,0.05645937841385603,0.005250995116039121,19348
29,10.0,20158,0.9827578000005677,20158,0.06228336604932944,0.005778080865625439,20158
30,11.0,20934,0.9820594000005907,20934,0.07770316032980829,0.0056225858589575945,20934
31,4.0,21317,0.981714700000602,21317,0.10220827209926149,0.005990755656928945,21317
32,9.0,22085,0.9810235000006248,22085,0.0773752018964539,0.006119989410914665,22085
33,6.0,22733,0.980440300000644,22733,0.07008742034021351,0.0061837669860706004,22733
34,11.0,23562,0.9796942000006685,23562,0.07379897654200349,0.006019455193090045,23562
35,5.0,23971,0.9793261000006807,23971,0.0883368257715533,0.0057029076954728435,23971
36,9.0,24759,0.978616900000704,24759,0.0894492963224952,0.005724307373758317,24759
37,8.0,25558,0.9778978000007277,25558,0.07513978725791126,0.005200336592542783,25558
38,10.0,26360,0.9771760000007514,26360,0.07482796597138902,0.00549615317785744,26360
39,6.0,27006,0.9765946000007706,27006,0.06145314736170666,0.005045993835676548,27006
40,11.0,27803,0.9758773000007942,27803,0.07164646915091176,0.005588453076836444,27803
41,5.0,28207,0.9755137000008062,28207,0.08100463916538375,0.005136485227561898,28207
42,6.0,28831,0.9749521000008247,28831,0.06538355795857616,0.005978569557462321,28831
43,6.0,29463,0.9743833000008434,29463,0.06493622525536184,0.006300256082047068,29463
44,11.0,30333,0.9736003000008692,30333,0.07638259541200496,0.005695912320783694,30333
45,8.0,31083,0.9729253000008914,31083,0.09946231738726298,0.005917143618105911,31083
46,10.0,31869,0.9722179000009147,31869,0.09981059204341498,0.005896884987903383,31869
47,10.0,32662,0.9715042000009382,32662,0.09158926295565176,0.006242668543944695,32662
48,10.0,33468,0.9707788000009621,33468,0.0945749740317353,0.0057952620748620565,33468
49,7.0,34069,0.9702379000009799,34069,0.10554770703819548,0.00587400391982336,34069
50,10.0,34846,0.9695386000010029,34846,0.09722973346863628,0.005720443663060647,34846
51,8.0,35624,0.968838400001026,35624,0.09782911202173614,0.00580576075016743,35624
52,4.0,36018,0.9684838000010376,36018,0.12243923278251276,0.005557158202662571,36018
53,6.0,36629,0.9679339000010557,36629,0.12289928718060011,0.006329603905174563,36629
54,10.0,37467,0.9671797000010806,37467,0.09506155681176232,0.005689525679886749,37467
55,8.0,38235,0.9664885000011033,38235,0.09495070600920978,0.0056490330838888285,38235
56,6.0,38884,0.9659044000011225,38884,0.10034754351125844,0.005968010651965382,38884
57,8.0,39668,0.9651988000011458,39668,0.09421090030928655,0.0057696046345306375,39668
58,11.0,40503,0.9644473000011705,40503,0.11903291112648513,0.00545683869482771,40503
59,6.0,41125,0.963887500001189,41125,0.10674382636018122,0.005965359919205521,41125
60,10.0,41926,0.9631666000012127,41926,0.11930713663982244,0.005350387213345383,41926
61,4.0,42318,0.9628138000012243,42318,0.14712213884506906,0.0062155936306485925,42318
62,9.0,43108,0.9621028000012477,43108,0.11802609230898603,0.005244753945948957,43108
63,6.0,43744,0.9615304000012665,43744,0.10122092347006378,0.005846146938624227,43744
64,6.0,44378,0.9609598000012853,44378,0.11307462760796683,0.005847071443663007,44378
65,4.0,44768,0.9606088000012969,44768,0.13838239575807865,0.00580305026255351,44768
66,9.0,45538,0.9599158000013197,45538,0.1298956601650684,0.0055698258155395955,45538
67,2.0,45902,0.9595882000013305,45902,0.1791189037836515,0.0049452624268099665,45902
68,11.0,46717,0.9588547000013546,46717,0.13445512114858335,0.005250825579633488,46717
69,10.0,47523,0.9581293000013785,47523,0.13844451626240467,0.005449662917021274,47523
70,9.0,48313,0.9574183000014019,48313,0.14047607800251322,0.0056986083981600925,48313
71,2.0,48677,0.9570907000014127,48677,0.20947515358636667,0.005655364342681344,48677
72,6.0,49306,0.9565246000014314,49306,0.13867218133849823,0.005391943552274966,49306
73,6.0,49952,0.9559432000014505,49952,0.0983862177736988,0.005618850561548147,49952
74,9.0,50749,0.9552259000014741,50749,0.1450345691391635,0.005612221585900054,50749
75,9.0,51522,0.954530200001497,51522,0.1614506271068985,0.005570743029963428,51522
76,9.0,52289,0.9538399000015197,52289,0.14673771947194886,0.006035305036885592,52289
77,10.0,53071,0.9531361000015429,53071,0.13427493353481487,0.006346325905461524,53071
78,9.0,53848,0.9524368000015659,53848,0.146979488883086,0.005577195380139254,53848
79,10.0,54637,0.9517267000015893,54637,0.15736772131330615,0.0053564099250444685,54637
80,10.0,55427,0.9510157000016127,55427,0.1392565369417396,0.005168910852715939,55427
81,4.0,55818,0.9506638000016243,55818,0.17227629856075471,0.005982399458916265,55818
82,9.0,56585,0.949973500001647,56585,0.13983504693697765,0.005381603192240837,56585
83,9.0,57379,0.9492589000016706,57379,0.16507025207545356,0.005850041087038559,57379
84,9.0,58145,0.9485695000016933,58145,0.16489204595123197,0.004823729341524679,58145
85,4.0,58532,0.9482212000017047,58532,0.17955324850803198,0.005334358918435453,58532
86,7.0,59181,0.947637100001724,59181,0.1517152200999723,0.006330314304187288,59181
87,15.0,60130,0.9467830000017521,60130,0.15557606913958008,0.005303052384865733,60130
88,11.0,60974,0.9460234000017771,60974,0.15288998393156517,0.004896420991055183,60974
89,17.0,61968,0.9451288000018065,61968,0.1623668776191696,0.005482854364969278,61968
90,7.0,62779,0.9443989000018306,62779,0.17568029509225697,0.006368502963627657,62779
91,6.0,63431,0.9438121000018499,63431,0.1762922271811889,0.005395143068550627,63431
92,4.0,63841,0.943443100001862,63841,0.18749642437551078,0.00592078541202482,63841
93,12.0,64669,0.9426979000018866,64669,0.17091555142964143,0.0062154275405947295,64669
94,11.0,65451,0.9419941000019098,65451,0.15959518597177838,0.005758704351004981,65451
95,9.0,66233,0.9412903000019329,66233,0.15060785509969876,0.0056417639660702595,66233
96,6.0,66869,0.9407179000019518,66869,0.1403006192695045,0.005390420665688273,66869
97,5.0,67258,0.9403678000019633,67258,0.19390478749354884,0.0057244691870577515,67258
98,10.0,68053,0.9396523000019869,68053,0.185088704779463,0.005050046580957846,68053
99,10.0,68848,0.9389368000020104,68848,0.15537483066132984,0.005738975908665818,68848
100,8.0,69615,0.9382465000020331,69615,0.15235402674998266,0.005228235188134654,69615
101,6.0,70269,0.9376579000020525,70269,0.15632844996561698,0.006032613352786989,70269
102,6.0,70898,0.9370918000020712,70898,0.15584245944819125,0.00615211584003674,70898
103,4.0,71292,0.9367372000020828,71292,0.21419044792047007,0.005854252920850052,71292
104,7.0,72035,0.9360685000021048,72035,0.21684309491238396,0.006040374147079786,72035
105,9.0,72830,0.9353530000021284,72830,0.17463171615165735,0.005294852857190586,72830
106,5.0,73207,0.9350137000021396,73207,0.21850149262330892,0.006298109333297832,73207
107,5.0,73603,0.9346573000021513,73603,0.211087774748754,0.00598012691743218,73603
108,8.0,74378,0.9339598000021743,74378,0.17399006478248105,0.00600317147541641,74378
109,4.0,74770,0.9336070000021859,74770,0.25975350556629045,0.00520672424731949,74770
110,6.0,75397,0.9330427000022045,75397,0.19940849682360745,0.005484308891578677,75397
111,9.0,76167,0.9323497000022273,76167,0.20345480426565393,0.005591302619061687,76167
112,6.0,76808,0.9317728000022463,76808,0.14920660834788532,0.005882469332381406,76808
113,4.0,77204,0.931416400002258,77204,0.21205316435056504,0.005999708758621398,77204
114,3.0,77603,0.9310573000022698,77603,0.2236874455721456,0.005726752011564952,77603
115,9.0,78384,0.930354400002293,78384,0.17213380166953107,0.005665272630158398,78384
116,7.0,79019,0.9297829000023118,79019,0.17635262941750954,0.0055478494099431164,79019
117,6.0,79650,0.9292150000023305,79650,0.15145294724855862,0.00604654294163765,79650
118,10.0,80498,0.9284518000023556,80498,0.1803829559950896,0.005970562096819158,80498
119,12.0,81338,0.9276958000023805,81338,0.190738671751959,0.005407866261858934,81338
120,9.0,82129,0.9269839000024039,82129,0.22648619767160694,0.005812244341491931,82129
121,10.0,82939,0.9262549000024279,82939,0.22492587367693584,0.005418589147167815,82939
122,11.0,83721,0.9255511000024511,83721,0.163937932656854,0.005527571963077552,83721
123,13.0,84550,0.9248050000024757,84550,0.2161079784282298,0.0060236560395481075,84550
124,9.0,85346,0.9240886000024993,85346,0.1775604479164634,0.005327397084274433,85346
125,4.0,85761,0.9237151000025116,85761,0.20875761512532293,0.005297787547064525,85761
126,10.0,86547,0.9230077000025348,86547,0.1903188064049825,0.0051509825458039785,86547
127,8.0,87335,0.9222985000025582,87335,0.1935376953806369,0.005424180801820895,87335
128,6.0,88004,0.921696400002578,88004,0.19879086395817488,0.005634427924221277,88004
129,5.0,88390,0.9213490000025895,88390,0.1879812186014467,0.006593286724547901,88390
130,4.0,88775,0.9210025000026009,88775,0.22489869695205192,0.005961182513618207,88775
131,6.0,89460,0.9203860000026212,89460,0.2117021107543124,0.005600703847645544,89460
132,6.0,90115,0.9197965000026406,90115,0.16137487588037971,0.006286852309930864,90115
133,6.0,90727,0.9192457000026587,90727,0.2623610233072362,0.005552577883873692,90727
134,11.0,91517,0.9185347000026821,91517,0.21125117359282095,0.0060866074980666885,91517
135,11.0,92389,0.917749900002708,92389,0.2096635636899176,0.005659002774587161,92389
136,6.0,93011,0.9171901000027264,93011,0.29049253957256244,0.006238653371288363,93011
137,10.0,93782,0.9164962000027492,93782,0.2159553894582271,0.006029875378405112,93782
138,15.0,94833,0.9155503000027804,94833,0.2302421354232347,0.005863233768440106,94833
139,8.0,95607,0.9148537000028033,95607,0.21556112301134017,0.005816202288182471,95607
140,9.0,96391,0.9141481000028265,96391,0.18686497831070908,0.005950141363168119,96391
141,10.0,97169,0.9134479000028496,97169,0.18853853210079027,0.005315450287044257,97169
142,4.0,97556,0.9130996000028611,97556,0.26472722606141436,0.0059757427045385395,97556
143,5.0,97957,0.9127387000028729,97957,0.23065581434682716,0.005971579279090415,97957
144,8.0,98735,0.912038500002896,98735,0.2781436987661764,0.005840949770427521,98735
145,16.0,100586,0.9103726000029508,100586,0.16757013578308008,0.005840754216168136,100586
146,4.0,100994,0.9100054000029629,100994,0.2664749271729413,0.006130607467033163,100994
147,10.0,101793,0.9092863000029866,101793,0.23857600160773018,0.0055667440892090535,101793
148,2.0,102161,0.9089551000029975,102161,0.36376618213303713,0.006003325668367008,102161
149,5.0,102530,0.9086230000030084,102530,0.32433482083847853,0.00577993991336442,102530
150,6.0,103159,0.9080569000030271,103159,0.23704292569516763,0.0059352084946866215,103159
151,3.0,103550,0.9077050000030387,103550,0.30249897011405674,0.006441273580259426,103550
152,5.0,103936,0.9073576000030501,103936,0.24187687525786267,0.005770287677077782,103936
153,9.0,104740,0.9066340000030739,104740,0.21588076102496379,0.006215979014602603,104740
154,9.0,105521,0.9059311000030971,105521,0.20707724417980747,0.005407836644614542,105521
155,6.0,106181,0.9053371000031166,106181,0.166884649793307,0.00581150766551163,106181
156,9.0,106965,0.9046315000031399,106965,0.21257674701663912,0.005396829105625422,106965
157,6.0,107598,0.9040618000031586,107598,0.17062164939598637,0.005534607457156304,107598
158,6.0,108251,0.903474100003178,108251,0.1938051513380515,0.005133960146039253,108251
159,14.0,109327,0.9025057000032098,109327,0.24285189391955123,0.00631634216142122,109327
160,3.0,109698,0.9021718000032208,109698,0.3528413252046487,0.006086065679536932,109698
161,7.0,110343,0.90159130000324,110343,0.2114951752414999,0.0055710166949253575,110343
162,4.0,110746,0.9012286000032519,110746,0.27303502828844134,0.005545349364657424,110746
163,11.0,111575,0.9004825000032765,111575,0.2503208376386341,0.005263318898173768,111575
164,7.0,112348,0.8997868000032994,112348,0.23894618262680198,0.005725807046556434,112348
165,6.0,112977,0.899220700003318,112977,0.2582650669333666,0.005693602350688801,112977
166,9.0,113761,0.8985151000033412,113761,0.2412208947448098,0.005622161645885858,113761
167,11.0,114553,0.8978023000033647,114553,0.23571988398378546,0.005986740666993122,114553
168,5.0,114955,0.8974405000033766,114955,0.27522811212053344,0.006246784096228976,114955
169,9.0,115753,0.8967223000034003,115753,0.2290195500043998,0.005855664479074898,115753
170,11.0,116572,0.8959852000034245,116572,0.24320170152318346,0.005610994119002394,116572
171,4.0,116957,0.8956387000034359,116957,0.2936426124789498,0.0059737353062925425,116957
172,10.0,117741,0.8949331000034592,117741,0.20901411897217742,0.005415881801266606,117741
173,8.0,118521,0.8942311000034823,118521,0.22484487199630493,0.005926754002948889,118521
174,11.0,119377,0.8934607000035076,119377,0.26937441513917154,0.005596049457619013,119377
175,4.0,119773,0.8931043000035194,119773,0.2744369140327579,0.005048247452596299,119773
176,6.0,120417,0.8925247000035385,120417,0.19749690245212234,0.005987624258325567,120417
177,9.0,121184,0.8918344000035612,121184,0.27685878893076366,0.005612507565806843,121184
178,11.0,122015,0.8910865000035858,122015,0.21997303699471604,0.005925914179645792,122015
179,10.0,122813,0.8903683000036094,122813,0.2162869599155316,0.005534006765818067,122813
180,5.0,123210,0.8900110000036212,123210,0.2404424318438513,0.005830536816881732,123210
181,10.0,124031,0.8892721000036455,124031,0.332691993841155,0.005454719588255519,124031
182,6.0,124654,0.888711400003664,124654,0.1772878324047903,0.005547178901871554,124654
183,10.0,125462,0.8879842000036879,125462,0.2636678062821969,0.005749265538445861,125462
184,9.0,126231,0.8872921000037107,126231,0.2229392017166388,0.005976389417175315,126231
185,4.0,126620,0.8869420000037223,126620,0.2899970183182498,0.005243174295230071,126620
186,6.0,127259,0.8863669000037412,127259,0.17175875084127806,0.005932291169278834,127259
187,4.0,127641,0.8860231000037525,127641,0.2903200930949905,0.005191402741305894,127641
188,10.0,128481,0.8852671000037774,128481,0.22560573000283468,0.0057944608892631505,128481
189,6.0,129119,0.8846929000037963,129119,0.27270132994577057,0.006219727273568435,129119
190,9.0,129927,0.8839657000038202,129927,0.2448973705125327,0.005938240234235588,129927
191,9.0,130713,0.8832583000038435,130713,0.2785817038542745,0.006075810476943244,130713
192,9.0,131503,0.8825473000038669,131503,0.33680465489248684,0.0059833255677507555,131503
193,9.0,132260,0.8818660000038894,132260,0.2976036882778455,0.005851631690231318,132260
194,9.0,133055,0.8811505000039129,133055,0.25461089296161005,0.005568899161587967,133055
195,6.0,133689,0.8805799000039317,133689,0.24868559042926092,0.005970210881530284,133689
196,10.0,134469,0.8798779000039548,134469,0.2737960819632579,0.005924121940468187,134469
197,6.0,135089,0.8793199000039732,135089,0.2793464774566312,0.005710689051521777,135089
198,9.0,135856,0.8786296000039959,135856,0.3327182565549828,0.006118014067593711,135856
199,6.0,136509,0.8780419000040153,136509,0.28782082302281903,0.005907148991066607,136509
200,11.0,137288,0.8773408000040384,137288,0.2742998525022083,0.005846699610860171,137288
201,12.0,138084,0.8766244000040619,138084,0.2374553349449407,0.00649284225044393,138084
202,6.0,138705,0.8760655000040803,138705,0.3131987454906562,0.0059515453666792026,138705
203,9.0,139495,0.8753545000041038,139495,0.297629147881194,0.0057912098836777086,139495
204,10.0,140284,0.8746444000041271,140284,0.2834471941976342,0.005793657264413568,140284
205,7.0,140973,0.8740243000041475,140973,0.25226438049827155,0.006200533241715487,140973
206,9.0,141759,0.8733169000041708,141759,0.3372120029143705,0.006502029291067821,141759
207,4.0,142164,0.8729524000041828,142164,0.35629059348577335,0.006087623205485776,142164
208,3.0,142561,0.8725951000041946,142561,0.40999944053909343,0.006114111728788827,142561
209,8.0,143357,0.8718787000042182,143357,0.3471138143734117,0.005867473842853949,143357
210,10.0,144189,0.8711299000042428,144189,0.3266333235571018,0.005839087848558988,144189
211,11.0,145001,0.8703991000042669,145001,0.31686451179640635,0.006100556245996253,145001
212,8.0,145759,0.8697169000042894,145759,0.3704152650600373,0.005967805035558829,145759
213,12.0,146551,0.8690041000043128,146551,0.3122442003828709,0.006653380071701108,146551
214,2.0,146934,0.8686594000043242,146934,0.5749961522167096,0.005811960871745382,146934
215,5.0,147333,0.868300300004336,147333,0.35388789970175666,0.005706321978849653,147333
216,6.0,147971,0.8677261000043549,147971,0.2376330090353855,0.0052873069554298015,147971
217,10.0,148752,0.867023200004378,148752,0.2961358161650302,0.0059938821672003125,148752
218,11.0,149635,0.8662285000044042,149635,0.30487336172792945,0.0059522592034051145,149635
219,6.0,150259,0.8656669000044227,150259,0.2856927340229352,0.006092316852001927,150259
220,4.0,150652,0.8653132000044343,150652,0.414607119620908,0.005370039203695647,150652
221,5.0,151042,0.8649622000044459,151042,0.3218297330996929,0.0063874016905827325,151042
222,4.0,151442,0.8646022000044578,151442,0.3689007439464331,0.006104124261819379,151442
223,8.0,152225,0.863897500004481,152225,0.2886824323718423,0.005508427415437114,152225
224,6.0,152877,0.8633107000045003,152877,0.2983279479610408,0.005419895450253021,152877
225,9.0,153642,0.8626222000045229,153642,0.35653514304971384,0.005691967813375717,153642
226,7.0,154275,0.8620525000045417,154275,0.2888719264835731,0.005666539601549082,154275
227,7.0,154923,0.8614693000045609,154923,0.287923554211487,0.005689426652522489,154923
228,11.0,155752,0.8607232000045855,155752,0.30853492496097046,0.0059297941487147145,155752
229,3.0,156117,0.8603947000045963,156117,0.6212998146063661,0.00612593696513277,156117
230,11.0,156919,0.85967290000462,156919,0.3173201959626633,0.005690966059420109,156919
231,5.0,157324,0.859308400004632,157324,0.28986907770604264,0.005984017712511064,157324
232,5.0,157729,0.858943900004644,157729,0.2932577272992075,0.005867319562246759,157729
233,6.0,158354,0.8583814000046626,158354,0.3360604697704315,0.005408163984888233,158354
234,4.0,158761,0.8580151000046746,158761,0.35141675888173995,0.005489722643491208,158761
235,9.0,159525,0.8573275000046973,159525,0.2913895188123768,0.006026996085078929,159525
236,10.0,160371,0.8565661000047223,160371,0.2910509743765173,0.005951131278446415,160371
237,10.0,161160,0.8558560000047457,161160,0.32690570139915165,0.0062059440424076205,161160
238,6.0,161783,0.8552953000047642,161783,0.27096731604389357,0.0054035665911927305,161783
239,6.0,162435,0.8547085000047835,162435,0.33685893848812654,0.005411204416795842,162435
240,6.0,163083,0.8541253000048027,163083,0.27230898116105867,0.005438825311406011,163083
241,11.0,163913,0.8533783000048273,163913,0.32267143579132584,0.005642339285601251,163913
242,11.0,164745,0.8526295000048519,164745,0.364867896020699,0.0057481951302214345,164745
243,6.0,165396,0.8520436000048712,165396,0.43848053302999285,0.005491753146263374,165396
244,3.0,165792,0.851687200004883,165792,0.4775320180889332,0.0061013852694422254,165792
245,10.0,166570,0.850987000004906,166570,0.30161859075943426,0.0056449567975533545,166570
246,10.0,167361,0.8502751000049295,167361,0.37894648630007177,0.005583035740642261,167361
247,11.0,168183,0.8495353000049538,168183,0.33520010516156246,0.00603780293783514,168183
248,9.0,168982,0.8488162000049775,168982,0.3292043258311304,0.005327410479376351,168982
249,5.0,169372,0.848465200004989,169372,0.28817388270145805,0.005291384589210606,169372
250,10.0,170171,0.8477461000050127,170171,0.3400349385747325,0.006135122699372223,170171
251,6.0,170791,0.8471881000050311,170791,0.47495689238271405,0.0062444478293576635,170791
252,4.0,171179,0.8468389000050426,171179,0.48961746807872636,0.00560540559781282,171179
253,19.0,172499,0.8456509000050817,172499,0.3692219961999041,0.0053527759299895755,172499
254,9.0,173318,0.844913800005106,173318,0.3922470658471733,0.00589486749095658,173318
255,8.0,174074,0.8442334000051284,174074,0.3414293073866733,0.0057213376458286475,174074
256,6.0,174701,0.8436691000051469,174701,0.2592039211182313,0.005336470672709606,174701
257,9.0,175494,0.8429554000051704,175494,0.319024642076799,0.006084844114208679,175494
258,6.0,176124,0.8423884000051891,176124,0.2645134923713548,0.006139830790371412,176124
259,9.0,176927,0.8416657000052129,176927,0.33472758869305347,0.005683259881142287,176927
260,5.0,177323,0.8413093000052246,177323,0.3792327651471803,0.005825179803650826,177323
261,8.0,178118,0.8405938000052482,178118,0.3671277979259971,0.0058873073044511245,178118
262,11.0,178967,0.8398297000052733,178967,0.35919668038405295,0.005603124570258228,178967
263,5.0,179371,0.8394661000052853,179371,0.32068926981180024,0.0064221596094465,179371
264,6.0,180035,0.838868500005305,180035,0.35924707743597317,0.005081436749167617,180035
265,5.0,180418,0.8385238000053163,180418,0.38238143399552327,0.004907929566634123,180418
266,8.0,181205,0.8378155000053397,181205,0.33005323409655496,0.00598090963129808,181205
267,8.0,181983,0.8371153000053627,181983,0.35241542170470663,0.005969275399976096,181983
268,5.0,182391,0.8367481000053748,182391,0.3239193467386797,0.006977454075739861,182391
269,6.0,183020,0.8361820000053934,183020,0.29226915209016663,0.005876055253826567,183020
270,11.0,183826,0.8354566000054173,183826,0.4927496449379412,0.005737802626740732,183826
271,4.0,184235,0.8350885000054294,184235,0.39405774450826764,0.005757051409753882,184235
272,11.0,185102,0.8343082000054551,185102,0.36477616463702994,0.005335678430896488,185102
273,10.0,185907,0.833583700005479,185907,0.33102048631780634,0.006037869305683948,185907
274,12.0,186739,0.8328349000055036,186739,0.39972057168443614,0.005546672019066206,186739
275,10.0,187511,0.8321401000055265,187511,0.4875623957866832,0.005789016330120222,187511
276,8.0,188307,0.8314237000055501,188307,0.40897159750138096,0.005745922605204777,188307
277,10.0,189093,0.8307163000055734,189093,0.3804752836928113,0.0056614664422074724,189093
278,2.0,189455,0.8303905000055841,189455,0.6538991006863052,0.006014608714384804,189455
279,11.0,190250,0.8296750000056077,190250,0.35471412082138304,0.005824955638425583,190250
280,5.0,190652,0.8293132000056196,190652,0.3570846044157275,0.005230030945539289,190652
281,9.0,191478,0.8285698000056441,191478,0.42765629269886246,0.005744004116308217,191478
282,9.0,192262,0.8278642000056673,192262,0.4278894281204866,0.005471583691118843,192262
283,5.0,192657,0.827508700005679,192657,0.3683310347267344,0.005833914570209771,192657
284,6.0,193281,0.8269471000056975,193281,0.38902872461730087,0.005900809030068698,193281
285,5.0,193969,0.8263279000057179,193969,0.4350316667452801,0.006141821152659547,193969
286,4.0,194380,0.82595800000573,194380,0.419738760829842,0.006355768199352923,194380
287,4.0,194762,0.8256142000057414,194762,0.4450100580747215,0.006064848824866184,194762
288,16.0,195740,0.8247340000057704,195740,0.4618259414207716,0.005520793055634134,195740
289,10.0,196522,0.8240302000057935,196522,0.38737718417973777,0.005816310052843312,196522
290,9.0,197296,0.8233336000058165,197296,0.344903080423365,0.005485522101431104,197296
291,10.0,198071,0.8226361000058394,198071,0.3653573049268415,0.005700039166953385,198071
292,12.0,198860,0.8219260000058628,198860,0.3354907447167676,0.0055820416959266135,198860
293,6.0,199618,0.8212438000058853,199618,0.4210076899437288,0.005840173601953062,199618
294,6.0,200238,0.8206858000059036,200238,0.42764955235104407,0.005156882547617574,200238
295,10.0,201045,0.8199595000059275,201045,0.40809404735523824,0.005238576253669514,201045
296,6.0,201655,0.8194105000059456,201655,0.40656067860908196,0.0052924406570649596,201655
297,12.0,202643,0.8185213000059749,202643,0.4865682431259136,0.005898079986539448,202643
298,5.0,203026,0.8181766000059862,203026,0.6490685925393441,0.006029589728658347,203026
299,6.0,203675,0.8175925000060055,203675,0.4328333074671829,0.005612391150904136,203675
300,13.0,204513,0.8168383000060303,204513,0.46870810579428523,0.005780071992430445,204513
301,11.0,205391,0.8160481000060563,205391,0.5090586063462672,0.005445678684096608,205391
302,10.0,206189,0.81532990000608,206189,0.4200914018696412,0.005532815321376326,206189
303,5.0,206587,0.8149717000060918,206587,0.3624188898121891,0.00519461651907733,206587
304,9.0,207369,0.8142679000061149,207369,0.41171234703201165,0.005702553845323024,207369
305,8.0,208160,0.8135560000061384,208160,0.4017233091645536,0.00524587822256359,208160
306,6.0,208789,0.812989900006157,208789,0.32235173160870617,0.005876040725647849,208789
307,12.0,209633,0.812230300006182,209633,0.39062827076957124,0.005616504368021912,209633
308,6.0,210272,0.811655200006201,210272,0.4003642810295818,0.00562982117132858,210272
309,6.0,210939,0.8110549000062207,210939,0.42380649767358086,0.005298031869142301,210939
310,6.0,211579,0.8104789000062397,211579,0.3241986962966621,0.0052993428304489495,211579
311,4.0,211971,0.8101261000062513,211971,0.4658090947005822,0.00615770549172469,211971
312,9.0,212746,0.8094286000062743,212746,0.46289045981822474,0.005594692982718228,212746
313,3.0,213128,0.8090848000062856,213128,0.5805347275515501,0.0060076215737182356,213128
314,9.0,213919,0.808372900006309,213919,0.3903894829840485,0.005767833547149055,213919
315,10.0,214703,0.8076673000063322,214703,0.3318419933357105,0.005283007463954071,214703
316,9.0,215482,0.8069662000063553,215482,0.37970504920274517,0.005673289739192656,215482
317,12.0,216357,0.8061787000063813,216357,0.4383298603125981,0.005549497122177854,216357
318,10.0,217147,0.8054677000064047,217147,0.3885524748246881,0.0053346763553592975,217147
319,6.0,217770,0.8049070000064231,217770,0.4201929031798009,0.005526506545533759,217770
320,6.0,218416,0.8043256000064423,218416,0.32278571969861214,0.0056648506658964854,218416
321,9.0,219196,0.8036236000064654,219196,0.33488708398281,0.005296094733505295,219196
322,7.0,219837,0.8030467000064844,219837,0.37646149559158615,0.005025703527992984,219837
323,6.0,220494,0.8024554000065038,220494,0.3919604142370834,0.005455511723196912,220494
324,4.0,220869,0.802117900006515,220869,0.5813346188465754,0.00508829696988687,220869
325,10.0,221663,0.8014033000065385,221663,0.4342076680071708,0.005399682109173205,221663
326,7.0,222309,0.8008219000065576,222309,0.37302960487711173,0.0054227466268454835,222309
327,4.0,222912,0.8002792000065755,222912,0.6394338786206633,0.005186012876374496,222912
328,6.0,223563,0.7996933000065948,223563,0.4135132628148236,0.005215679743855093,223563
329,10.0,224403,0.7989373000066197,224403,0.4590959873227846,0.005971687915838889,224403
330,6.0,225047,0.7983577000066387,225047,0.4310097391746059,0.005055732959364425,225047
331,12.0,225849,0.7976359000066625,225849,0.42295247450136486,0.004997219983401227,225849
332,6.0,226468,0.7970788000066809,226468,0.3008175295369883,0.0050861889088145715,226468
333,11.0,227250,0.796375000006704,227250,0.3933036343368423,0.005151359300897874,227250
334,4.0,227647,0.7960177000067158,227647,0.5604170345389272,0.005173487583778198,227647
335,10.0,228449,0.7952959000067396,228449,0.4063720292506967,0.005271952403108345,228449
336,12.0,229268,0.7945588000067638,229268,0.4254786845965263,0.0054842934569045996,229268
337,19.0,231337,0.7926967000068251,231337,0.4911754204634597,0.005390124115521816,231337
338,7.0,231995,0.7921045000068446,231995,0.36452703157547395,0.005363914667537413,231995
339,10.0,232811,0.7913701000068688,232811,0.4705594013098116,0.00564664951163614,232811
340,17.0,234674,0.789693400006924,234674,0.45118840984196285,0.005401145601834451,234674
341,6.0,235306,0.7891246000069427,235306,0.34126239236962946,0.005382729296326045,235306
342,6.0,235924,0.788568400006961,235924,0.5170667050436477,0.005242708903756392,235924
343,9.0,236700,0.787870000006984,236700,0.4344077584016876,0.005079969331361389,236700
344,6.0,237361,0.7872751000070036,237361,0.4327775795412857,0.004786217282125522,237361
345,7.0,238051,0.7866541000070241,238051,0.47948720560989516,0.00551545662384487,238051
346,6.0,238713,0.7860583000070437,238713,0.4153612561951591,0.004975989235939987,238713
347,4.0,239104,0.7857064000070553,239104,0.44751892941991994,0.004988605729015449,239104
348,6.0,239736,0.785137600007074,239736,0.5566840047323252,0.005089342500296085,239736
349,12.0,240596,0.7843636000070995,240596,0.4560904955101568,0.005234570047739612,240596
350,12.0,241438,0.7836058000071244,241438,0.3918022498169874,0.0054705763183875095,241438
351,10.0,242205,0.7829155000071472,242205,0.35524170831176105,0.005016919929808767,242205
352,10.0,243022,0.7821802000071714,243022,0.4754003123488537,0.0053782578283220394,243022
353,7.0,243650,0.78161500000719,243650,0.5635964618936465,0.004842637232321264,243650
354,3.0,244275,0.7810525000072085,244275,0.6585835523605347,0.004555082353297621,244275
355,10.0,245066,0.7803406000072319,245066,0.4078589114543008,0.005356553218085507,245066
356,12.0,245895,0.7795945000072565,245895,0.46691206491252335,0.004804761638628674,245895
357,6.0,246533,0.7790203000072754,246533,0.3976108733109172,0.005166738846672839,246533
358,10.0,247326,0.7783066000072989,247326,0.5123658960621714,0.004878417116888296,247326
359,6.0,247971,0.777726100007318,247971,0.34890181948972304,0.005283058341502306,247971
360,11.0,248792,0.7769872000073423,248792,0.487663885744132,0.00501601696732606,248792
361,6.0,249460,0.7763860000073621,249460,0.35147422117119775,0.0050758921281953235,249460
362,11.0,250261,0.7756651000073859,250261,0.568372571047921,0.004893100630925368,250261
363,6.0,250917,0.7750747000074053,250917,0.40408757326715605,0.004880320335759301,250917
364,13.0,251747,0.7743277000074299,251747,0.4871306555098798,0.0057890714021365955,251747
365,7.0,252499,0.7736509000074522,252499,0.4947051026838574,0.004986572126925123,252499
366,3.0,252888,0.7733008000074637,252888,0.6339481886294324,0.005184876455031791,252888
367,10.0,253714,0.7725574000074882,253714,0.4703674348156908,0.0048540853402490244,253714
368,6.0,254351,0.7719841000075071,254351,0.3506251733802738,0.00542716242946294,254351
369,8.0,255137,0.7712767000075303,255137,0.37394216613080966,0.0049837897424677945,255137
370,6.0,255790,0.7706890000075497,255790,0.4666353918691872,0.005420162000463046,255790
371,10.0,256615,0.7699465000075741,256615,0.4242532399748311,0.005109194652389058,256615
372,8.0,257420,0.769222000007598,257420,0.4313008344691733,0.00515673656174942,257420
373,6.0,258071,0.7686361000076173,258071,0.45831973074767995,0.004959253252789874,258071
374,5.0,258676,0.7680916000076352,258676,0.618422084800468,0.004620887592053887,258676
375,6.0,259316,0.7675156000076542,259316,0.3663066894514486,0.005191520572498121,259316
376,6.0,259974,0.7669234000076737,259974,0.3471136155642999,0.0049339780508962355,259974
377,3.0,260353,0.7665823000076849,260353,0.6109397367311342,0.004680532225964242,260353
378,18.0,261701,0.7653691000077248,261701,0.475814231734955,0.00542368259459602,261701
379,10.0,262565,0.7645915000077504,262565,0.4274619886375688,0.005099118928565413,262565
380,11.0,263365,0.7638715000077742,263365,0.5378470383957028,0.005248063951767108,263365
381,9.0,264166,0.7631506000077979,264166,0.4993174619851785,0.005090382663638025,264166
382,8.0,264936,0.7624576000078207,264936,0.377702364770623,0.005181780785009229,264936
383,7.0,265564,0.7618924000078393,265564,0.42581287657569167,0.004999807804674993,265564
384,6.0,266200,0.7613200000078582,266200,0.47858962444764264,0.005346588911179309,266200
385,10.0,267017,0.7605847000078824,267017,0.507498314542607,0.005367351457115544,267017
386,9.0,267824,0.7598584000079063,267824,0.42488884576855984,0.0050805709184306965,267824
387,9.0,268613,0.7591483000079297,268613,0.3609506771893858,0.0049889009233879305,268613
388,5.0,268984,0.7588144000079406,268984,0.523712839479395,0.0051175524682092735,268984
389,11.0,269850,0.7580350000079663,269850,0.5336436319571445,0.005125218011323506,269850
390,9.0,270636,0.7573276000079896,270636,0.4808059439025156,0.005247818792355691,270636
391,7.0,271426,0.756616600008013,271426,0.516032308453246,0.004925290725887989,271426
392,15.0,272347,0.7557877000080403,272347,0.502392534227247,0.004768703017021296,272347
393,6.0,272959,0.7552369000080584,272959,0.4311969130013893,0.005030360906162327,272959
394,2.0,273347,0.7548877000080699,273347,0.6460185769522927,0.00520605033536,273347
395,11.0,274151,0.7541641000080938,274151,0.4479255571182984,0.004945553050398773,274151
396,6.0,274774,0.7536034000081122,274774,0.5639217714293236,0.004760660576388571,274774
397,4.0,275181,0.7532371000081243,275181,0.4640265043083514,0.005108359400657777,275181
398,4.0,275579,0.7528789000081361,275579,0.49830569124701035,0.004775997891629597,275579
399,3.0,275944,0.7525504000081469,275944,0.7404134499291851,0.005253832510589584,275944
400,10.0,276736,0.7518376000081703,276736,0.47850928493220396,0.005036213981443922,276736
401,9.0,277524,0.7511284000081937,277524,0.45661256814063506,0.005052398747027625,277524
402,10.0,278335,0.7503985000082177,278335,0.4069305316955035,0.004998926799652499,278335
403,10.0,279136,0.7496776000082415,279136,0.3974455303690407,0.0047018750294645925,279136
404,11.0,280008,0.7488928000082673,280008,0.4652238477944234,0.005002346198050355,280008
405,6.0,280658,0.7483078000082866,280658,0.35664263603778984,0.005248562021521279,280658
406,9.0,281433,0.7476103000083095,281433,0.4563021344331003,0.004829371083103451,281433
407,11.0,282268,0.7468588000083343,282268,0.45243197179839995,0.0052706168325615125,282268
408,7.0,282902,0.746288200008353,282902,0.5870538126877054,0.00494335859282051,282902
409,6.0,283556,0.7456996000083724,283556,0.3803972652244641,0.005141942936461419,283556
410,5.0,283945,0.745349500008384,283945,0.39525726441399295,0.004687101555812223,283945
411,6.0,284354,0.7449814000083961,284354,0.43252357213887727,0.005426836201125838,284354
412,6.0,284968,0.7444288000084143,284968,0.39971354487276234,0.005090645033599208,284968
413,9.0,285748,0.7437268000084374,285748,0.49575587937083,0.005249300313246353,285748
414,10.0,286547,0.7430077000084611,286547,0.47791555529467306,0.004950827948633379,286547
415,7.0,287315,0.7423165000084838,287315,0.46112397784600034,0.004953315936215101,287315
416,6.0,287947,0.7417477000085025,287947,0.36139929464346243,0.004725109957563072,287947
417,11.0,288756,0.7410196000085265,288756,0.496771523901647,0.004451700612587212,288756
418,12.0,289591,0.7402681000085513,289591,0.5455358302521849,0.005026579428635661,289591
419,7.0,290232,0.7396912000085702,290232,0.4737429847815851,0.004641198046211598,290232
420,11.0,291033,0.738970300008594,291033,0.46532944146167027,0.0047985019101836855,291033
421,11.0,291868,0.7382188000086187,291868,0.6035374306097716,0.005051100524707034,291868
422,3.0,292253,0.7378723000086301,292253,0.6045365042113638,0.005231685956559059,292253
423,10.0,293026,0.737176600008653,293026,0.45845820455008307,0.0046271140107199465,293026
424,10.0,293841,0.7364431000086772,293841,0.44822730908364605,0.004973743553773323,293841
425,6.0,294467,0.7358797000086957,294467,0.34599848889028684,0.004483830714215206,294467
426,12.0,295288,0.7351408000087201,295288,0.46921013446295595,0.0047443452039926375,295288
427,8.0,296088,0.7344208000087438,296088,0.42610079508274795,0.005049964358331636,296088
428,6.0,296725,0.7338475000087626,296725,0.3827450184891325,0.004517608914559771,296725
429,4.0,297132,0.7334812000087747,297132,0.5347785218561604,0.00477566767513411,297132
430,10.0,297902,0.7327882000087975,297902,0.42268706534977085,0.004662664744673394,297902
431,9.0,298696,0.732073600008821,298696,0.38878625929730964,0.004544602745259239,298696
432,11.0,299490,0.7313590000088446,299490,0.3705163791738169,0.004875331469648752,299490
433,11.0,300327,0.7306057000088694,300327,0.5105310726372287,0.0046333964147230585,300327
434,10.0,301091,0.729918100008892,301091,0.4059283546908364,0.0047024568549390265,301091
435,6.0,301768,0.7293088000089121,301768,0.457567938959757,0.004669429353806995,301768
436,10.0,302550,0.7286050000089352,302550,0.4295814739506873,0.004908404051093385,302550
437,5.0,302941,0.7282531000089468,302941,0.4232139735651748,0.004289070371767063,302941
438,10.0,303738,0.7275358000089704,303738,0.5412030705020598,0.004781966072821538,303738
439,10.0,304514,0.7268374000089934,304514,0.5330851935618317,0.004713095547784403,304514
440,11.0,305314,0.7261174000090171,305314,0.5088277501054108,0.004538125080252939,305314
441,10.0,306116,0.7253956000090409,306116,0.45956035805610645,0.0045148580536992985,306116
442,5.0,306511,0.7250401000090526,306511,0.4039575958553749,0.004331290391104331,306511
443,10.0,307280,0.7243480000090754,307280,0.513144937366906,0.004581007944222877,307280
444,9.0,308048,0.7236568000090982,308048,0.5291361554409377,0.004709246639549747,308048
445,4.0,308453,0.7232923000091102,308453,0.4651115007606553,0.005023386205164256,308453
446,5.0,308862,0.7229242000091223,308862,0.3886165897974467,0.004972874149290189,308862
447,11.0,309740,0.7221340000091483,309740,0.5522811789243802,0.004578434257115214,309740
448,2.0,310103,0.721807300009159,310103,0.8428472377380392,0.004339875609690283,310103
449,6.0,310729,0.7212439000091776,310729,0.4406395170825739,0.005036083140545123,310729
450,4.0,311104,0.7209064000091887,311104,0.44787586069107055,0.005156103252666071,311104
451,16.0,312149,0.7199659000092197,312149,0.5666461478152344,0.0047490499121065665,312149
452,6.0,312788,0.7193908000092386,312788,0.5094822424351703,0.004501313348280715,312788
453,3.0,313187,0.7190317000092504,313187,0.5963550879991144,0.004878066080802688,313187
454,6.0,313829,0.7184539000092695,313829,0.37746726162151384,0.004986292406101711,313829
455,8.0,314623,0.717739300009293,314623,0.4612295958835172,0.0046755500088761955,314623
456,6.0,315286,0.7171426000093126,315286,0.39486533106721905,0.004773918996913763,315286
457,6.0,315917,0.7165747000093313,315917,0.44476129811274834,0.004317232272303597,315917
458,10.0,316692,0.7158772000093543,316692,0.4848111198025365,0.004412075099422626,316692
459,7.0,317329,0.7153039000093732,317329,0.5433605441727106,0.004684404674347262,317329
460,5.0,317986,0.7147126000093926,317986,0.5047181208066563,0.004401490491048732,317986
461,6.0,318611,0.7141501000094111,318611,0.5007425295114517,0.00437557162605226,318611
462,9.0,319396,0.7134436000094344,319396,0.4860171194668788,0.004315421516839474,319396
463,11.0,320234,0.7126894000094592,320234,0.5104635929186475,0.004712895505024156,320234
464,7.0,320880,0.7121080000094784,320880,0.6444561073885244,0.0046351080339660745,320880
465,6.0,321525,0.7115275000094975,321525,0.4128279560527136,0.004482359699715405,321525
466,5.0,321939,0.7111549000095098,321939,0.441686835050007,0.004545639810989755,321939
467,4.0,322348,0.7107868000095219,322348,0.4975371944437983,0.0044380974283266565,322348
468,5.0,322739,0.7104349000095335,322739,0.446579659190934,0.004509764838852989,322739
469,10.0,323513,0.7097383000095564,323513,0.46128478638577525,0.0043958069821151856,323513
470,6.0,324140,0.709174000009575,324140,0.5036140719289034,0.004408515390947066,324140
471,6.0,324780,0.7085980000095939,324780,0.4751877807546407,0.004652151185700859,324780
472,12.0,325662,0.7078042000096201,325662,0.5450485343464108,0.004709288508024398,325662
473,11.0,326521,0.7070311000096455,326521,0.49508202372593707,0.004181586974246234,326521
474,11.0,327358,0.7062778000096703,327358,0.487670105791861,0.004311320389694119,327358
475,8.0,328134,0.7055794000096933,328134,0.5116279731629435,0.004139159139928788,328134
476,6.0,328813,0.7049683000097134,328813,0.4607690720214057,0.004599561989597156,328813
477,6.0,329445,0.7043995000097322,329445,0.49832742897015586,0.004270192972606172,329445
478,15.0,330541,0.7034131000097646,330541,0.6298185287818422,0.004395374671465132,330541
479,6.0,331190,0.7028290000097839,331190,0.4775994443241363,0.004578961039988757,331190
480,8.0,331967,0.7021297000098069,331967,0.4949529847199699,0.0045499093361628,331967
481,11.0,332800,0.7013800000098316,332800,0.5597484048639311,0.0044004239225374385,332800
482,7.0,333425,0.7008175000098501,333425,0.4823434303760529,0.0038254309800919146,333425
483,9.0,334229,0.7000939000098739,334229,0.5732583861742446,0.004229338960228337,334229
484,14.0,335170,0.6992470000099018,335170,0.5781921371580057,0.004191219061167711,335170
485,11.0,335955,0.6985405000099251,335955,0.5161506731229223,0.004186263210903912,335955
486,6.0,336601,0.6979591000099442,336601,0.5342413503964988,0.004473822771451918,336601
487,6.0,337211,0.6974101000099623,337211,0.537246010269298,0.004444812941670296,337211
488,10.0,337978,0.696719800009985,337978,0.5274344088978375,0.004480798938713853,337978
489,10.0,338758,0.6960178000100081,338758,0.5355269580888442,0.004408916373675964,338758
490,9.0,339514,0.6953374000100305,339514,0.4903439504523126,0.004401028649005287,339514
491,4.0,339911,0.6949801000100423,339911,0.4613195226084375,0.004515629706353592,339911
492,6.0,340545,0.6944095000100611,340545,0.4000467837138883,0.004344116164388265,340545
493,12.0,341420,0.693622000010087,341420,0.4759326458147594,0.004453641961295424,341420
494,10.0,342251,0.6928741000101116,342251,0.537061145822781,0.00414652426468789,342251
495,3.0,342629,0.6925339000101228,342629,0.6362355617146013,0.004422394937137142,342629
496,11.0,343483,0.6917653000101481,343483,0.47570216727270737,0.0044603612439148566,343483
497,4.0,343865,0.6914215000101595,343865,0.5203325897455215,0.004386663437499153,343865
498,9.0,344640,0.6907240000101824,344640,0.5691783684107565,0.004268705792905342,344640
499,11.0,345424,0.6900184000102056,345424,0.5309025968558022,0.004325826246676282,345424
500,10.0,346209,0.6893119000102289,346209,0.46865875798805506,0.004191861487443079,346209
501,6.0,346841,0.6887431000102476,346841,0.5277480891658158,0.004360720277354976,346841
502,4.0,347228,0.6883948000102591,347228,0.6299486063247504,0.003936591877924514,347228
503,9.0,348012,0.6876892000102823,348012,0.548977965850155,0.004372481207016735,348012
504,3.0,348401,0.6873391000102939,348401,0.6227850650070872,0.004163267655486054,348401
505,6.0,349076,0.6867316000103139,349076,0.5255693457303223,0.0043112960253859425,349076
506,11.0,349901,0.6859891000103383,349901,0.6417793549010248,0.004137742568484762,349901
507,10.0,350692,0.6852772000103617,350692,0.5210510354051096,0.004445354822855596,350692
508,4.0,351090,0.6849190000103735,351090,0.5405456470185189,0.00396885925403155,351090
509,17.0,352432,0.6837112000104133,352432,0.6604283829781764,0.004395243283323027,352432
510,11.0,353271,0.6829561000104382,353271,0.5855933636675574,0.004318312536042597,353271
511,6.0,353930,0.6823630000104577,353930,0.6323673658423431,0.004529782086556031,353930
512,8.0,354736,0.6816376000104816,354736,0.7323637655185115,0.004284528226188093,354736
513,6.0,355356,0.6810796000104999,355356,0.4769202912286405,0.004067176079984018,355356
514,7.0,355962,0.6805342000105179,355962,0.5505779687524235,0.004303198997503786,355962
515,5.0,356332,0.6802012000105289,356332,0.6547616001721975,0.004059503277656748,356332
516,6.0,356990,0.6796090000105484,356990,0.5249631638584891,0.004392280348385175,356990
517,11.0,357784,0.6788944000105719,357784,0.5907554958081366,0.004308794262221961,357784
518,12.0,358611,0.6781501000105964,358611,0.5713334192748225,0.004025696999713792,358611
519,6.0,359234,0.6775894000106149,359234,0.4616309021918004,0.004219535389684521,359234
520,8.0,359988,0.6769108000106372,359988,0.5507614601709798,0.004870035034390994,359988
521,6.0,360625,0.6763375000106561,360625,0.45880250207015444,0.004453753979783067,360625
522,11.0,361436,0.6756076000106801,361436,0.5401066213148001,0.004330110405426778,361436
523,18.0,362748,0.674426800010719,362748,0.6700009238997066,0.0043873451421659855,362748
524,6.0,363374,0.6738634000107375,363374,0.47209520892689405,0.004524454788012711,363374
525,10.0,364164,0.6731524000107609,364164,0.494467219295381,0.0042716454298425575,364164
526,6.0,364815,0.6725665000107802,364815,0.5683427604341653,0.004481402060825996,364815
527,9.0,365602,0.6718582000108035,365602,0.5807436103476957,0.004293918855208134,365602
528,5.0,365986,0.6715126000108149,365986,0.6177740870819738,0.004208692347750305,365986
529,6.0,366615,0.6709465000108336,366615,0.43558631704702666,0.0044733924923641595,366615
530,6.0,367256,0.6703696000108526,367256,0.4270003628851657,0.004221785419465111,367256
531,5.0,367630,0.6700330000108636,367630,0.45453849630081716,0.004535052035113468,367630
532,6.0,368270,0.6694570000108826,368270,0.5512782151345164,0.004224630339103896,368270
533,4.0,368637,0.6691267000108935,368637,0.6597584885131436,0.004411170209157826,368637
534,6.0,369300,0.6685300000109131,369300,0.4113499761346958,0.0043894839334353624,369300
535,6.0,369949,0.6679459000109323,369949,0.5652619577335833,0.004481586621518538,369949
536,10.0,370744,0.6672304000109559,370744,0.5338068032227222,0.0042330230270664695,370744
537,3.0,371088,0.6669208000109661,371088,0.9927525742109432,0.004134120839850322,371088
538,11.0,371939,0.6661549000109913,371939,0.5514214521254271,0.00414632950225034,371939
539,11.0,372742,0.6654322000110151,372742,0.5976533434199515,0.00428221470111393,372742
540,17.0,373862,0.6644242000110483,373862,0.7552752182153719,0.00433169999988812,373862
541,11.0,374636,0.6637276000110712,374636,0.5144595272588791,0.004339034218405487,374636
542,6.0,375311,0.6631201000110912,375311,0.5021625337115041,0.004194363324678744,375311
543,9.0,376106,0.6624046000111148,376106,0.5048037803210552,0.003989146426049172,376106
544,5.0,376509,0.6620419000111267,376509,0.5328125271844509,0.004617098316555455,376509
545,12.0,377321,0.6613111000111508,377321,0.5705629958234397,0.004265943060332584,377321
546,6.0,377961,0.6607351000111698,377961,0.6208447667770087,0.004150831683682554,377961
547,11.0,378836,0.6599476000111957,378836,0.5719904033967427,0.004072939933909636,378836
548,4.0,379240,0.6595840000112076,379240,0.5545661223701911,0.004157782887283823,379240
549,6.0,379640,0.6592240000112195,379640,0.5407088079303503,0.004065101168525871,379640
550,15.0,380587,0.6583717000112476,380587,0.7387916990482064,0.0041972028939832795,380587
551,10.0,381456,0.6575896000112733,381456,0.581869430454197,0.0044824028365159675,381456
552,10.0,382282,0.6568462000112978,382282,0.6113076094023829,0.00419212729363143,382282
553,10.0,383084,0.6561244000113216,383084,0.5727080721547478,0.0043932531797443225,383084
554,6.0,383726,0.6555466000113406,383726,0.4498141631716137,0.004434841548544543,383726
555,6.0,384351,0.6549841000113591,384351,0.4848959650039673,0.00420409163273871,384351
556,10.0,385120,0.6542920000113819,385120,0.5220989212878194,0.0038319728901138666,385120
557,5.0,385530,0.653923000011394,385530,0.47756440861196053,0.004096617339826303,385530
558,13.0,386602,0.6529582000114258,386602,0.7385958484304485,0.0043895394495875595,386602
559,12.0,387405,0.6522355000114496,387405,0.5841108104248867,0.003901914136201853,387405
560,11.0,388260,0.6514660000114749,388260,0.5600478333687922,0.004023016451201701,388260
561,12.0,389104,0.6507064000114999,389104,0.5738976564946898,0.0042114059683691345,389104
562,10.0,389980,0.6499180000115259,389980,0.6001268253750998,0.004002250711788152,389980
563,6.0,390631,0.6493321000115452,390631,0.5716990103141137,0.004107483239295805,390631
564,4.0,391031,0.648972100011557,391031,0.5855440051481128,0.004018511378162657,391031
565,11.0,391811,0.6482701000115801,391811,0.6632123600022916,0.004080560910911001,391811
566,10.0,392603,0.6475573000116036,392603,0.6632508285569422,0.004272229617462738,392603
567,4.0,393012,0.6471892000116157,393012,0.5612206407310327,0.004461451137366119,393012
568,10.0,393810,0.6464710000116394,393810,0.5280913137515685,0.0041205159846995545,393810
569,11.0,394643,0.6457213000116641,394643,0.631089521967778,0.0038520895046478816,394643
570,11.0,395444,0.6450004000116878,395444,0.5455917917126871,0.004281237535847214,395444
571,7.0,396085,0.6444235000117068,396085,0.5310720633976918,0.004043320580772465,396085
572,10.0,396876,0.6437116000117302,396876,0.6435394249620993,0.004012060722090538,396876
573,9.0,397652,0.6430132000117532,397652,0.5536202602856553,0.004097930516604485,397652
574,9.0,398410,0.6423310000117757,398410,0.4850710209921042,0.0037293669948597636,398410
575,6.0,399039,0.6417649000117943,399039,0.5139404855822531,0.0037581679235961707,399039
576,7.0,399685,0.6411835000118135,399685,0.5516449223638689,0.004214836099623319,399685
577,4.0,400000,0.6408253000118252,400083,0.6996493997735593,0.004022892739450624,400083
578,9.0,400000,0.6400954000118493,400894,0.6831446422675094,0.0042879549675129015,400894
579,6.0,400000,0.6395356000118677,401516,0.4903027731026867,0.004155465113244265,401516
580,6.0,400000,0.6389461000118871,402171,0.4630972185890183,0.0042039135473652366,402171
581,6.0,400000,0.6383755000119059,402805,0.5332808698107392,0.004279810619936765,402805
582,8.0,400000,0.6376708000119291,403588,0.5958436283533906,0.004037459740094962,403588
583,6.0,400000,0.6370795000119486,404245,0.5709552771469956,0.00389849520100584,404245
584,6.0,400000,0.6365143000119672,404873,0.5020556792047373,0.004100783956583788,404873
585,6.0,400000,0.635943700011986,405507,0.5533327894631996,0.004447382909582916,405507
586,11.0,400000,0.6352183000120099,406313,0.5421890711074432,0.004130281911594978,406313
587,9.0,400000,0.6344443000120353,407173,0.5535186155071092,0.0040338981029953876,407173
588,11.0,400000,0.6336991000120599,408001,0.6271419960483549,0.00413151846357547,408001
589,8.0,400000,0.632998000012083,408780,0.5895225266054445,0.003926570248508836,408780
590,6.0,400000,0.6324328000121016,409408,0.4970333599218517,0.004018685163028767,409408
591,11.0,400000,0.6317083000121254,410213,0.6156137114911346,0.0040421939791926405,410213
592,5.0,400000,0.6313519000121371,410609,0.6021266989033631,0.0041970282414842235,410609
593,6.0,400000,0.6307678000121564,411258,0.5048223076092627,0.004273665817515445,411258
594,10.0,400000,0.6300541000121799,412051,0.5508450613572047,0.004021775897354191,412051
595,9.0,400000,0.6293476000122031,412836,0.5531390816732576,0.004342047687602129,412836
596,10.0,400000,0.6286384000122265,413624,0.5845745293811191,0.004110666755693232,413624
597,17.0,400000,0.6269473000122822,415503,0.6940543331828378,0.004113760313355949,415503
598,9.0,400000,0.6262363000123056,416293,0.5749762350622611,0.0041912280551756175,416293
599,9.0,400000,0.6255019000123297,417109,0.6809931494587776,0.004077626464255873,417109
600,10.0,400000,0.6247765000123536,417915,0.5711642548478862,0.003813028383740656,417915
601,9.0,400000,0.6240583000123773,418713,0.6013304228173163,0.0040369049865077895,418713
602,4.0,400000,0.6237091000123888,419101,0.6289511869095036,0.004201382498368477,419101
603,10.0,400000,0.6229801000124128,419911,0.5131114921636052,0.004196928576587837,419911
604,11.0,400000,0.6222601000124365,420711,0.5690620473772288,0.003801657957774296,420711
605,6.0,400000,0.6216634000124561,421374,0.5294004347888952,0.004222273542452673,421374
606,5.0,400000,0.6212980000124682,421780,0.6391084919422131,0.0043207388693091734,421780
607,4.0,400000,0.6209551000124794,422161,0.6319396198578081,0.003923681929534585,422161
608,7.0,400000,0.6202585000125024,422935,0.6477912742384645,0.0044262764413431355,422935
609,10.0,400000,0.6195583000125254,423713,0.5800269185768915,0.004042968668713526,423713
610,10.0,400000,0.6188653000125482,424483,0.5614833951383442,0.003986954589543695,424483
611,12.0,400000,0.618145300012572,425283,0.5712494443356991,0.0043863279693323425,425283
612,12.0,400000,0.6174172000125959,426092,0.6503689858799959,0.00429797167991943,426092
613,10.0,400000,0.6167332000126184,426852,0.6151698475605563,0.00411374283250648,426852
614,11.0,400000,0.6160078000126423,427658,0.5286295049946302,0.004344144531633421,427658
615,10.0,400000,0.6152806000126663,428466,0.7423142358513162,0.004053783734123877,428466
616,9.0,400000,0.6145705000126896,429255,0.5506852545854559,0.003901491824718114,429255
617,5.0,400000,0.6142366000127006,429626,0.6574261838374433,0.003921002908556463,429626
618,12.0,400000,0.6134995000127249,430445,0.5893027392171678,0.0040590297515328945,430445
619,9.0,400000,0.6128083000127477,431213,0.537259487377014,0.004128224903486928,431213
620,9.0,400000,0.6121054000127708,431994,0.571252668235885,0.003717916899397385,431994
621,11.0,400000,0.611399800012794,432778,0.5843586280789911,0.004063511839061049,432778
622,10.0,400000,0.6106843000128176,433573,0.549400595111667,0.003786560598835525,433573
623,11.0,400000,0.6099229000128427,434419,0.590931976782092,0.003812298758169273,434419
624,9.0,400000,0.6092101000128661,435211,0.6819587068989722,0.003833951780902083,435211
625,12.0,400000,0.6084694000128905,436034,0.5965498202771202,0.0038637847395332015,436034
626,9.0,400000,0.6077638000129137,436818,0.5658442844085547,0.003691014013124264,436818
627,9.0,400000,0.6070168000129383,437648,0.641996132878654,0.00415585451546905,437648
628,7.0,400000,0.6064390000129574,438290,0.5394252872448473,0.0038999893968309075,438290
629,10.0,400000,0.6057280000129808,439080,0.6042842989292326,0.003662113390812839,439080
630,6.0,400000,0.6051610000129994,439710,0.5014921840221163,0.0037400583867334748,439710
631,6.0,400000,0.6045931000130181,440341,0.6063651937265214,0.003615591214270893,440341
632,10.0,400000,0.6038776000130417,441136,0.5177603514501884,0.00391969556858728,441136
633,10.0,400000,0.603170200013065,441922,0.5369541687516463,0.0038188448455791953,441922
634,12.0,400000,0.602379100013091,442801,0.5298475471576326,0.0036893457409913045,442801
635,10.0,400000,0.6016735000131143,443585,0.516273710477565,0.003655125100243711,443585
636,10.0,400000,0.6009382000131385,444402,0.6747790982848719,0.003790072629167248,444402
637,9.0,400000,0.6002272000131619,445192,0.5604210999570315,0.0038383558414997296,445192
638,8.0,400000,0.5995378000131846,445958,0.5816627415602263,0.0036284850904454817,445958
639,9.0,400000,0.5988475000132073,446725,0.5597111566630927,0.0035718601960306345,446725
640,6.0,400000,0.598249000013227,447390,0.5344822255964566,0.003716882431566281,447390
641,6.0,400000,0.5976829000132456,448019,0.6575330480909499,0.0037504331244300865,448019
642,10.0,400000,0.5969647000132693,448817,0.5689669676255762,0.0037471513241779802,448817
643,11.0,400000,0.5962276000132936,449636,0.6302848442642971,0.0038137662090359415,449636
644,9.0,400000,0.5955211000133168,450421,0.49455975043545863,0.003991144798306013,450421
645,9.0,400000,0.5948011000133405,451221,0.5825239324755966,0.004085832576784014,451221
646,12.0,400000,0.594089200013364,452012,0.6074069550192612,0.003674965089848724,452012
647,10.0,400000,0.5933647000133878,452817,0.6210159509448532,0.0034887635938661253,452817
648,7.0,400000,0.5928031000134063,453441,0.5861289742378852,0.003554596975589401,453441
649,6.0,400000,0.5922568000134243,454048,0.6582474834247319,0.004050017604750123,454048
650,8.0,400000,0.5915737000134468,454807,0.6162868102273765,0.003848821837944316,454807
651,10.0,400000,0.5908537000134705,455607,0.600592672303319,0.003620571637165995,455607
652,11.0,400000,0.5901265000134944,456415,0.6416230180512855,0.0038116165645141614,456415
653,9.0,400000,0.5894209000135177,457199,0.608689529669224,0.0038995843201611972,457199
654,10.0,400000,0.5886946000135416,458006,0.5699789904824272,0.0035593266842458074,458006
655,6.0,400000,0.5881024000135611,458664,0.49673215931672093,0.0037453157808150428,458664
656,3.0,400000,0.5877532000135726,459052,0.7302155968224265,0.0040548338325119325,459052
657,9.0,400000,0.5870584000135954,459824,0.5570526608685755,0.0035067805929523844,459824
658,6.0,400000,0.5864860000136143,460460,0.504109059255453,0.0040401406001347945,460460
659,10.0,400000,0.585765100013638,461261,0.6301314701115742,0.003937933495958288,461261
660,6.0,400000,0.5852071000136564,461881,0.5229970583511937,0.00375321981057735,461881
661,8.0,400000,0.5844979000136797,462669,0.7271434999813283,0.003906825303098867,462669
662,4.0,400000,0.5839309000136984,463299,0.7613305014750315,0.003976478807153254,463299
663,9.0,400000,0.5832217000137218,464087,0.6002237760097847,0.0040977238886118015,464087
664,9.0,400000,0.5825116000137451,464876,0.5246779965130548,0.0037198698004493455,464876
665,9.0,400000,0.5818069000137683,465659,0.5920108141113515,0.0038816667489569496,465659
666,9.0,400000,0.5811076000137914,466436,0.6360631070772194,0.0038761197014902378,466436
667,11.0,400000,0.580389400013815,467234,0.6484736967318339,0.003505982599296446,467234
668,12.0,400000,0.5796766000138385,468026,0.6241551257218375,0.0037892610733509017,468026
669,10.0,400000,0.578961100013862,468821,0.5800627508440858,0.0037828947158981374,468821
670,7.0,400000,0.5783797000138812,469467,0.5891426801912186,0.0034247129247668012,469467
671,9.0,400000,0.5776705000139045,470255,0.5539465419532079,0.003671221088631041,470255
672,10.0,400000,0.5769622000139278,471042,0.6571923128531576,0.0037581030264753597,471042
673,11.0,400000,0.576228700013952,471857,0.6275175839296879,0.003633030855126873,471857
674,12.0,400000,0.5754745000139768,472695,0.5575555568129749,0.0036790618858911954,472695
675,9.0,400000,0.5747347000140012,473517,0.6741078542205539,0.0037450157562661643,473517
676,10.0,400000,0.5740192000140247,474312,0.5546380116879566,0.0036283927432952576,474312
677,6.0,400000,0.5734612000140431,474932,0.5451284333342507,0.0037109777026700847,474932
678,11.0,400000,0.5727313000140671,475743,0.5686626080997775,0.0038164642123914867,475743
679,12.0,400000,0.5719861000140917,476571,0.6277191499473104,0.003571568246713473,476571
680,9.0,400000,0.5712913000141145,477343,0.6173982846458959,0.003778157099840772,477343
681,11.0,400000,0.5705353000141394,478183,0.7100457794432129,0.0037209025326730974,478183
682,7.0,400000,0.5699611000141583,478821,0.5839248994908363,0.0037659361367668597,478821
683,10.0,400000,0.5692510000141817,479610,0.6638183730296763,0.0037675857020076364,479610
684,14.0,400000,0.5683852000142102,480572,0.7204319854381178,0.0035705858645919543,480572
685,6.0,400000,0.5678191000142289,481201,0.5441175073574761,0.0035795219168910943,481201
686,10.0,400000,0.567086500014253,482015,0.5743837875728233,0.003743452422437544,482015
687,7.0,400000,0.5665150000142718,482650,0.5961802858301973,0.0037248222792601784,482650
688,10.0,400000,0.5658013000142953,483443,0.6020777964163548,0.0038179711929847183,483443
689,6.0,400000,0.565231600014314,484076,0.5228159389271744,0.00365606582538544,484076
690,12.0,400000,0.5644594000143395,484934,0.5728482194505371,0.0036164333303273103,484934
691,10.0,400000,0.5637691000143622,485701,0.5331336295006328,0.003268459432356477,485701
692,9.0,400000,0.563076100014385,486471,0.5771728026015418,0.003998322963832527,486471
693,11.0,400000,0.5623588000144086,487268,0.5583143773274858,0.0037431366235316336,487268
694,4.0,400000,0.5620087000144202,487657,0.7141198430468919,0.0034203504799215174,487657
695,6.0,400000,0.5614462000144387,488282,0.5305967165231704,0.0035049238032195716,488282
696,11.0,400000,0.5607433000144618,489063,0.614787947868263,0.0037877941836895737,489063
697,11.0,400000,0.5600233000144855,489863,0.6665351556427777,0.00347170730590733,489863
698,6.0,400000,0.5594446000145046,490506,0.5019301043976891,0.003844848555206027,490506
699,9.0,400000,0.5587381000145278,491291,0.6197516661540717,0.003714166725963461,491291
700,6.0,400000,0.5581540000145471,491940,0.5297773432658156,0.0034861386877298784,491940
701,10.0,400000,0.5574592000145699,492712,0.5828468811944358,0.003961834717815479,492712
702,15.0,400000,0.5565817000145988,493687,0.7885490083541625,0.003651680286185673,493687
703,9.0,400000,0.5558671000146224,494481,0.604475433471371,0.003376932931939018,494481
704,11.0,400000,0.5551471000146461,495281,0.631046042535454,0.003701256367312453,495281
705,6.0,400000,0.5545891000146644,495901,0.5343097597360611,0.003825263886744412,495901
706,9.0,400000,0.5538853000146876,496683,0.6247570915790774,0.0037077636777824077,496683
707,9.0,400000,0.5531923000147104,497453,0.7465961805024705,0.0033135527045641384,497453
708,7.0,400000,0.5525803000147306,498133,0.6035256739924936,0.0035576321718776053,498133
709,10.0,400000,0.5518162000147557,498982,0.636790611350073,0.003362354577765268,498982
710,10.0,400000,0.5511025000147792,499775,0.6676109308214837,0.0037000045105597666,499775
711,11.0,400000,0.5503879000148028,500569,0.5555993306171384,0.0034959119422697305,500569
712,10.0,400000,0.5496724000148263,501364,0.6651273226775464,0.0035854920054457892,501364
713,15.0,400000,0.5486689000148594,502479,0.7665996526923415,0.0035114289086255676,502479
714,11.0,400000,0.5479372000148834,503292,0.5859021825067525,0.0034273099243371124,503292
715,12.0,400000,0.547160500014909,504155,0.6641937192974058,0.0036048034884492617,504155
716,4.0,400000,0.5468095000149206,504545,0.7171132899629764,0.0036122079787907213,504545
717,16.0,400000,0.5459725000149481,505475,0.7527344791479008,0.003690939979979478,505475
718,6.0,400000,0.5453794000149677,506134,0.5195432799403331,0.0033569740866291817,506134
719,10.0,400000,0.5446936000149902,506896,0.605708768087735,0.0037113314590281185,506896
720,9.0,400000,0.5439817000150137,507687,0.6855856051713266,0.0032839395371710178,507687
721,11.0,400000,0.5432194000150388,508534,0.7290566274027616,0.003563042607527048,508534
722,9.0,400000,0.5425012000150624,509332,0.6067852628858466,0.0037161708720592095,509332
723,11.0,400000,0.5417794000150862,510134,0.5530798463081184,0.0035811196949157025,510134
724,11.0,400000,0.5410432000151104,510952,0.6696896915002966,0.003371891322507851,510952
725,17.0,400000,0.5401180000151409,511980,0.8301983705870373,0.003706992307307782,511980
726,5.0,400000,0.5397571000151528,512381,0.5458416050657667,0.003630474138586315,512381
727,10.0,400000,0.5390281000151768,513191,0.5958047868660938,0.003622262346821285,513191
728,4.0,400000,0.5386708000151885,513588,0.6736506820475725,0.0035953590694330494,513588
729,6.0,400000,0.5380921000152076,514231,0.5309527101774424,0.003704678986010085,514231
730,10.0,400000,0.5373928000152306,515008,0.5398152817898889,0.0035211197479266643,515008
731,6.0,400000,0.5368150000152496,515650,0.6420793209538281,0.0034955760660455083,515650
732,11.0,400000,0.5360545000152747,516495,0.6813012358175933,0.0036468943574785436,516495
733,7.0,400000,0.5354812000152935,517132,0.6185734891910194,0.003401441367275814,517132
734,3.0,400000,0.5351347000153049,517517,0.7704101488574758,0.00366620799623333,517517
735,11.0,400000,0.5344372000153279,518292,0.6093388423035222,0.003397666388116176,518292
736,11.0,400000,0.533704600015352,519106,0.5794684373629474,0.0036195394626237377,519106
737,5.0,400000,0.5333338000153642,519518,0.6302165859966602,0.0036192800462143087,519518
738,10.0,400000,0.5326273000153875,520303,0.6840733706761317,0.003763472811418295,520303
739,12.0,400000,0.531883900015412,521129,0.5490757806573884,0.0034645974474209846,521129
740,8.0,400000,0.531184600015435,521906,0.5892625858616491,0.003454297782039387,521906
741,9.0,400000,0.530486200015458,522682,0.7209106749403722,0.0035554522283680703,522682
742,11.0,400000,0.5297653000154817,523483,0.62371124113246,0.0037250922779615424,523483
743,11.0,400000,0.5290408000155056,524288,0.6463966002005228,0.0036750147059510653,524288
744,9.0,400000,0.5283541000155282,525051,0.6171876481718348,0.003696777144891575,525051
745,11.0,400000,0.527660200015551,525822,0.580253565580078,0.0035165347569306826,525822
746,11.0,400000,0.5269393000155748,526623,0.6425090557924669,0.003366525895981067,526623
747,6.0,400000,0.5263669000155936,527259,0.6592089874236464,0.0035289419352669276,527259
748,13.0,400000,0.5255740000156197,528140,0.6620069902039278,0.0036774918995427642,528140
749,6.0,400000,0.5250151000156381,528761,0.5303911191685764,0.0034097633524212967,528761
750,11.0,400000,0.5242321000156639,529631,0.6894521874429166,0.0035168637239558877,529631
751,10.0,400000,0.5235328000156869,530408,0.6227594944270881,0.003843637716803913,530408
752,10.0,400000,0.5228434000157096,531174,0.6313171242570441,0.0037517321903037283,531174
753,10.0,400000,0.5221216000157334,531976,0.6231878482901545,0.0038001008126815022,531976
754,10.0,400000,0.5214133000157567,532763,0.6893229973058689,0.0035297410772167255,532763
755,11.0,400000,0.5206960000157803,533560,0.6936636631244997,0.0036414007154828548,533560
756,12.0,400000,0.5199553000158047,534383,0.7551827435975811,0.0035306434807288976,534383
757,9.0,400000,0.5192317000158285,535187,0.6361147918326048,0.0038079224526230593,535187
758,6.0,400000,0.5186431000158479,535841,0.5577690157731738,0.0038813662893973314,535841
759,11.0,400000,0.517912300015872,536653,0.6851551643953535,0.0035228882775770434,536653
760,9.0,400000,0.517213900015895,537429,0.6785387101669594,0.003419933934319769,537429
761,8.0,400000,0.5165200000159178,538200,0.6133420329961331,0.003694517070100789,538200
762,7.0,400000,0.5159593000159363,538823,0.6482359415598895,0.0037913794781475286,538823
763,11.0,400000,0.5152420000159599,539620,0.7107862540084864,0.0037389284525933667,539620
764,9.0,400000,0.5145193000159837,540423,0.7313324944910641,0.0036831651384792038,540423
765,10.0,400000,0.5137966000160075,541226,0.6260098357537616,0.0034721634901406485,541226
766,10.0,400000,0.513082900016031,542019,0.6543644823951348,0.0033819426152714815,542019
767,16.0,400000,0.5121235000160625,543085,0.8294633123429587,0.0035755546051724056,543085
768,6.0,400000,0.5115601000160811,543711,0.5419159185010404,0.0034537865070736976,543711
769,4.0,400000,0.5112127000160925,544097,0.7490926747417821,0.00331551880304885,544097
770,9.0,400000,0.5104972000161161,544892,0.618967491013449,0.0036505419777965453,544892
771,10.0,400000,0.5097691000161401,545701,0.6269402765336232,0.0035660521111670392,545701
772,11.0,400000,0.5090680000161631,546480,0.7080675617568147,0.0035185602577495843,546480
773,6.0,400000,0.508495600016182,547116,0.5693408331406191,0.0036890520774627562,547116
774,11.0,400000,0.5077765000162057,547915,0.6873643087579849,0.003057455621755627,547915
775,10.0,400000,0.5070547000162294,548717,0.6319594696126971,0.0035071610474185044,548717
776,11.0,400000,0.5063716000162519,549476,0.6898097653280605,0.0034149599031742164,549476
777,9.0,400000,0.5056597000162754,550267,0.6883943057919272,0.0035691575605514094,550267
778,9.0,400000,0.5049442000162989,551062,0.6240592184681563,0.0035378947822558666,551062
779,7.0,400000,0.5043556000163183,551716,0.6657046884161617,0.003513403969267896,551716
780,6.0,400000,0.5037751000163374,552361,0.5509772228871205,0.00355784304254118,552361
781,11.0,400000,0.5030470000163614,553170,0.6787615040839824,0.0035931430877562225,553170
782,11.0,400000,0.5023513000163843,553943,0.5836722658800123,0.003887105489406918,553943
783,9.0,400000,0.5016466000164075,554726,0.6612389064078739,0.003529296239057739,554726
784,10.0,400000,0.5009302000164311,555522,0.7148301649146044,0.0035779837666058342,555522
785,6.0,400000,0.5003614000164498,556154,0.5436194507711674,0.0033949763052032148,556154
786,7.0,400000,0.49977640001645524,556804,0.6459511319261331,0.0037316212692083076,556804
787,10.0,400000,0.4990618000164347,557598,0.6508179447550317,0.0036754087852583894,557598
788,15.0,400000,0.49817350001640914,558585,0.7189378182063108,0.0035729089690447365,558585
789,19.0,400000,0.49643560001635917,560516,0.8617892529157577,0.003490854509951087,560516
790,7.0,400000,0.49585690001634253,561159,0.6681163866727571,0.0035140107706816315,561159
791,11.0,400000,0.4951261000163215,561971,0.631446140208121,0.003601556036767138,561971
792,12.0,400000,0.49436920001629975,562812,0.6917164591312692,0.0035790709136582703,562812
793,10.0,400000,0.49363840001627873,563624,0.7394544375427251,0.0036738491723773566,563624
794,10.0,400000,0.49291930001625806,564423,0.695528156020316,0.003621125204358378,564423
795,10.0,400000,0.4922038000162375,565218,0.6932560255505004,0.0038010329954068427,565218
796,9.0,400000,0.4915027000162173,565997,0.6501019600879243,0.003555621370190183,565997
797,11.0,400000,0.4907782000161965,566802,0.601059349816038,0.003477783363908298,566802
798,10.0,400000,0.4900690000161761,567590,0.7185436001775531,0.00376704503867189,567590
799,6.0,400000,0.48949030001615945,568233,0.5402945950511455,0.0037465674341797487,568233
800,6.0,400000,0.488918800016143,568868,0.5701103164689747,0.003159959254901871,568868
801,9.0,400000,0.4882087000161226,569657,0.603988330306058,0.0035657339755705993,569657
802,10.0,400000,0.48750130001610226,570443,0.663031928942707,0.003230294352478784,570443
803,10.0,400000,0.4867831000160816,571241,0.6015602014211933,0.0037565042721303087,571241
804,9.0,400000,0.4860937000160618,572007,0.7118094136291634,0.003607825988261686,572007
805,10.0,400000,0.4853962000160417,572782,0.7798224581441572,0.0036948963865682844,572782
806,11.0,400000,0.4846276000160196,573636,0.6845325533239568,0.003268995658651025,573636
807,6.0,400000,0.4840570000160032,574270,0.5675841053060553,0.003818474215038902,574270
808,9.0,400000,0.48335230001598295,575053,0.6849955663104015,0.0034245698368798295,575053
809,16.0,400000,0.48248290001595795,576019,0.8408488586359883,0.0034915015176180835,576019
810,11.0,400000,0.48170710001593564,576881,0.7275837618866265,0.0035294924858361135,576881
811,6.0,400000,0.48114370001591944,577507,0.5562830877285034,0.003519971074388413,577507
812,10.0,400000,0.4804255000158988,578305,0.6565108508021013,0.003649280720804981,578305
813,9.0,400000,0.4797244000158786,579084,0.8026021417321229,0.0037918244414937123,579084
814,9.0,400000,0.4790242000158585,579862,0.7383725922985678,0.0034028554275308096,579862
815,11.0,400000,0.4782979000158376,580669,0.7885364536311399,0.003611488685475217,580669
816,10.0,400000,0.4775959000158174,581449,0.724558890859286,0.003542189822474029,581449
817,9.0,400000,0.4768822000157969,582242,0.750262994859438,0.003567963222258702,582242
818,11.0,400000,0.47617120001577645,583032,0.6978795823794377,0.0033278993750506824,583032
819,8.0,400000,0.4754773000157565,583803,0.6814576298887473,0.0033677703089892486,583803
820,11.0,400000,0.4747501000157356,584611,0.6406860704174137,0.0035653251004194963,584611
821,11.0,400000,0.474034600015715,585406,0.723544300427227,0.0036756463515068517,585406
822,9.0,400000,0.4733146000156943,586206,0.7005855808779597,0.003456133790932654,586206
823,9.0,400000,0.4726009000156738,586999,0.6248436142111486,0.0033369935396221945,586999
824,6.0,400000,0.4720276000156573,587636,0.5563640572025413,0.0035215221764209126,587636
825,11.0,400000,0.4712554000156351,588494,0.7745626687065704,0.0034616146630000776,588494
826,6.0,400000,0.47069380001561895,589118,0.6997669690455763,0.003461160890228945,589118
827,6.0,400000,0.47033560001560865,589516,0.7385448202790328,0.0035951391344213736,589516
828,11.0,400000,0.4696282000155883,590302,0.7206419384623605,0.0035369979293851665,590302
829,12.0,400000,0.46886140001556625,591154,0.7190068226150224,0.0035913499700932485,591154
830,11.0,400000,0.4681180000155449,591980,0.7422044041045641,0.003644030583568862,591980
831,6.0,400000,0.4675456000155284,592616,0.858782079797121,0.003464967030389366,592616
832,6.0,400000,0.46696870001551183,593257,0.5749426747726017,0.0037091479984703423,593257
833,15.0,400000,0.46529740001546377,595114,1.0245397033858954,0.0035221594273650344,595114
834,10.0,400000,0.4645855000154433,595905,0.777147399376979,0.003677014500422547,595905
835,6.0,400000,0.46399960001542645,596556,0.6150009739463047,0.0039572055633437355,596556
836,12.0,400000,0.4632571000154051,597381,0.7504592408917167,0.0034880166524442644,597381
837,6.0,400000,0.4627009000153891,597999,0.7781587633934222,0.0035041544535935744,597999
838,11.0,400000,0.4619701000153681,598811,0.6560753765768312,0.003436978735425968,598811
839,10.0,400000,0.4612501000153474,599611,0.7123612762242556,0.0034213559456475195,599611
840,17.0,400000,0.45954460001529834,601506,0.8913560188933224,0.0035003784055192525,601506
841,11.0,400000,0.45883180001527785,602298,0.696149116231486,0.00350790047587273,602298
842,10.0,400000,0.45810100001525683,603110,0.7653397775342312,0.0034853093369962567,603110
843,11.0,400000,0.45736030001523553,603933,0.7416418843686509,0.0035028834678365634,603933
844,10.0,400000,0.456646600015215,604726,0.6557029395318422,0.00354554446396203,604726
845,11.0,400000,0.4559203000151941,605533,0.6429152557767162,0.0034614777067474805,605533
846,9.0,400000,0.455220100015174,606311,0.7252919369001315,0.003562624587953943,606311
847,11.0,400000,0.454491100015153,607121,0.6439046116154871,0.003358440612116541,607121
848,9.0,400000,0.45379990001513315,607889,0.6752447705948725,0.0036526257050960944,607889
849,12.0,400000,0.45302050001511074,608755,0.6862580957919291,0.0036072889296526163,608755
850,5.0,400000,0.45267040001510067,609144,0.7108366864046278,0.00349643722788256,609144
851,10.0,400000,0.45194950001507994,609945,0.6866814283358768,0.003257157844223882,609945
852,9.0,400000,0.4512412000150596,610732,0.7024900437802493,0.003302384088105218,610732
853,16.0,400000,0.4495618000150113,612598,0.882234825246587,0.0033378248465091983,612598
854,10.0,400000,0.44885440001499094,613384,0.6311431503629563,0.0034555625689968953,613384
855,9.0,400000,0.4481371000149703,614181,0.7440465931760771,0.00350378420048509,614181
856,11.0,400000,0.44737030001494826,615033,0.7985533065394337,0.0034216999243619687,615033
857,6.0,400000,0.4467916000149316,615676,0.5843503644362579,0.0035189001169291067,615676
858,10.0,400000,0.44607970001491115,616467,0.6620501733270818,0.0032583422975113684,616467
859,6.0,400000,0.4455136000148949,617096,0.6168525793925757,0.003186469419473643,617096
860,9.0,400000,0.44481340001487474,617874,0.6875850181155155,0.003622137128345843,617874
861,6.0,400000,0.4442275000148579,618525,0.5716126330208302,0.003411581091720113,618525
862,12.0,400000,0.44349220001483675,619342,0.6696057627330941,0.003288506838896869,619342
863,6.0,400000,0.4428991000148197,620001,0.6016267171081534,0.0033044754803531885,620001
864,9.0,400000,0.4421944000147994,620784,0.7631676947248394,0.0036905191848479748,620784
865,11.0,400000,0.44146450001477844,621595,0.7535846888945518,0.003168254992097809,621595
866,11.0,400000,0.4407256000147572,622416,0.750718576046349,0.003297625940058258,622416
867,9.0,400000,0.44002180001473695,623198,0.7248404104919994,0.0034656720591553897,623198
868,12.0,400000,0.43926310001471514,624041,0.7046186223113523,0.0035232930412902115,624041
869,9.0,400000,0.43856830001469516,624813,0.7479593432436027,0.003582637237076988,624813
870,10.0,400000,0.43785100001467453,625610,0.7022166440410625,0.0031743588579971685,625610
871,9.0,400000,0.4371229000146536,626419,0.6926297750623324,0.003559190842880763,626419
872,10.0,400000,0.43640110001463284,627221,0.7476392732817039,0.0033570152657391604,627221
873,9.0,400000,0.43568560001461226,628016,0.7020087232004921,0.003586149333980602,628016
874,10.0,400000,0.43498900001459223,628790,0.7502015482162628,0.0030861254581066753,628790
875,10.0,400000,0.434285200014572,629572,0.7063456178854799,0.003317674774009034,629572
876,12.0,400000,0.4335346000145504,630406,0.7915410227734122,0.003556745831581889,630406
877,11.0,400000,0.43282630001453004,631193,0.876172991291995,0.0035821290378233363,631193
878,6.0,400000,0.4322467000145134,631837,0.5969731305604395,0.003421159769713543,631837
879,6.0,400000,0.431677000014497,632470,0.5995382452839736,0.003341379287933319,632470
880,15.0,400000,0.4308139000144722,633429,0.948243566238097,0.003407340051571822,633429
881,13.0,400000,0.4300462000144501,634282,0.7406461915440185,0.003194779160265742,634282
882,6.0,400000,0.4294765000144337,634915,0.6018505999450623,0.0034413641770362946,634915
883,11.0,400000,0.4286836000144109,635796,0.816642232518326,0.0032235245612917984,635796
884,6.0,400000,0.4281121000143945,636431,0.5787185965560553,0.003616802165180254,636431
885,11.0,400000,0.4273480000143725,637280,0.7385934088971505,0.0034607183296525208,637280
886,12.0,400000,0.4266316000143519,638076,0.7408222981246572,0.0032020450016716495,638076
887,12.0,400000,0.4258837000143304,638907,0.7797034113308152,0.003161326030620332,638907
888,6.0,400000,0.4253095000143139,639545,0.6193729900174006,0.0031976457370016696,639545
889,16.0,400000,0.42443110001428863,640521,0.9980245377929484,0.003336454287118166,640521
890,4.0,400000,0.4240864000142787,640904,0.7888529704927464,0.003417013920649069,640904
891,11.0,400000,0.4233871000142586,641681,0.730780511346563,0.003264813166388288,641681
892,12.0,400000,0.4226104000142363,642544,0.8159583649001282,0.0033686333819875776,642544
893,11.0,400000,0.42187240001421505,643364,0.7920810212267608,0.0033748103519007223,643364
894,10.0,400000,0.4210804000141923,644244,0.7176777540452101,0.0035556087074258935,644244
895,7.0,400000,0.420515200014176,644872,0.68581685563846,0.0033640036168771465,644872
896,6.0,400000,0.41994910001415975,645501,0.6221421432040265,0.0034123253264569564,645501
897,11.0,400000,0.4192309000141391,646299,0.814747637786662,0.0033038104975868583,646299
898,6.0,400000,0.41866210001412274,646931,0.6060534364343444,0.0032245358725740054,646931
899,12.0,400000,0.4179277000141016,647747,0.759495895848993,0.003338851010709072,647747
900,11.0,400000,0.4171960000140806,648560,0.6919438945447973,0.0033344977279279615,648560
901,12.0,400000,0.41643280001405863,649408,0.7991539896553699,0.003268132266796629,649408
902,12.0,400000,0.41569300001403736,650230,0.763832765538472,0.0034652777948972506,650230
903,10.0,400000,0.41498020001401686,651022,0.7573739051103893,0.0034107493578483974,651022
904,6.0,400000,0.41441590001400064,651649,0.6637485724839678,0.0035695675587369964,651649
905,11.0,400000,0.41368960001397975,652456,0.785168385546299,0.0034806531486263016,652456
906,6.0,400000,0.4131208000139634,653088,0.6283408351997032,0.003257932762964997,653088
907,10.0,400000,0.4124008000139427,653888,0.7982272268272936,0.00355404125435598,653888
908,6.0,400000,0.4118167000139259,654537,0.7550433039527461,0.003334604813670668,654537
909,6.0,400000,0.4112335000139091,655185,0.6119624855755655,0.0037297679946839057,655185
910,10.0,400000,0.41052070001388863,655977,0.7473768413142122,0.003247790222285219,655977
911,11.0,400000,0.4098061000138681,656771,0.8034425283634392,0.0035123726725387705,656771
912,7.0,400000,0.4092157000138511,657427,0.6307682384078096,0.003568727135776809,657427
913,7.0,400000,0.40865050001383485,658055,0.751373888912854,0.0033335199213110705,658055
914,12.0,400000,0.40793050001381415,658855,0.8047394278086721,0.0034949127603613305,658855
915,10.0,400000,0.40721770001379365,659647,0.7023042753677476,0.0032588705918639945,659647
916,10.0,400000,0.40650760001377323,660436,0.6893137852993,0.003361078711782543,660436
917,12.0,400000,0.40575790001375167,661269,0.8291776360226135,0.0037338541135360183,661269
918,11.0,400000,0.40502710001373066,662081,0.8464824914051394,0.0034974138411934708,662081
919,5.0,400000,0.40466890001372036,662479,0.7191158943065447,0.0035418955222808815,662479
920,6.0,400000,0.40411630001370447,663093,0.6419013088951282,0.0034499704978672987,663093
921,9.0,400000,0.4034080000136841,663880,0.7198506904223974,0.0034165237363122563,663880
922,11.0,400000,0.40269700001366365,664670,0.8184345201600955,0.0033114595487905383,664670
923,11.0,400000,0.40195990001364246,665489,0.8418506384077817,0.0032402627885848244,665489
924,10.0,400000,0.401248900013622,666279,0.7118631348391122,0.0034633061195402464,666279
925,10.0,400000,0.40055500001360206,667050,0.8165940973429364,0.0034590920344467397,667050
926,6.0,400000,0.3999826000135856,667686,0.6328122400262821,0.0036059135377371197,667686
927,5.0,400000,0.3996064000135748,668104,0.7233056756155343,0.003293085830026021,668104
928,6.0,400000,0.39903220001355827,668742,0.6710250446555382,0.0034111566747357007,668742
929,10.0,400000,0.39832210001353785,669531,0.8359587174971294,0.003462829886744134,669531
930,6.0,400000,0.39772360001352064,670196,0.6876512073036424,0.0034753312049100975,670196
931,11.0,400000,0.39700360001349994,670996,0.8775535698607564,0.0035094837945871403,670996
932,12.0,400000,0.39625300001347835,671830,0.7331142989244107,0.003301616032536385,671830
933,11.0,400000,0.3955519000134582,672609,0.8116052650173454,0.0031831087069334857,672609
934,10.0,400000,0.39485170001343806,673387,0.7117990312432262,0.003285237316365095,673387
935,10.0,400000,0.3941605000134182,674155,0.7553297963459045,0.0032460203743767124,674155
936,12.0,400000,0.3933955000133962,675005,0.7792735243369552,0.0032347254590679177,675005
937,10.0,400000,0.3926557000133749,675827,0.8424342783335642,0.0035811310354379455,675827
938,11.0,400000,0.3919177000133537,676647,0.7361883684811069,0.003326151078735853,676647
939,6.0,400000,0.3913507000133374,677277,0.6618688576987811,0.003469446099304136,677277
940,6.0,400000,0.3907882000133212,677902,0.6566666413545609,0.003467532703327015,677902
941,10.0,400000,0.39007360001330066,678696,0.8282839259512779,0.0034034069937915407,678696
942,4.0,400000,0.3897343000132909,679073,0.8564395584383441,0.0031894487473188558,679073
943,7.0,400000,0.38916190001327444,679709,0.8154630242091305,0.0033765218540335678,679709
944,6.0,400000,0.3885940000132581,680340,0.6594679664507532,0.003346229910272323,680340
945,12.0,400000,0.38786500001323715,681150,0.7981695961437107,0.0031383891813068963,681150
946,12.0,400000,0.38714590001321647,681949,0.8215979115760073,0.003562596061459139,681949
947,10.0,400000,0.38644660001319636,682726,0.7876656568073398,0.0035211083729173977,682726
948,5.0,400000,0.38607130001318557,683143,0.7366293345352443,0.0034015095947372864,683143
949,12.0,400000,0.38535760001316505,683936,0.7274890234423766,0.0033463875760622605,683936
950,10.0,400000,0.3846781000131455,684691,0.7413504689142404,0.0031896805254255254,684691
951,11.0,400000,0.38394640001312447,685504,0.8194237627079859,0.0032463023768535154,685504
952,6.0,400000,0.38337940001310816,686134,0.6758630816425596,0.003310813887011526,686134
953,11.0,400000,0.38263060001308663,686966,0.8541001769749877,0.003347582266262459,686966
954,12.0,400000,0.3818881000130653,687791,0.7746852873852759,0.003237785250918629,687791
955,10.0,400000,0.3811726000130447,688586,0.8483776962794598,0.003358116738370813,688586
956,12.0,400000,0.38043370001302346,689407,0.7681577008730311,0.00324843670180562,689407
957,5.0,400000,0.3800728000130131,689808,0.7403183478741278,0.0034567090649154277,689808
958,16.0,400000,0.3792187000129885,690757,0.9527511750872947,0.003219484132545283,690757
959,6.0,400000,0.3786400000129719,691400,0.6923441126780413,0.003463281822860861,691400
960,6.0,400000,0.3780775000129557,692025,0.6613158107519149,0.00315149440234527,692025
961,11.0,400000,0.3773548000129349,692828,0.7694597723586473,0.0035049078055595976,692828
962,11.0,400000,0.37660780001291344,693658,0.7942633888269045,0.003239392620407561,693658
963,10.0,400000,0.3758734000128923,694474,0.7657088966236687,0.0033004784484136525,694474
964,9.0,400000,0.37517230001287216,695253,0.8240506982045853,0.003573263706851617,695253
965,11.0,400000,0.3744784000128522,696024,0.806907658273144,0.003340562025996181,696024
966,11.0,400000,0.37373590001283086,696849,0.9557066831083009,0.0030814603033165137,696849
967,5.0,400000,0.3733660000128202,697260,0.750014014487719,0.003491976963601997,697260
968,9.0,400000,0.3726658000128001,698038,0.8240765723708663,0.0034182974983022877,698038
969,11.0,400000,0.3719368000127791,698848,0.9238531551059381,0.0032277901955868726,698848
970,10.0,400000,0.37121050001275824,699655,0.8566136941812296,0.0032039215132813955,699655
971,11.0,400000,0.3704815000127373,700465,0.7878556404768685,0.0035159089501205555,700465
972,10.0,400000,0.369775900012717,701249,0.8198765386846296,0.003775882833219746,701249
973,4.0,400000,0.3694186000127067,701646,0.8287065834632749,0.0032515405935747903,701646
974,6.0,400000,0.3688507000126904,702277,0.6696458924118955,0.003604014657242976,702277
975,13.0,400000,0.3679759000126652,703249,0.8777480264627394,0.0035666695309033015,703249
976,6.0,400000,0.36741700001264915,703870,0.6945125339927689,0.0033701356444054173,703870
977,12.0,400000,0.3667015000126286,704665,0.7370137423651774,0.0033734256843889845,704665
978,9.0,400000,0.36599860001260837,705446,0.8183417531462546,0.003431234750601555,705446
979,10.0,400000,0.36528130001258774,706243,0.8396286946841734,0.0033527008868950224,706243
980,20.0,400000,0.364039300012552,707623,0.9491274111296819,0.0034400822105901856,707623
981,12.0,400000,0.36330220001253083,708442,0.9114043473178505,0.003519285478100683,708442
982,9.0,400000,0.3625957000125105,709227,0.8059616168972793,0.0033690555197272783,709227
983,10.0,400000,0.36186940001248963,710034,0.9348956723934065,0.0034210766386536446,710034
984,10.0,400000,0.3611485000124689,710835,0.8256318759308028,0.003364462430550241,710835
985,11.0,400000,0.3604249000124481,711639,0.7898348065751108,0.003145291003895534,711639
986,6.0,400000,0.3598507000124316,712277,0.6726531430518365,0.0033138478089045137,712277
987,8.0,400000,0.35914420001241126,713062,0.8052919805049896,0.003695967848965851,713062
988,10.0,400000,0.358438600012391,713846,0.8465838102737859,0.0034909142445661815,713846
989,9.0,400000,0.3577195000123703,714645,0.786957212193439,0.003274265445636391,714645
990,6.0,400000,0.3571624000123543,715264,0.7303351137143153,0.003062575415265972,715264
991,12.0,400000,0.35645950001233406,716045,0.989824179421619,0.0034108743623895367,716045
992,5.0,400000,0.35610760001232394,716436,0.8878758850000094,0.0033416530258668932,716436
993,8.0,400000,0.35541280001230396,717208,0.8016569870162196,0.003299249610197103,717208
994,11.0,400000,0.3546694000122826,718034,0.8852874411509054,0.003326922817185034,718034
995,12.0,400000,0.3539044000122606,718884,0.8694987563876545,0.0033466682435862503,718884
996,6.0,400000,0.35334010001224436,719511,0.6968416610355392,0.0034193965074724325,719511
997,11.0,400000,0.3526255000122238,720305,0.8987656351488543,0.0032108066787108103,720305
998,12.0,400000,0.35192080001220355,721088,0.9510721917315309,0.0033352928866747064,721088
999,7.0,400000,0.35134750001218706,721725,0.7677108668364011,0.003129283395549063,721725
1000,10.0,400000,0.35061670001216605,722537,0.8888954693277188,0.0031397300580254953,722537
Date/Time End,2019-02-23 15:20:49.603678
